2024-09-23 09:30:34,770 [INFO] Activator:177 - 


2024-09-23 09:30:34,770 [INFO] Activator:178 - !SESSION log4j initialized
2024-09-23 09:30:42,802 [INFO] McuFinderGlobals:39 - Set McuFinder mode to 2 (CubeIDE integrated)
2024-09-23 09:30:47,895 [INFO] ApplicationProperties:181 - Using Application install path: C:\Users\thuyh\STM32CubeIDE_1.7.0\STM32CubeIDE\plugins\com.st.stm32cube.common.mx_6.3.0.202107141111
2024-09-23 09:30:47,911 [INFO] DbMcusXml:74 - Set database path to: C:\Users\thuyh\STM32CubeIDE_1.7.0\STM32CubeIDE\plugins\com.st.stm32cube.common.mx_6.3.0.202107141111\\db\/mcu/
2024-09-23 09:30:47,911 [INFO] DbBoardsPdsc:56 - Set plugin database path to: C:\Users\thuyh\STM32CubeIDE_1.7.0\STM32CubeIDE\plugins\com.st.stm32cube.common.mx_6.3.0.202107141111\\db\/plugins/boardmanager/
2024-09-23 09:30:47,911 [INFO] DbMcus:258 - Set plugin images path to: C:\Users\thuyh\STM32CubeIDE_1.7.0\STM32CubeIDE\plugins\com.st.stm32cube.common.mx_6.3.0.202107141111\\db\/plugins/mcufinder/images/
2024-09-23 09:30:47,911 [INFO] DbBoards:264 - Set plugin images path to: C:\Users\thuyh\STM32CubeIDE_1.7.0\STM32CubeIDE\plugins\com.st.stm32cube.common.mx_6.3.0.202107141111\\db\/plugins/mcufinder/images/
2024-09-23 09:30:47,926 [INFO] DbExamples:333 - Set plugin images path to: C:\Users\thuyh\STM32CubeIDE_1.7.0\STM32CubeIDE\plugins\com.st.stm32cube.common.mx_6.3.0.202107141111\\db\/plugins/mcufinder/images/
2024-09-23 09:30:47,926 [INFO] DbMcusAds:119 - Set database path to: C:\Users\thuyh\.stmcufinder\plugins\mcufinder//mcu/
2024-09-23 09:30:47,942 [INFO] DbMcusDocs:110 - Set database path to: C:\Users\thuyh\.stmcufinder\plugins\mcufinder//mcu/
2024-09-23 09:30:47,942 [INFO] DbMcusJson:64 - Set database path to: C:\Users\thuyh\.stmcufinder\plugins\mcufinder//mcu/
2024-09-23 09:30:47,942 [INFO] DbBoardsDocs:110 - Set database path to: C:\Users\thuyh\.stmcufinder\plugins\mcufinder//mcu/
2024-09-23 09:30:47,942 [INFO] DbBoardsJson:57 - Set database path to: C:\Users\thuyh\.stmcufinder\plugins\mcufinder//mcu/
2024-09-23 09:30:47,942 [INFO] CrossReferenceDbSqlite:196 - Set database path to: C:\Users\thuyh\.stmcufinder\plugins\mcufinder//mcu/cs/
2024-09-23 09:30:47,942 [INFO] DbExamplesSqlite:767 - Set database path to: C:\Users\thuyh\.stmcufinder\plugins\mcufinder//mcu/
2024-09-23 09:30:48,082 [INFO] RulesReader:57 - Compatibility file has been processed (242 Rules)
2024-09-23 09:30:48,207 [INFO] DbMcusXml:74 - Set database path to: C:\Users\thuyh\STM32CubeIDE_1.7.0\STM32CubeIDE\plugins\com.st.stm32cube.common.mx_6.3.0.202107141111\\db\/mcu/
2024-09-23 09:30:48,207 [INFO] DbBoardsPdsc:56 - Set plugin database path to: C:\Users\thuyh\STM32CubeIDE_1.7.0\STM32CubeIDE\plugins\com.st.stm32cube.common.mx_6.3.0.202107141111\\db\/plugins/boardmanager/
2024-09-23 09:30:48,207 [INFO] DbMcus:258 - Set plugin images path to: C:\Users\thuyh\STM32CubeIDE_1.7.0\STM32CubeIDE\plugins\com.st.stm32cube.common.mx_6.3.0.202107141111\\db\/plugins/mcufinder/images/
2024-09-23 09:30:48,207 [INFO] DbBoards:264 - Set plugin images path to: C:\Users\thuyh\STM32CubeIDE_1.7.0\STM32CubeIDE\plugins\com.st.stm32cube.common.mx_6.3.0.202107141111\\db\/plugins/mcufinder/images/
2024-09-23 09:30:48,207 [INFO] DbExamples:333 - Set plugin images path to: C:\Users\thuyh\STM32CubeIDE_1.7.0\STM32CubeIDE\plugins\com.st.stm32cube.common.mx_6.3.0.202107141111\\db\/plugins/mcufinder/images/
2024-09-23 09:30:48,207 [WARN] DbFile:35 - Overriding database path with different value: C:\Users\thuyh\.stmcufinder\plugins\mcufinder/ => C:\Users\thuyh\.stmcufinder\plugins\mcufinder
2024-09-23 09:30:48,207 [INFO] DbMcusAds:119 - Set database path to: C:\Users\thuyh\.stmcufinder\plugins\mcufinder//mcu/
2024-09-23 09:30:48,223 [WARN] DbFile:35 - Overriding database path with different value: C:\Users\thuyh\.stmcufinder\plugins\mcufinder/ => C:\Users\thuyh\.stmcufinder\plugins\mcufinder
2024-09-23 09:30:48,223 [INFO] DbMcusDocs:110 - Set database path to: C:\Users\thuyh\.stmcufinder\plugins\mcufinder//mcu/
2024-09-23 09:30:48,223 [WARN] DbFile:35 - Overriding database path with different value: C:\Users\thuyh\.stmcufinder\plugins\mcufinder/ => C:\Users\thuyh\.stmcufinder\plugins\mcufinder
2024-09-23 09:30:48,223 [INFO] DbMcusJson:64 - Set database path to: C:\Users\thuyh\.stmcufinder\plugins\mcufinder//mcu/
2024-09-23 09:30:48,223 [WARN] DbFile:35 - Overriding database path with different value: C:\Users\thuyh\.stmcufinder\plugins\mcufinder/ => C:\Users\thuyh\.stmcufinder\plugins\mcufinder
2024-09-23 09:30:48,223 [INFO] DbBoardsDocs:110 - Set database path to: C:\Users\thuyh\.stmcufinder\plugins\mcufinder//mcu/
2024-09-23 09:30:48,223 [WARN] DbFile:35 - Overriding database path with different value: C:\Users\thuyh\.stmcufinder\plugins\mcufinder/ => C:\Users\thuyh\.stmcufinder\plugins\mcufinder
2024-09-23 09:30:48,223 [INFO] DbBoardsJson:57 - Set database path to: C:\Users\thuyh\.stmcufinder\plugins\mcufinder//mcu/
2024-09-23 09:30:48,223 [WARN] DbFile:35 - Overriding database path with different value: C:\Users\thuyh\.stmcufinder\plugins\mcufinder/ => C:\Users\thuyh\.stmcufinder\plugins\mcufinder
2024-09-23 09:30:48,223 [WARN] DbFile:35 - Overriding database path with different value: C:\Users\thuyh\.stmcufinder\plugins\mcufinder/ => C:\Users\thuyh\.stmcufinder\plugins\mcufinder
2024-09-23 09:30:48,223 [INFO] CrossReferenceDbSqlite:196 - Set database path to: C:\Users\thuyh\.stmcufinder\plugins\mcufinder//mcu/cs/
2024-09-23 09:30:48,223 [WARN] DbFile:35 - Overriding database path with different value: C:\Users\thuyh\.stmcufinder\plugins\mcufinder/ => C:\Users\thuyh\.stmcufinder\plugins\mcufinder
2024-09-23 09:30:48,223 [INFO] DbExamplesSqlite:767 - Set database path to: C:\Users\thuyh\.stmcufinder\plugins\mcufinder//mcu/
2024-09-23 09:30:48,332 [INFO] MainPanel:214 - HeapMemory: 268435456
2024-09-23 09:30:48,457 [INFO] DbMcusXml:74 - Set database path to: C:\Users\thuyh\STM32CubeIDE_1.7.0\STM32CubeIDE\plugins\com.st.stm32cube.common.mx_6.3.0.202107141111\\db\/mcu/
2024-09-23 09:30:48,457 [INFO] DbBoardsPdsc:56 - Set plugin database path to: C:\Users\thuyh\STM32CubeIDE_1.7.0\STM32CubeIDE\plugins\com.st.stm32cube.common.mx_6.3.0.202107141111\\db\/plugins/boardmanager/
2024-09-23 09:30:48,457 [INFO] DbMcus:258 - Set plugin images path to: C:\Users\thuyh\STM32CubeIDE_1.7.0\STM32CubeIDE\plugins\com.st.stm32cube.common.mx_6.3.0.202107141111\\db\/plugins/mcufinder/images/
2024-09-23 09:30:48,457 [INFO] DbBoards:264 - Set plugin images path to: C:\Users\thuyh\STM32CubeIDE_1.7.0\STM32CubeIDE\plugins\com.st.stm32cube.common.mx_6.3.0.202107141111\\db\/plugins/mcufinder/images/
2024-09-23 09:30:48,457 [INFO] DbExamples:333 - Set plugin images path to: C:\Users\thuyh\STM32CubeIDE_1.7.0\STM32CubeIDE\plugins\com.st.stm32cube.common.mx_6.3.0.202107141111\\db\/plugins/mcufinder/images/
2024-09-23 09:30:48,473 [WARN] DbFile:35 - Overriding database path with different value: C:\Users\thuyh\.stmcufinder\plugins\mcufinder/ => C:\Users\thuyh\.stmcufinder\plugins\mcufinder
2024-09-23 09:30:48,473 [INFO] DbMcusAds:119 - Set database path to: C:\Users\thuyh\.stmcufinder\plugins\mcufinder//mcu/
2024-09-23 09:30:48,473 [WARN] DbFile:35 - Overriding database path with different value: C:\Users\thuyh\.stmcufinder\plugins\mcufinder/ => C:\Users\thuyh\.stmcufinder\plugins\mcufinder
2024-09-23 09:30:48,473 [INFO] DbMcusDocs:110 - Set database path to: C:\Users\thuyh\.stmcufinder\plugins\mcufinder//mcu/
2024-09-23 09:30:48,473 [WARN] DbFile:35 - Overriding database path with different value: C:\Users\thuyh\.stmcufinder\plugins\mcufinder/ => C:\Users\thuyh\.stmcufinder\plugins\mcufinder
2024-09-23 09:30:48,473 [INFO] DbMcusJson:64 - Set database path to: C:\Users\thuyh\.stmcufinder\plugins\mcufinder//mcu/
2024-09-23 09:30:48,473 [WARN] DbFile:35 - Overriding database path with different value: C:\Users\thuyh\.stmcufinder\plugins\mcufinder/ => C:\Users\thuyh\.stmcufinder\plugins\mcufinder
2024-09-23 09:30:48,473 [INFO] DbBoardsDocs:110 - Set database path to: C:\Users\thuyh\.stmcufinder\plugins\mcufinder//mcu/
2024-09-23 09:30:48,473 [WARN] DbFile:35 - Overriding database path with different value: C:\Users\thuyh\.stmcufinder\plugins\mcufinder/ => C:\Users\thuyh\.stmcufinder\plugins\mcufinder
2024-09-23 09:30:48,473 [INFO] DbBoardsJson:57 - Set database path to: C:\Users\thuyh\.stmcufinder\plugins\mcufinder//mcu/
2024-09-23 09:30:48,473 [WARN] DbFile:35 - Overriding database path with different value: C:\Users\thuyh\.stmcufinder\plugins\mcufinder/ => C:\Users\thuyh\.stmcufinder\plugins\mcufinder
2024-09-23 09:30:48,473 [WARN] DbFile:35 - Overriding database path with different value: C:\Users\thuyh\.stmcufinder\plugins\mcufinder/ => C:\Users\thuyh\.stmcufinder\plugins\mcufinder
2024-09-23 09:30:48,473 [INFO] CrossReferenceDbSqlite:196 - Set database path to: C:\Users\thuyh\.stmcufinder\plugins\mcufinder//mcu/cs/
2024-09-23 09:30:48,473 [WARN] DbFile:35 - Overriding database path with different value: C:\Users\thuyh\.stmcufinder\plugins\mcufinder/ => C:\Users\thuyh\.stmcufinder\plugins\mcufinder
2024-09-23 09:30:48,473 [INFO] DbExamplesSqlite:767 - Set database path to: C:\Users\thuyh\.stmcufinder\plugins\mcufinder//mcu/
2024-09-23 09:30:48,504 [INFO] ApplicationProperties:181 - Using Application install path: C:\Users\thuyh\STM32CubeIDE_1.7.0\STM32CubeIDE\plugins\com.st.stm32cube.common.mx_6.3.0.202107141111
2024-09-23 09:30:48,504 [INFO] PluginManage:188 - Search for loadable plugins [exclusion list=, ]
2024-09-23 09:30:48,504 [INFO] PluginManage:302 - Check plugin analytics
2024-09-23 09:30:48,723 [INFO] AnalyticsPlugin:257 - Accepted Software Licenses: 
2024-09-23 09:30:48,723 [INFO] AnalyticsPlugin:259 - Accepted CMSIS Pack Licenses: 
2024-09-23 09:30:48,723 [INFO] AnalyticsPlugin:261 - Accepted Firmware Licenses: 
2024-09-23 09:30:48,739 [INFO] PluginManage:352 - Loaded plugin analytics (category:tool,tabindex:-1)
2024-09-23 09:30:48,739 [INFO] PluginManage:302 - Check plugin clock
2024-09-23 09:30:48,754 [INFO] PluginManage:352 - Loaded plugin clock (category:base,tabindex:2)
2024-09-23 09:30:48,754 [INFO] PluginManage:302 - Check plugin ddr
2024-09-23 09:30:48,754 [INFO] PluginManage:352 - Loaded plugin ddr (category:tool,tabindex:6)
2024-09-23 09:30:48,754 [INFO] PluginManage:302 - Check plugin filemanager
2024-09-23 09:30:48,988 [INFO] PluginManage:352 - Loaded plugin filemanager (category:base,tabindex:10)
2024-09-23 09:30:48,988 [INFO] PluginManage:302 - Check plugin ipmanager
2024-09-23 09:30:49,004 [INFO] PluginManage:352 - Loaded plugin ipmanager (category:base,tabindex:5)
2024-09-23 09:30:49,004 [INFO] PluginManage:302 - Check plugin pinoutandconfiguration
2024-09-23 09:30:49,020 [INFO] PluginManage:352 - Loaded plugin pinoutandconfiguration (category:base,tabindex:1)
2024-09-23 09:30:49,020 [INFO] PluginManage:302 - Check plugin pinoutconfig
2024-09-23 09:30:49,067 [INFO] PluginManage:352 - Loaded plugin pinoutconfig (category:base,tabindex:0)
2024-09-23 09:30:49,067 [INFO] PluginManage:302 - Check plugin power
2024-09-23 09:30:49,098 [INFO] PluginManage:352 - Loaded plugin power (category:power,tabindex:4)
2024-09-23 09:30:49,098 [INFO] PluginManage:302 - Check plugin projectmanager
2024-09-23 09:30:49,129 [INFO] PluginManage:352 - Loaded plugin projectmanager (category:projectmanager,tabindex:3)
2024-09-23 09:30:49,129 [INFO] PluginManage:302 - Check plugin thirdparty
2024-09-23 09:30:49,441 [WARN] IntegrityCheckThread:78 - waiting for thirdparty lock release [integrity check]
2024-09-23 09:30:49,441 [INFO] IntegrityCheckThread:80 - entering critical section [integrity check]
2024-09-23 09:30:49,441 [INFO] PluginManage:352 - Loaded plugin thirdparty (category:base,tabindex:-1)
2024-09-23 09:30:49,441 [INFO] ThirdPartyUpdaterWithRetryManager:66 - Updater plugin not ready yet. [1/15]
2024-09-23 09:30:49,441 [INFO] PluginManage:302 - Check plugin tools
2024-09-23 09:30:49,535 [INFO] PluginManage:352 - Loaded plugin tools (category:base,tabindex:7)
2024-09-23 09:30:49,535 [INFO] PluginManage:302 - Check plugin tutovideos
2024-09-23 09:30:49,816 [INFO] PluginManage:352 - Loaded plugin tutovideos (category:base,tabindex:-1)
2024-09-23 09:30:49,816 [INFO] PluginManage:302 - Check plugin updater
2024-09-23 09:30:49,832 [INFO] PluginManage:352 - Loaded plugin updater (category:base,tabindex:12)
2024-09-23 09:30:49,832 [INFO] PluginManage:275 - PluginManage : Loaded plugins [13]
2024-09-23 09:30:50,082 [INFO] PinOutPanel:1463 - setPackage(No Configuration,No Configuration)
2024-09-23 09:30:50,223 [INFO] IPUIPlugin:74 - create IPUIPlugin
2024-09-23 09:30:50,223 [INFO] PluginManager:213 - loadIPPluginJar : add adc
2024-09-23 09:30:50,285 [INFO] IPUIPlugin:74 - create IPUIPlugin
2024-09-23 09:30:50,285 [INFO] PluginManager:213 - loadIPPluginJar : add aes
2024-09-23 09:30:50,364 [INFO] IPUIPlugin:74 - create IPUIPlugin
2024-09-23 09:30:50,364 [INFO] PluginManager:213 - loadIPPluginJar : add can
2024-09-23 09:30:50,426 [INFO] IPUIPlugin:74 - create IPUIPlugin
2024-09-23 09:30:50,426 [INFO] PluginManager:213 - loadIPPluginJar : add comp
2024-09-23 09:30:50,488 [INFO] IPUIPlugin:74 - create IPUIPlugin
2024-09-23 09:30:50,488 [INFO] PluginManager:213 - loadIPPluginJar : add cryp
2024-09-23 09:30:50,567 [INFO] IPUIPlugin:74 - create IPUIPlugin
2024-09-23 09:30:50,567 [INFO] PluginManager:213 - loadIPPluginJar : add dfsdm
2024-09-23 09:30:50,582 [INFO] IPUIPlugin:74 - create IPUIPlugin
2024-09-23 09:30:50,598 [INFO] PluginManager:213 - loadIPPluginJar : add dma
2024-09-23 09:30:50,676 [INFO] IPUIPlugin:74 - create IPUIPlugin
2024-09-23 09:30:50,676 [INFO] PluginManager:213 - loadIPPluginJar : add dma3
2024-09-23 09:30:50,723 [INFO] IPUIPlugin:74 - create IPUIPlugin
2024-09-23 09:30:50,723 [INFO] PluginManager:213 - loadIPPluginJar : add fatfs
2024-09-23 09:30:50,817 [INFO] IPUIPlugin:74 - create IPUIPlugin
2024-09-23 09:30:50,817 [INFO] PluginManager:213 - loadIPPluginJar : add fmc
2024-09-23 09:30:50,832 [INFO] IPUIPlugin:74 - create IPUIPlugin
2024-09-23 09:30:50,832 [INFO] PluginManager:213 - loadIPPluginJar : add freertos
2024-09-23 09:30:50,879 [INFO] IPUIPlugin:74 - create IPUIPlugin
2024-09-23 09:30:50,879 [INFO] PluginManager:213 - loadIPPluginJar : add genericplugin
2024-09-23 09:30:51,020 [INFO] IPUIPlugin:74 - create IPUIPlugin
2024-09-23 09:30:51,020 [INFO] PluginManager:213 - loadIPPluginJar : add gfxmmu
2024-09-23 09:30:51,223 [INFO] IPUIPlugin:74 - create IPUIPlugin
2024-09-23 09:30:51,223 [INFO] PluginManager:213 - loadIPPluginJar : add gic
2024-09-23 09:30:51,239 [INFO] IPUIPlugin:74 - create IPUIPlugin
2024-09-23 09:30:51,239 [INFO] PluginManager:213 - loadIPPluginJar : add gpio
2024-09-23 09:30:51,364 [INFO] IPUIPlugin:74 - create IPUIPlugin
2024-09-23 09:30:51,364 [INFO] PluginManager:213 - loadIPPluginJar : add gtzc
2024-09-23 09:30:51,427 [INFO] IPUIPlugin:74 - create IPUIPlugin
2024-09-23 09:30:51,427 [INFO] PluginManager:213 - loadIPPluginJar : add hash
2024-09-23 09:30:51,536 [INFO] IPUIPlugin:74 - create IPUIPlugin
2024-09-23 09:30:51,536 [INFO] PluginManager:213 - loadIPPluginJar : add i2c
2024-09-23 09:30:51,630 [INFO] IPUIPlugin:74 - create IPUIPlugin
2024-09-23 09:30:51,630 [INFO] PluginManager:213 - loadIPPluginJar : add i2s
2024-09-23 09:30:51,645 [INFO] IPUIPlugin:74 - create IPUIPlugin
2024-09-23 09:30:51,645 [INFO] PluginManager:213 - loadIPPluginJar : add ipddr
2024-09-23 09:30:51,817 [INFO] IPUIPlugin:74 - create IPUIPlugin
2024-09-23 09:30:51,817 [INFO] PluginManager:213 - loadIPPluginJar : add linkedlist
2024-09-23 09:30:51,895 [INFO] IPUIPlugin:74 - create IPUIPlugin
2024-09-23 09:30:51,895 [INFO] PluginManager:213 - loadIPPluginJar : add lorawan
2024-09-23 09:30:52,005 [INFO] IPUIPlugin:74 - create IPUIPlugin
2024-09-23 09:30:52,005 [INFO] PluginManager:213 - loadIPPluginJar : add ltdc
2024-09-23 09:30:52,020 [INFO] IPUIPlugin:74 - create IPUIPlugin
2024-09-23 09:30:52,020 [INFO] PluginManager:213 - loadIPPluginJar : add mdma
2024-09-23 09:30:52,036 [INFO] IPUIPlugin:74 - create IPUIPlugin
2024-09-23 09:30:52,036 [INFO] PluginManager:213 - loadIPPluginJar : add nvic
2024-09-23 09:30:52,114 [INFO] IPUIPlugin:74 - create IPUIPlugin
2024-09-23 09:30:52,114 [INFO] PluginManager:213 - loadIPPluginJar : add opamp
2024-09-23 09:30:52,239 [INFO] IPUIPlugin:74 - create IPUIPlugin
2024-09-23 09:30:52,239 [INFO] PluginManager:213 - loadIPPluginJar : add openamp
2024-09-23 09:30:52,317 [INFO] IPUIPlugin:74 - create IPUIPlugin
2024-09-23 09:30:52,317 [INFO] PluginManager:213 - loadIPPluginJar : add pdm2pcm
2024-09-23 09:30:52,348 [INFO] IPUIPlugin:74 - create IPUIPlugin
2024-09-23 09:30:52,348 [INFO] PluginManager:213 - loadIPPluginJar : add plateformsettings
2024-09-23 09:30:52,411 [INFO] IPUIPlugin:74 - create IPUIPlugin
2024-09-23 09:30:52,411 [INFO] PluginManager:213 - loadIPPluginJar : add quadspi
2024-09-23 09:30:52,458 [INFO] ThirdPartyUpdaterWithRetryManager:66 - Updater plugin not ready yet. [2/15]
2024-09-23 09:30:52,458 [INFO] IPUIPlugin:74 - create IPUIPlugin
2024-09-23 09:30:52,458 [INFO] PluginManager:213 - loadIPPluginJar : add resmgrutility
2024-09-23 09:30:52,645 [INFO] IPUIPlugin:74 - create IPUIPlugin
2024-09-23 09:30:52,645 [INFO] PluginManager:213 - loadIPPluginJar : add sai
2024-09-23 09:30:52,708 [INFO] IPUIPlugin:74 - create IPUIPlugin
2024-09-23 09:30:52,708 [INFO] PluginManager:213 - loadIPPluginJar : add spi
2024-09-23 09:30:52,817 [INFO] IPUIPlugin:74 - create IPUIPlugin
2024-09-23 09:30:52,817 [INFO] PluginManager:213 - loadIPPluginJar : add stm32_wpan
2024-09-23 09:30:52,864 [INFO] IPUIPlugin:74 - create IPUIPlugin
2024-09-23 09:30:52,864 [INFO] PluginManager:213 - loadIPPluginJar : add tim
2024-09-23 09:30:52,973 [INFO] IPUIPlugin:74 - create IPUIPlugin
2024-09-23 09:30:52,973 [INFO] PluginManager:213 - loadIPPluginJar : add touchsensing
2024-09-23 09:30:53,020 [INFO] IPUIPlugin:74 - create IPUIPlugin
2024-09-23 09:30:53,020 [INFO] PluginManager:213 - loadIPPluginJar : add tracer_emb
2024-09-23 09:30:53,082 [INFO] IPUIPlugin:74 - create IPUIPlugin
2024-09-23 09:30:53,082 [INFO] PluginManager:213 - loadIPPluginJar : add ts
2024-09-23 09:30:53,129 [INFO] IPUIPlugin:74 - create IPUIPlugin
2024-09-23 09:30:53,129 [INFO] PluginManager:213 - loadIPPluginJar : add tsc
2024-09-23 09:30:53,192 [INFO] IPUIPlugin:74 - create IPUIPlugin
2024-09-23 09:30:53,192 [INFO] PluginManager:213 - loadIPPluginJar : add ucpd
2024-09-23 09:30:53,270 [INFO] IPUIPlugin:74 - create IPUIPlugin
2024-09-23 09:30:53,270 [INFO] PluginManager:213 - loadIPPluginJar : add usart
2024-09-23 09:30:53,348 [INFO] IPUIPlugin:74 - create IPUIPlugin
2024-09-23 09:30:53,348 [INFO] PluginManager:213 - loadIPPluginJar : add usbx
2024-09-23 09:30:53,779 [FATAL] Updater:294 - Updater called before beeing initialized
2024-09-23 09:30:53,904 [FATAL] Updater:294 - Updater called before beeing initialized
2024-09-23 09:30:53,904 [INFO] DbMcusAds:47 - JSON generation date=Mon Sep 16 21:40:22 ICT 2024 (1726497622318)
2024-09-23 09:30:53,904 [FATAL] Updater:294 - Updater called before beeing initialized
2024-09-23 09:30:53,998 [WARN] DetailPanel:314 - Failed to get advertising image, set to default
2024-09-23 09:30:54,107 [FATAL] Updater:294 - Updater called before beeing initialized
2024-09-23 09:30:54,107 [FATAL] Updater:294 - Updater called before beeing initialized
2024-09-23 09:30:54,107 [FATAL] Updater:294 - Updater called before beeing initialized
2024-09-23 09:30:54,107 [WARN] DetailPanel:314 - Failed to get advertising image, set to default
2024-09-23 09:30:54,107 [FATAL] Updater:294 - Updater called before beeing initialized
2024-09-23 09:30:54,170 [ERROR] Updater:1075 - MainUpdater not yet initialized. External WinMGr cannot be set.
2024-09-23 09:30:54,186 [INFO] Updater:1012 - Updater Version found : 6.3.0
2024-09-23 09:30:54,201 [INFO] ApplicationProperties:181 - Using Application install path: C:\Users\thuyh\STM32CubeIDE_1.7.0\STM32CubeIDE\plugins\com.st.stm32cube.common.mx_6.3.0.202107141111
2024-09-23 09:30:54,654 [INFO] MainUpdater:2671 - connection check result : 10
2024-09-23 09:30:54,654 [INFO] MainUpdater:265 - Updater Check For Update Now.
2024-09-23 09:30:54,654 [INFO] MicroXplorer:478 - Change Database Version : DB.6.0.30
2024-09-23 09:30:54,873 [INFO] CheckServerUpdateThread:112 - End of CheckServer Thread
2024-09-23 09:30:54,920 [INFO] MainUpdater:2671 - connection check result : 10
2024-09-23 09:30:54,951 [INFO] McuFinderGlobals:52 - Set McuFinderConnectedMode to true
2024-09-23 09:30:55,435 [INFO] ServerAccessManage:362 - Download File mcusAds.json._tmp_
2024-09-23 09:30:55,467 [WARN] MainUpdater:1122 - Updater busy. Cannot search thirdparties
2024-09-23 09:30:55,467 [INFO] ThirdPartyUpdaterWithRetryManager:92 - Updater plugin is busy. [1/15]
2024-09-23 09:30:55,545 [INFO] LoadUrlFilesThread:145 - End of LoadUrlFiles Thread
2024-09-23 09:30:56,451 [INFO] ServerAccessManage:362 - Download File mcusDocs.json._tmp_
2024-09-23 09:30:57,659 [INFO] LoadUrlFilesThread:145 - End of LoadUrlFiles Thread
2024-09-23 09:30:57,971 [INFO] ServerAccessManage:362 - Download File mcusFeaturesAndDescription.json._tmp_
2024-09-23 09:30:58,471 [WARN] MainUpdater:1122 - Updater busy. Cannot search thirdparties
2024-09-23 09:30:58,471 [INFO] ThirdPartyUpdaterWithRetryManager:92 - Updater plugin is busy. [2/15]
2024-09-23 09:31:01,486 [WARN] MainUpdater:1122 - Updater busy. Cannot search thirdparties
2024-09-23 09:31:01,486 [INFO] ThirdPartyUpdaterWithRetryManager:92 - Updater plugin is busy. [3/15]
2024-09-23 09:31:04,492 [WARN] MainUpdater:1122 - Updater busy. Cannot search thirdparties
2024-09-23 09:31:04,492 [INFO] ThirdPartyUpdaterWithRetryManager:92 - Updater plugin is busy. [4/15]
2024-09-23 09:31:07,506 [WARN] MainUpdater:1122 - Updater busy. Cannot search thirdparties
2024-09-23 09:31:07,506 [INFO] ThirdPartyUpdaterWithRetryManager:92 - Updater plugin is busy. [5/15]
2024-09-23 09:31:10,521 [WARN] MainUpdater:1122 - Updater busy. Cannot search thirdparties
2024-09-23 09:31:10,521 [INFO] ThirdPartyUpdaterWithRetryManager:92 - Updater plugin is busy. [6/15]
2024-09-23 09:31:13,537 [WARN] MainUpdater:1122 - Updater busy. Cannot search thirdparties
2024-09-23 09:31:13,537 [INFO] ThirdPartyUpdaterWithRetryManager:92 - Updater plugin is busy. [7/15]
2024-09-23 09:31:16,551 [WARN] MainUpdater:1122 - Updater busy. Cannot search thirdparties
2024-09-23 09:31:16,551 [INFO] ThirdPartyUpdaterWithRetryManager:92 - Updater plugin is busy. [8/15]
2024-09-23 09:31:16,817 [INFO] LoadUrlFilesThread:145 - End of LoadUrlFiles Thread
2024-09-23 09:31:17,099 [INFO] ServerAccessManage:362 - Download File boardsDocs.json._tmp_
2024-09-23 09:31:17,396 [INFO] LoadUrlFilesThread:145 - End of LoadUrlFiles Thread
2024-09-23 09:31:17,677 [INFO] ServerAccessManage:362 - Download File boards.json._tmp_
2024-09-23 09:31:18,661 [INFO] LoadUrlFilesThread:145 - End of LoadUrlFiles Thread
2024-09-23 09:31:18,989 [INFO] ServerAccessManage:362 - Download File cube-finder-db.zip
2024-09-23 09:31:19,567 [WARN] MainUpdater:1122 - Updater busy. Cannot search thirdparties
2024-09-23 09:31:19,567 [INFO] ThirdPartyUpdaterWithRetryManager:92 - Updater plugin is busy. [9/15]
2024-09-23 09:31:22,582 [WARN] MainUpdater:1122 - Updater busy. Cannot search thirdparties
2024-09-23 09:31:22,582 [INFO] ThirdPartyUpdaterWithRetryManager:92 - Updater plugin is busy. [10/15]
2024-09-23 09:31:25,598 [WARN] MainUpdater:1122 - Updater busy. Cannot search thirdparties
2024-09-23 09:31:25,598 [INFO] ThirdPartyUpdaterWithRetryManager:92 - Updater plugin is busy. [11/15]
2024-09-23 09:31:28,598 [WARN] MainUpdater:1122 - Updater busy. Cannot search thirdparties
2024-09-23 09:31:28,598 [INFO] ThirdPartyUpdaterWithRetryManager:92 - Updater plugin is busy. [12/15]
2024-09-23 09:31:31,613 [WARN] MainUpdater:1122 - Updater busy. Cannot search thirdparties
2024-09-23 09:31:31,613 [INFO] ThirdPartyUpdaterWithRetryManager:92 - Updater plugin is busy. [13/15]
2024-09-23 09:31:34,615 [WARN] MainUpdater:1122 - Updater busy. Cannot search thirdparties
2024-09-23 09:31:34,615 [INFO] ThirdPartyUpdaterWithRetryManager:92 - Updater plugin is busy. [14/15]
2024-09-23 09:31:37,630 [WARN] MainUpdater:1122 - Updater busy. Cannot search thirdparties
2024-09-23 09:31:37,630 [INFO] ThirdPartyUpdaterWithRetryManager:92 - Updater plugin is busy. [15/15]
2024-09-23 09:31:37,630 [ERROR] IntegrityCheckThread:124 - Cannot retrieve database content from updater: error -1
2024-09-23 09:31:37,630 [INFO] ThirdParty:915 - Integrity check success = false
2024-09-23 09:31:37,630 [INFO] IntegrityCheckThread:94 - exiting critical section [integrity check]
2024-09-23 09:31:37,630 [INFO] IntegrityCheckThread:97 - End integrity checks thread
2024-09-23 09:32:02,735 [INFO] FileExtend:235 - Unzip File : cube-finder-db.zip
2024-09-23 09:32:02,750 [INFO] FileExtend:250 - Standard Zip Deflate
2024-09-23 09:32:04,453 [INFO] LoadUrlFilesThread:145 - End of LoadUrlFiles Thread
2024-09-23 09:32:06,452 [INFO] ServerAccessManage:362 - Download File crdb.zip
2024-09-23 09:32:07,874 [INFO] FileExtend:235 - Unzip File : crdb.zip
2024-09-23 09:32:07,874 [INFO] FileExtend:250 - Standard Zip Deflate
2024-09-23 09:32:08,046 [INFO] LoadUrlFilesThread:145 - End of LoadUrlFiles Thread
2024-09-23 09:32:08,358 [INFO] ServerAccessManage:362 - Download File tutoVideoDB.zip
2024-09-23 09:32:08,686 [INFO] FileExtend:235 - Unzip File : tutoVideoDB.zip
2024-09-23 09:32:08,686 [INFO] FileExtend:250 - Standard Zip Deflate
2024-09-23 09:32:08,827 [INFO] LoadUrlFilesThread:145 - End of LoadUrlFiles Thread
2024-09-23 09:32:08,827 [INFO] DbMcusAds:47 - JSON generation date=Fri Sep 20 20:04:23 ICT 2024 (1726837463113)
2024-09-23 09:32:08,858 [INFO] DbMcusDocs:143 - JSON generation date=Tue Nov 16 23:17:54 ICT 2021 (1637079474)
2024-09-23 09:32:08,858 [INFO] DbMcusXml:100 - Load MCU database from C:\Users\thuyh\STM32CubeIDE_1.7.0\STM32CubeIDE\plugins\com.st.stm32cube.common.mx_6.3.0.202107141111\\db\/mcu/families.xml
2024-09-23 09:32:10,748 [INFO] DbMcusJson:93 - JSON generation date=Tue Nov 16 23:17:54 ICT 2021 (1637079474)
2024-09-23 09:32:12,295 [INFO] DbMcus:175 - Found 1951 MCUs (1903 are supported by CubeMX, 1914 are visible in CubeMX)
2024-09-23 09:32:12,295 [INFO] ApiDb:251 - Load user favorites file C:\Users\thuyh/.stm32cubeide/favorites.mcus.txt: 0 item(s)
2024-09-23 09:32:12,295 [INFO] ApiDb:255 - User favorites MCUs=[]
2024-09-23 09:32:12,295 [INFO] DbMcus:187 - Set 0 / 0 favorites MCUs
2024-09-23 09:32:12,732 [INFO] DbMcusDocs:79 - Found 682 MCUs documents
2024-09-23 09:32:12,732 [INFO] ApiDb:276 - Save user favorites file C:\Users\thuyh/.stm32cubeide/favorites.mcus.txt: 0 item(s)
2024-09-23 09:32:12,732 [INFO] ApiDb:280 - User favorites MCUs=[]
2024-09-23 09:32:12,732 [INFO] DbMcusXml:100 - Load MCU database from C:\Users\thuyh\STM32CubeIDE_1.7.0\STM32CubeIDE\plugins\com.st.stm32cube.common.mx_6.3.0.202107141111\\db\/mcu/families.xml
2024-09-23 09:32:13,904 [INFO] DbMcusJson:93 - JSON generation date=Tue Nov 16 23:17:54 ICT 2021 (1637079474)
2024-09-23 09:32:14,888 [INFO] DbMcus:175 - Found 1951 MCUs (1903 are supported by CubeMX, 1914 are visible in CubeMX)
2024-09-23 09:32:14,888 [INFO] ApiDb:251 - Load user favorites file C:\Users\thuyh/.stm32cubeide/favorites.mcus.txt: 0 item(s)
2024-09-23 09:32:14,888 [INFO] ApiDb:255 - User favorites MCUs=[]
2024-09-23 09:32:14,888 [INFO] DbMcus:187 - Set 0 / 0 favorites MCUs
2024-09-23 09:32:14,888 [INFO] DbBoardsDocs:143 - JSON generation date=Tue Nov 16 23:17:54 ICT 2021 (1637079474)
2024-09-23 09:32:14,920 [INFO] DbBoardsPdsc:90 - Found 25 items
2024-09-23 09:32:14,935 [INFO] DbBoardsPdsc:90 - Found 9 items
2024-09-23 09:32:14,951 [INFO] DbBoardsPdsc:90 - Found 33 items
2024-09-23 09:32:14,966 [INFO] DbBoardsPdsc:90 - Found 1 items
2024-09-23 09:32:14,982 [INFO] DbBoardsPdsc:90 - Found 48 items
2024-09-23 09:32:15,013 [INFO] DbBoardsPdsc:90 - Found 43 items
2024-09-23 09:32:15,029 [INFO] DbBoardsPdsc:90 - Found 2 items
2024-09-23 09:32:15,045 [INFO] DbBoardsPdsc:90 - Found 5 items
2024-09-23 09:32:15,045 [WARN] DbBoardsPdsc:254 - Board STM32H7B3I-DK: unknown feature type=Audio, name=, username=Audio stereo codec with Headphone Amp (CS42L51-CNZ), n=1
2024-09-23 09:32:15,045 [WARN] DbBoardsPdsc:254 - Board STM32H735G-DK: unknown feature type=Audio, name=, username=Audio stereo codec with Headphone Amp (WM8994ECS/R), n=1
2024-09-23 09:32:15,045 [WARN] DbBoardsPdsc:254 - Board STM32H7B3I-EVAL: unknown feature type=Audio, name=, username=Multi-Channel Audio Codec (CS42L51-CNZ), n=1
2024-09-23 09:32:15,045 [WARN] DbBoardsPdsc:254 - Board STM32H7B3I-EVAL: unknown feature type=Meter, name=, username=Power-metering and Temperature-monitoring with sigma-delta modulators, n=1
2024-09-23 09:32:15,045 [WARN] DbBoardsPdsc:254 - Board STM32H7B3I-EVAL: unknown feature type=Motor, name=, username=Motor Control, n=1
2024-09-23 09:32:15,045 [WARN] DbBoardsPdsc:254 - Board STM32U575I-EV: unknown feature type=joystick, name=, username=4-direction joystick with selection button, n=1
2024-09-23 09:32:15,107 [INFO] DbBoardsJson:86 - JSON generation date=Tue Nov 16 23:17:54 ICT 2021 (1637079474)
2024-09-23 09:32:15,123 [INFO] DbBoards:117 - Found 167 boards (163 are supported by CubeMX)
2024-09-23 09:32:15,123 [INFO] DbBoardsDocs:143 - JSON generation date=Tue Nov 16 23:17:54 ICT 2021 (1637079474)
2024-09-23 09:32:15,138 [INFO] DbBoardsDocs:79 - Found 209 boards documents
2024-09-23 09:32:15,138 [WARN] DbBoards:127 - board B-L475E-IOT01A2 has no document id list !
2024-09-23 09:32:15,138 [WARN] DbBoards:127 - board NUCLEO-H743ZI has no document id list !
2024-09-23 09:32:15,138 [WARN] DbBoards:127 - board NUCLEO-WL55JC2 has no document id list !
2024-09-23 09:32:15,138 [WARN] DbBoards:127 - board P-NUCLEO-WB55-Nucleo has no document id list !
2024-09-23 09:32:15,138 [WARN] DbBoards:127 - board P-NUCLEO-WB55-USBDongle has no document id list !
2024-09-23 09:32:15,138 [WARN] DbBoards:127 - board STEVAL-BFA001V1B has no document id list !
2024-09-23 09:32:15,138 [WARN] DbBoards:127 - board STEVAL-BFA001V2B has no document id list !
2024-09-23 09:32:15,138 [WARN] DbBoards:127 - board STEVAL-IDP005V1 has no document id list !
2024-09-23 09:32:15,138 [WARN] DbBoards:127 - board STEVAL-IDP005V2 has no document id list !
2024-09-23 09:32:15,138 [WARN] DbBoards:127 - board STEVAL-MKSBOX1V1 has no document id list !
2024-09-23 09:32:15,138 [WARN] DbBoards:127 - board STEVAL-STWINKT1 has no document id list !
2024-09-23 09:32:15,138 [WARN] DbBoards:127 - board STEVAL-STWINKT1B has no document id list !
2024-09-23 09:32:15,154 [WARN] DbBoards:127 - board STM32439I-EVAL2 has no document id list !
2024-09-23 09:32:15,154 [WARN] DbBoards:127 - board STM32F401C-DISCO has no document id list !
2024-09-23 09:32:15,154 [WARN] DbBoards:127 - board STM32F769I-DISC1 has no document id list !
2024-09-23 09:32:15,154 [WARN] DbBoards:127 - board STM32G474E-EVAL1 has no document id list !
2024-09-23 09:32:15,154 [WARN] DbBoards:127 - board STM32H743I-EVAL2 has no document id list !
2024-09-23 09:32:15,154 [WARN] DbBoards:127 - board STM32H747I-DISC1 has no document id list !
2024-09-23 09:32:15,154 [WARN] DbBoards:127 - board STM32H753I-EVAL2 has no document id list !
2024-09-23 09:32:15,154 [WARN] DbBoards:127 - board STM32L-DISCOVERY has no document id list !
2024-09-23 09:32:15,482 [ERROR] DbBoards:189 - Image file not found for board B-U585I-IOT02A: C:\Users\thuyh\STM32CubeIDE_1.7.0\STM32CubeIDE\plugins\com.st.stm32cube.common.mx_6.3.0.202107141111\\db\/plugins/mcufinder/images/boards/B-U585I-IOT02A_small.jpg
2024-09-23 09:32:15,701 [ERROR] DbBoards:189 - Image file not found for board NUCLEO-F413ZH: C:\Users\thuyh\STM32CubeIDE_1.7.0\STM32CubeIDE\plugins\com.st.stm32cube.common.mx_6.3.0.202107141111\\db\/plugins/mcufinder/images/boards/nucleo-f413zh_small.jpg
2024-09-23 09:32:16,060 [ERROR] DbBoards:189 - Image file not found for board NUCLEO-L552ZE-Q: C:\Users\thuyh\STM32CubeIDE_1.7.0\STM32CubeIDE\plugins\com.st.stm32cube.common.mx_6.3.0.202107141111\\db\/plugins/mcufinder/images/boards/nucleo_l552ze_q_small.jpg
2024-09-23 09:32:16,060 [ERROR] DbBoards:189 - Image file not found for board NUCLEO-U575ZI-Q: C:\Users\thuyh\STM32CubeIDE_1.7.0\STM32CubeIDE\plugins\com.st.stm32cube.common.mx_6.3.0.202107141111\\db\/plugins/mcufinder/images/boards/nucleo-u575zi-q_small.jpg
2024-09-23 09:32:16,060 [ERROR] DbBoards:189 - Image file not found for board NUCLEO-WB15CC: C:\Users\thuyh\STM32CubeIDE_1.7.0\STM32CubeIDE\plugins\com.st.stm32cube.common.mx_6.3.0.202107141111\\db\/plugins/mcufinder/images/boards/nucleo-wb15cc_small.jpg
2024-09-23 09:32:16,060 [ERROR] DbBoards:189 - Image file not found for board NUCLEO-WB55RG: C:\Users\thuyh\STM32CubeIDE_1.7.0\STM32CubeIDE\plugins\com.st.stm32cube.common.mx_6.3.0.202107141111\\db\/plugins/mcufinder/images/boards/nucleo-wb55rg_small.jpg
2024-09-23 09:32:18,153 [INFO] ApiDb:251 - Load user favorites file C:\Users\thuyh/.stm32cubeide/favorites.boards.txt: 0 item(s)
2024-09-23 09:32:18,153 [INFO] ApiDb:255 - User favorites Boards=[]
2024-09-23 09:32:18,153 [INFO] DbBoards:206 - Set 0 / 0 favorites Boards
2024-09-23 09:32:18,169 [INFO] DbBoardsDocs:79 - Found 418 boards documents
2024-09-23 09:32:18,184 [INFO] ApiDb:276 - Save user favorites file C:\Users\thuyh/.stm32cubeide/favorites.boards.txt: 0 item(s)
2024-09-23 09:32:18,184 [INFO] ApiDb:280 - User favorites Boards=[]
2024-09-23 09:32:18,184 [INFO] DbBoardsPdsc:90 - Found 25 items
2024-09-23 09:32:18,184 [INFO] DbBoardsPdsc:90 - Found 9 items
2024-09-23 09:32:18,184 [INFO] DbBoardsPdsc:90 - Found 33 items
2024-09-23 09:32:18,184 [INFO] DbBoardsPdsc:90 - Found 1 items
2024-09-23 09:32:18,200 [INFO] DbBoardsPdsc:90 - Found 48 items
2024-09-23 09:32:18,200 [INFO] DbBoardsPdsc:90 - Found 43 items
2024-09-23 09:32:18,200 [INFO] DbBoardsPdsc:90 - Found 2 items
2024-09-23 09:32:18,200 [INFO] DbBoardsPdsc:90 - Found 5 items
2024-09-23 09:32:18,200 [WARN] DbBoardsPdsc:254 - Board STM32H7B3I-DK: unknown feature type=Audio, name=, username=Audio stereo codec with Headphone Amp (CS42L51-CNZ), n=1
2024-09-23 09:32:18,200 [WARN] DbBoardsPdsc:254 - Board STM32H735G-DK: unknown feature type=Audio, name=, username=Audio stereo codec with Headphone Amp (WM8994ECS/R), n=1
2024-09-23 09:32:18,200 [WARN] DbBoardsPdsc:254 - Board STM32H7B3I-EVAL: unknown feature type=Audio, name=, username=Multi-Channel Audio Codec (CS42L51-CNZ), n=1
2024-09-23 09:32:18,200 [WARN] DbBoardsPdsc:254 - Board STM32H7B3I-EVAL: unknown feature type=Meter, name=, username=Power-metering and Temperature-monitoring with sigma-delta modulators, n=1
2024-09-23 09:32:18,200 [WARN] DbBoardsPdsc:254 - Board STM32H7B3I-EVAL: unknown feature type=Motor, name=, username=Motor Control, n=1
2024-09-23 09:32:18,216 [WARN] DbBoardsPdsc:254 - Board STM32U575I-EV: unknown feature type=joystick, name=, username=4-direction joystick with selection button, n=1
2024-09-23 09:32:18,247 [INFO] DbBoardsJson:86 - JSON generation date=Tue Nov 16 23:17:54 ICT 2021 (1637079474)
2024-09-23 09:32:18,263 [INFO] DbBoards:117 - Found 167 boards (163 are supported by CubeMX)
2024-09-23 09:32:18,263 [WARN] DbBoards:127 - board B-L475E-IOT01A2 has no document id list !
2024-09-23 09:32:18,263 [WARN] DbBoards:127 - board NUCLEO-H743ZI has no document id list !
2024-09-23 09:32:18,263 [WARN] DbBoards:127 - board NUCLEO-WL55JC2 has no document id list !
2024-09-23 09:32:18,263 [WARN] DbBoards:127 - board P-NUCLEO-WB55-Nucleo has no document id list !
2024-09-23 09:32:18,263 [WARN] DbBoards:127 - board P-NUCLEO-WB55-USBDongle has no document id list !
2024-09-23 09:32:18,263 [WARN] DbBoards:127 - board STEVAL-BFA001V1B has no document id list !
2024-09-23 09:32:18,263 [WARN] DbBoards:127 - board STEVAL-BFA001V2B has no document id list !
2024-09-23 09:32:18,263 [WARN] DbBoards:127 - board STEVAL-IDP005V1 has no document id list !
2024-09-23 09:32:18,263 [WARN] DbBoards:127 - board STEVAL-IDP005V2 has no document id list !
2024-09-23 09:32:18,263 [WARN] DbBoards:127 - board STEVAL-MKSBOX1V1 has no document id list !
2024-09-23 09:32:18,263 [WARN] DbBoards:127 - board STEVAL-STWINKT1 has no document id list !
2024-09-23 09:32:18,263 [WARN] DbBoards:127 - board STEVAL-STWINKT1B has no document id list !
2024-09-23 09:32:18,263 [WARN] DbBoards:127 - board STM32439I-EVAL2 has no document id list !
2024-09-23 09:32:18,263 [WARN] DbBoards:127 - board STM32F401C-DISCO has no document id list !
2024-09-23 09:32:18,263 [WARN] DbBoards:127 - board STM32F769I-DISC1 has no document id list !
2024-09-23 09:32:18,263 [WARN] DbBoards:127 - board STM32G474E-EVAL1 has no document id list !
2024-09-23 09:32:18,263 [WARN] DbBoards:127 - board STM32H743I-EVAL2 has no document id list !
2024-09-23 09:32:18,263 [WARN] DbBoards:127 - board STM32H747I-DISC1 has no document id list !
2024-09-23 09:32:18,263 [WARN] DbBoards:127 - board STM32H753I-EVAL2 has no document id list !
2024-09-23 09:32:18,263 [WARN] DbBoards:127 - board STM32L-DISCOVERY has no document id list !
2024-09-23 09:32:18,434 [ERROR] DbBoards:189 - Image file not found for board B-U585I-IOT02A: C:\Users\thuyh\STM32CubeIDE_1.7.0\STM32CubeIDE\plugins\com.st.stm32cube.common.mx_6.3.0.202107141111\\db\/plugins/mcufinder/images/boards/B-U585I-IOT02A_small.jpg
2024-09-23 09:32:18,559 [ERROR] DbBoards:189 - Image file not found for board NUCLEO-F413ZH: C:\Users\thuyh\STM32CubeIDE_1.7.0\STM32CubeIDE\plugins\com.st.stm32cube.common.mx_6.3.0.202107141111\\db\/plugins/mcufinder/images/boards/nucleo-f413zh_small.jpg
2024-09-23 09:32:18,809 [ERROR] DbBoards:189 - Image file not found for board NUCLEO-L552ZE-Q: C:\Users\thuyh\STM32CubeIDE_1.7.0\STM32CubeIDE\plugins\com.st.stm32cube.common.mx_6.3.0.202107141111\\db\/plugins/mcufinder/images/boards/nucleo_l552ze_q_small.jpg
2024-09-23 09:32:18,809 [ERROR] DbBoards:189 - Image file not found for board NUCLEO-U575ZI-Q: C:\Users\thuyh\STM32CubeIDE_1.7.0\STM32CubeIDE\plugins\com.st.stm32cube.common.mx_6.3.0.202107141111\\db\/plugins/mcufinder/images/boards/nucleo-u575zi-q_small.jpg
2024-09-23 09:32:18,809 [ERROR] DbBoards:189 - Image file not found for board NUCLEO-WB15CC: C:\Users\thuyh\STM32CubeIDE_1.7.0\STM32CubeIDE\plugins\com.st.stm32cube.common.mx_6.3.0.202107141111\\db\/plugins/mcufinder/images/boards/nucleo-wb15cc_small.jpg
2024-09-23 09:32:18,809 [ERROR] DbBoards:189 - Image file not found for board NUCLEO-WB55RG: C:\Users\thuyh\STM32CubeIDE_1.7.0\STM32CubeIDE\plugins\com.st.stm32cube.common.mx_6.3.0.202107141111\\db\/plugins/mcufinder/images/boards/nucleo-wb55rg_small.jpg
2024-09-23 09:32:20,028 [INFO] ApiDb:251 - Load user favorites file C:\Users\thuyh/.stm32cubeide/favorites.boards.txt: 0 item(s)
2024-09-23 09:32:20,028 [INFO] ApiDb:255 - User favorites Boards=[]
2024-09-23 09:32:20,028 [INFO] DbBoards:206 - Set 0 / 0 favorites Boards
2024-09-23 09:32:20,043 [INFO] LoadUrlFilesThread:172 - End of LoadServerUrlFiles without Thread
2024-09-23 09:32:20,043 [INFO] TargetSelectorAdapter:224 - Refresh data is successful
2024-09-23 09:32:20,200 [INFO] ApiDb:479 - Connected to CubeFinder SQLite database (C:\Users\thuyh\.stmcufinder\plugins\mcufinder\mcu\cube-finder-db.db)
2024-09-23 09:32:21,949 [ERROR] DbExamplesSqlite:446 - Missing JSON key: board_cpn
2024-09-23 09:32:21,949 [ERROR] DbExamplesSqlite:446 - Missing JSON key: board_cpn
2024-09-23 09:32:21,949 [ERROR] DbExamplesSqlite:446 - Missing JSON key: board_cpn
2024-09-23 09:32:21,949 [ERROR] DbExamplesSqlite:446 - Missing JSON key: board_cpn
2024-09-23 09:32:22,184 [ERROR] DbExamplesSqlite:446 - Missing JSON key: board_cpn
2024-09-23 09:32:22,184 [ERROR] DbExamplesSqlite:446 - Missing JSON key: board_cpn
2024-09-23 09:32:22,184 [ERROR] DbExamplesSqlite:446 - Missing JSON key: board_cpn
2024-09-23 09:32:22,184 [ERROR] DbExamplesSqlite:446 - Missing JSON key: board_cpn
2024-09-23 09:32:22,184 [ERROR] DbExamplesSqlite:446 - Missing JSON key: board_cpn
2024-09-23 09:32:22,184 [ERROR] DbExamplesSqlite:446 - Missing JSON key: board_cpn
2024-09-23 09:32:22,184 [ERROR] DbExamplesSqlite:446 - Missing JSON key: board_cpn
2024-09-23 09:32:22,184 [ERROR] DbExamplesSqlite:446 - Missing JSON key: board_cpn
2024-09-23 09:32:22,184 [ERROR] DbExamplesSqlite:446 - Missing JSON key: board_cpn
2024-09-23 09:32:22,184 [INFO] DbExamplesSqlite:411 - Ignored 28 examples not supported by CubeIDE
2024-09-23 09:32:22,184 [INFO] DbExamplesSqlite:412 - Found 8614 examples active
2024-09-23 09:32:22,184 [INFO] DbExamplesSqlite:413 - Found 0 examples obsolete
2024-09-23 09:32:22,184 [INFO] DbExamplesSqlite:414 - Found 0 examples under development
2024-09-23 09:32:22,184 [INFO] DbExamplesSqlite:415 - Found 10 examples not building
2024-09-23 09:32:22,246 [INFO] DbExamplesSqlite:108 - CubeFinder database Data Model version=2.1
2024-09-23 09:32:22,246 [INFO] DbExamplesSqlite:109 - CubeFinder database Configuration version=3.0.39
2024-09-23 09:32:22,246 [INFO] DbExamplesSqlite:110 - CubeFinder database generation date=2024-09-16 (1726485674)
2024-09-23 09:32:22,246 [INFO] DbExamplesSqlite:111 - CubeFinder database FW Pack versions=[FP-ATR-ASTRA1_V2.0.0, FP-SNS-FLIGHT1_V5.0.2, FP-SNS-MOTENV1_V5.0.0, FP-SNS-MOTENVWB1_V1.4.0, FP-SNS-SMARTAG2_V1.2.0, FP-SNS-STBOX1_V2.0.0, STM32Cube_FW_C0_V1.2.0, STM32Cube_FW_F4_V1.28.1, STM32Cube_FW_F7_V1.17.2, STM32Cube_FW_G0_V1.6.2, STM32Cube_FW_G4_V1.6.0, STM32Cube_FW_H5_V1.3.0, STM32Cube_FW_H7RS_V1.1.0, STM32Cube_FW_H7_V1.11.2, STM32Cube_FW_L0_V1.12.2, STM32Cube_FW_L5_V1.5.1, STM32Cube_FW_U0_V1.1.0, STM32Cube_FW_U5_V1.6.0, STM32Cube_FW_WB0_V1.0.0, STM32Cube_FW_WBA_V1.4.1, STM32Cube_FW_WB_V1.20.0, STM32Cube_FW_WL_V1.3.0, X-CUBE-ALGOBUILD_V1.4.0, X-CUBE-ALS_V1.0.2, X-CUBE-AZRTOS-F4_V1.1.0, X-CUBE-AZRTOS-F7_V1.1.0, X-CUBE-AZRTOS-G0_V1.1.0, X-CUBE-AZRTOS-G4_V2.0.0, X-CUBE-AZRTOS-H7RS_V1.0.0, X-CUBE-AZRTOS-H7_V3.2.0, X-CUBE-AZRTOS-L4_V2.0.0, X-CUBE-AZRTOS-L5_V2.0.0, X-CUBE-AZRTOS-WB_V2.0.0, X-CUBE-AZRTOS-WL_V2.0.0, X-CUBE-BLE1_V7.0.0, X-CUBE-BLE2_V3.3.0, X-CUBE-BLEMGR_V3.1.0, X-CUBE-EEPRMA1_V5.1.0, X-CUBE-FREERTOS_V1.2.0, X-CUBE-GNSS1_V6.0.0, X-CUBE-MEMS1_V11.0.0, X-CUBE-NFC4_V3.0.0, X-CUBE-NFC7_V1.0.1, X-CUBE-SFXS2LP1_V4.0.0, X-CUBE-SUBG2_V5.0.0, X-CUBE-TOF1_V3.4.2]
2024-09-23 09:32:22,262 [INFO] DbExamples:130 - Found 8596 examples
2024-09-23 09:32:23,418 [ERROR] DbExamples:206 - Found 8596 examples with invalid data (board or MCU)
2024-09-23 09:32:23,418 [INFO] DbExamples:222 - Found 80 boards with related examples
2024-09-23 09:32:23,418 [INFO] DbExamples:235 - Found 0 MCUs with related examples
2024-09-23 09:32:23,433 [INFO] ApiDb:242 - User favorites file not found: C:\Users\thuyh/.stm32cubeide/favorites.examples.txt
2024-09-23 09:32:23,433 [INFO] DbExamples:256 - Set 0 / 0 favorites Examples
2024-09-23 09:32:24,121 [INFO] McuFinderGlobals:52 - Set McuFinderConnectedMode to false
2024-09-23 09:32:24,324 [INFO] CrossSelectorPresenter:1330 - Cross Selector saved comparison directory: C:\Users\thuyh\.stmcufinder\plugins\mcufinder\mcu\cs_comparisons_mx
2024-09-23 09:32:24,324 [INFO] MultiScanPanel:197 - Auto-refresh data requested => check proxy status ongoing
2024-09-23 09:32:24,324 [INFO] MultiScanPanel:201 - Proxy status is invalid
2024-09-23 09:32:24,339 [INFO] FinderPluginLoader:87 - Searching for filters in installed packs
2024-09-23 09:32:25,621 [INFO] DetailPanel:309 - Set advertising image to C:/Users/thuyh/STM32Cube/Repository/\en.prom-stm32c071-usb-memories-mcu-finder.png
2024-09-23 09:32:48,557 [INFO] MainUpdater:2671 - connection check result : 10
2024-09-23 09:32:48,557 [INFO] MainUpdater:2671 - connection check result : 10
2024-09-23 09:32:48,713 [INFO] MicroXplorer:448 - Change Database Path : 
2024-09-23 09:32:48,713 [INFO] MicroXplorer:478 - Change Database Version : DB.6.0.30
2024-09-23 09:32:48,713 [WARN] ThirdParty:813 - waiting for thirdparty lock release [close project]
2024-09-23 09:32:48,713 [INFO] ThirdParty:815 - entering critical section [close project]
2024-09-23 09:32:48,713 [INFO] ThirdParty:825 - exiting critical section [close project]
2024-09-23 09:32:48,729 [INFO] PinOutPanel:1463 - setPackage(No Configuration,No Configuration)
2024-09-23 09:32:48,729 [INFO] UtilMem:74 - Begin LoadConfig() Used Memory: 566228704 Bytes (678428672)
2024-09-23 09:32:48,729 [INFO] MicroXplorer:448 - Change Database Path : 
2024-09-23 09:32:48,729 [INFO] MicroXplorer:478 - Change Database Version : DB.6.0.30
2024-09-23 09:32:48,729 [INFO] OpenFileManager:313 - Change cursor
2024-09-23 09:32:48,760 [WARN] IntegrityCheckThread:78 - waiting for thirdparty lock release [integrity check]
2024-09-23 09:32:48,760 [INFO] IntegrityCheckThread:80 - entering critical section [integrity check]
2024-09-23 09:32:49,182 [ERROR] Engine:463 - C:\Users\thuyh\.stm32cubemx\thirdparties\pdsc\STMicroelectronics.FP-SNS-MOTENVWB1.1.4.0.pdsc: PDSC version is not supported
2024-09-23 09:32:49,213 [ERROR] Engine:463 - C:\Users\thuyh\.stm32cubemx\thirdparties\pdsc\STMicroelectronics.X-CUBE-SMBUS.2.1.0.pdsc: PDSC version is not supported
2024-09-23 09:32:49,338 [WARN] PackLoader:238 - Cannot read IP mode file for STMicroelectronics.X-CUBE-AZRTOS-F7.1.1.0
2024-09-23 09:32:49,572 [WARN] PackLoader:238 - Cannot read IP mode file for STMicroelectronics.X-CUBE-MEMS1.11.0.0
2024-09-23 09:32:50,041 [ERROR] Engine:463 - C:\Users\thuyh\.stm32cubemx\thirdparties\pdsc\STMicroelectronics.FP-SNS-FLIGHT1.5.0.2.pdsc: PDSC version is not supported
2024-09-23 09:32:50,057 [ERROR] Engine:463 - C:\Users\thuyh\.stm32cubemx\thirdparties\pdsc\STMicroelectronics.X-CUBE-DISPLAY.3.0.0.pdsc: PDSC version is not supported
2024-09-23 09:32:50,088 [WARN] PackLoader:238 - Cannot read IP mode file for STMicroelectronics.X-CUBE-BLE1.7.0.0
2024-09-23 09:32:50,104 [ERROR] Engine:463 - C:\Users\thuyh\.stm32cubemx\thirdparties\pdsc\emotas.I-CUBE-CANOPEN.1.3.0.pdsc: PDSC version is not supported
2024-09-23 09:32:50,119 [ERROR] Engine:463 - C:\Users\thuyh\.stm32cubemx\thirdparties\pdsc\STMicroelectronics.X-CUBE-BLEMGR.3.1.0.pdsc: PDSC version is not supported
2024-09-23 09:32:50,135 [ERROR] Engine:463 - C:\Users\thuyh\.stm32cubemx\thirdparties\pdsc\STMicroelectronics.FP-SNS-SMARTAG2.1.2.0.pdsc: PDSC version is not supported
2024-09-23 09:32:50,197 [INFO] LogOutputStream:76 - [STDOUT_REDIRECT] 1 : Invalid condition id : UX_CORESTACK_Condition cause : null
2024-09-23 09:32:50,213 [INFO] LogOutputStream:76 - [STDOUT_REDIRECT] 1 : Invalid condition id : UX_CORESTACK_Condition cause : null
2024-09-23 09:32:50,213 [INFO] LogOutputStream:76 - [STDOUT_REDIRECT] 1 : Invalid condition id : UX_CORESTACK_Condition cause : null
2024-09-23 09:32:50,213 [INFO] LogOutputStream:76 - [STDOUT_REDIRECT] 1 : Invalid condition id : UX_CORESTACK_Condition cause : null
2024-09-23 09:32:50,213 [INFO] LogOutputStream:76 - [STDOUT_REDIRECT] 1 : Invalid condition id : UX_CORESTACK_Condition cause : null
2024-09-23 09:32:50,229 [WARN] PackLoader:238 - Cannot read IP mode file for STMicroelectronics.X-CUBE-AZRTOS-WL.2.0.0
2024-09-23 09:32:50,244 [ERROR] Engine:463 - C:\Users\thuyh\.stm32cubemx\thirdparties\pdsc\STMicroelectronics.FP-SNS-MOTENV1.5.0.0.pdsc: PDSC version is not supported
2024-09-23 09:32:50,275 [WARN] PackLoader:238 - Cannot read IP mode file for wolfSSL.I-CUBE-wolfMQTT.1.19.0
2024-09-23 09:32:50,291 [WARN] PackLoader:238 - Cannot read IP mode file for WES.I-CUBE-Cesium.1.3.0
2024-09-23 09:32:50,322 [WARN] PackLoader:238 - Cannot read IP mode file for STMicroelectronics.X-CUBE-BLE2.3.3.0
2024-09-23 09:32:50,338 [ERROR] Engine:463 - C:\Users\thuyh\.stm32cubemx\thirdparties\pdsc\STMicroelectronics.X-CUBE-TCPP.4.1.0.pdsc: PDSC version is not supported
2024-09-23 09:32:50,400 [WARN] PackLoader:238 - Cannot read IP mode file for STMicroelectronics.X-CUBE-AZRTOS-G0.1.1.0
2024-09-23 09:32:50,447 [WARN] PackLoader:238 - Cannot read IP mode file for STMicroelectronics.X-CUBE-SAFEA1.1.2.2
2024-09-23 09:32:50,478 [WARN] PackLoader:238 - Cannot read IP mode file for STMicroelectronics.X-CUBE-NFC4.3.0.0
2024-09-23 09:32:50,494 [ERROR] Engine:463 - C:\Users\thuyh\.stm32cubemx\thirdparties\pdsc\EmbeddedOffice.I-CUBE-FS-RTOS.1.0.1.pdsc: PDSC version is not supported
2024-09-23 09:32:50,510 [ERROR] Engine:463 - C:\Users\thuyh\.stm32cubemx\thirdparties\pdsc\RealThread.X-CUBE-RT-Thread_Nano.4.1.1.pdsc: PDSC version is not supported
2024-09-23 09:32:50,525 [WARN] PackLoader:238 - Cannot read IP mode file for STMicroelectronics.FP-ATR-SIGFOX1.3.2.0
2024-09-23 09:32:50,541 [WARN] PackLoader:238 - Cannot read IP mode file for wolfSSL.I-CUBE-wolfSSL.5.7.2
2024-09-23 09:32:50,572 [WARN] PackLoader:238 - Cannot read IP mode file for STMicroelectronics.X-CUBE-EEPRMA1.5.1.0
2024-09-23 09:32:50,588 [ERROR] Engine:463 - C:\Users\thuyh\.stm32cubemx\thirdparties\pdsc\ITTIA_DB.I-CUBE-ITTIADB.8.9.0.pdsc: PDSC version is not supported
2024-09-23 09:32:50,682 [WARN] PackLoader:238 - Cannot read IP mode file for SEGGER.I-CUBE-embOS.1.3.1
2024-09-23 09:32:50,775 [WARN] PackLoader:238 - Cannot read IP mode file for STMicroelectronics.X-CUBE-ALGOBUILD.1.4.0
2024-09-23 09:32:50,807 [WARN] PackLoader:238 - Cannot read IP mode file for STMicroelectronics.X-CUBE-GNSS1.6.0.0
2024-09-23 09:32:50,885 [WARN] PackLoader:238 - Cannot read IP mode file for STMicroelectronics.X-CUBE-AZRTOS-F4.1.1.0
2024-09-23 09:32:50,900 [WARN] PackLoader:238 - Cannot read IP mode file for STMicroelectronics.X-CUBE-ISPU.2.1.0
2024-09-23 09:32:50,932 [ERROR] Engine:463 - C:\Users\thuyh\.stm32cubemx\thirdparties\pdsc\STMicroelectronics.X-CUBE-FREERTOS.1.2.0.pdsc: PDSC version is not supported
2024-09-23 09:32:50,994 [WARN] PackLoader:238 - Cannot read IP mode file for STMicroelectronics.X-CUBE-AZRTOS-L5.2.0.0
2024-09-23 09:32:51,025 [WARN] PackLoader:238 - Cannot read IP mode file for STMicroelectronics.X-CUBE-NFC6.3.1.0
2024-09-23 09:32:51,056 [ERROR] Engine:463 - C:\Users\thuyh\.stm32cubemx\thirdparties\pdsc\STMicroelectronics.X-CUBE-DPower.1.2.0.pdsc: PDSC version is not supported
2024-09-23 09:32:51,072 [WARN] PackLoader:238 - Cannot read IP mode file for STMicroelectronics.X-CUBE-AI.9.0.0
2024-09-23 09:32:51,103 [WARN] PackLoader:238 - Cannot read IP mode file for STMicroelectronics.X-CUBE-NFC7.1.0.1
2024-09-23 09:32:51,181 [WARN] ConditionMgr:437 - getConditionDescription Invalid condition id : LAN8742 Phy interface Condition cause : null
2024-09-23 09:32:51,181 [WARN] PackLoader:238 - Cannot read IP mode file for STMicroelectronics.X-CUBE-AZRTOS-L4.2.0.0
2024-09-23 09:32:51,181 [WARN] ConditionMgr:1038 - genDependencies : Invalid condition id : LAN8742 Phy interface Condition cause : null
2024-09-23 09:32:51,197 [WARN] ConditionMgr:1038 - genDependencies : Invalid condition id : LAN8742 Phy interface Condition cause : null
2024-09-23 09:32:51,197 [WARN] ConditionMgr:1038 - genDependencies : Invalid condition id : LAN8742 Phy interface Condition cause : null
2024-09-23 09:32:51,228 [WARN] PackLoader:238 - Cannot read IP mode file for STMicroelectronics.X-CUBE-SFXS2LP1.4.0.0
2024-09-23 09:32:51,306 [WARN] PackLoader:238 - Cannot read IP mode file for STMicroelectronics.X-CUBE-AZRTOS-H7.3.3.0
2024-09-23 09:32:51,369 [WARN] ConditionMgr:437 - getConditionDescription Invalid condition id : UX DEVICE CLASS RTOS Condition cause : null
2024-09-23 09:32:51,369 [WARN] ConditionMgr:437 - getConditionDescription Invalid condition id : UX DEVICE CLASS RTOS Condition cause : null
2024-09-23 09:32:51,369 [WARN] PackLoader:238 - Cannot read IP mode file for STMicroelectronics.X-CUBE-AZRTOS-WB.2.0.0
2024-09-23 09:32:51,385 [WARN] ConditionMgr:1038 - genDependencies : Invalid condition id : UX DEVICE CLASS RTOS Condition cause : null
2024-09-23 09:32:51,385 [WARN] ConditionMgr:1038 - genDependencies : Invalid condition id : UX DEVICE CLASS RTOS Condition cause : null
2024-09-23 09:32:51,385 [WARN] ConditionMgr:1038 - genDependencies : Invalid condition id : UX DEVICE CLASS RTOS Condition cause : null
2024-09-23 09:32:51,385 [WARN] ConditionMgr:1038 - genDependencies : Invalid condition id : UX DEVICE CLASS RTOS Condition cause : null
2024-09-23 09:32:51,385 [WARN] ConditionMgr:1038 - genDependencies : Invalid condition id : UX DEVICE CLASS RTOS Condition cause : null
2024-09-23 09:32:51,400 [WARN] PackLoader:238 - Cannot read IP mode file for STMicroelectronics.X-CUBE-GNSS1.7.0.0
2024-09-23 09:32:51,431 [ERROR] Engine:463 - C:\Users\thuyh\.stm32cubemx\thirdparties\pdsc\STMicroelectronics.FP-SNS-STBOX1.2.0.0.pdsc: PDSC version is not supported
2024-09-23 09:32:51,463 [WARN] PackLoader:238 - Cannot read IP mode file for STMicroelectronics.X-CUBE-SUBG2.5.0.0
2024-09-23 09:32:51,494 [ERROR] Engine:463 - C:\Users\thuyh\.stm32cubemx\thirdparties\pdsc\Cesanta.I-CUBE-Mongoose.7.13.0.pdsc: PDSC version is not supported
2024-09-23 09:32:51,556 [WARN] PackLoader:238 - Cannot read IP mode file for STMicroelectronics.X-CUBE-AZRTOS-G4.2.0.0
2024-09-23 09:32:51,588 [WARN] PackLoader:238 - Cannot read IP mode file for STMicroelectronics.X-CUBE-ISPU.2.0.0
2024-09-23 09:32:51,603 [ERROR] Engine:463 - C:\Users\thuyh\.stm32cubemx\thirdparties\pdsc\STMicroelectronics.X-CUBE-ALS.1.0.2.pdsc: PDSC version is not supported
2024-09-23 09:32:51,619 [WARN] PackLoader:238 - Cannot read IP mode file for STMicroelectronics.X-CUBE-TOUCHGFX.4.24.0
2024-09-23 09:32:51,634 [WARN] PackLoader:238 - Cannot read IP mode file for wolfSSL.I-CUBE-wolfTPM.3.4.0
2024-09-23 09:32:51,650 [WARN] PackLoader:238 - Cannot read IP mode file for portGmbH.I-Cube-SoM-uGOAL.1.1.0
2024-09-23 09:32:51,713 [WARN] PackLoader:238 - Cannot read IP mode file for STMicroelectronics.X-CUBE-AZRTOS-H7RS.1.0.0
2024-09-23 09:32:51,728 [WARN] PackLoader:238 - Cannot read IP mode file for STMicroelectronics.FP-ATR-ASTRA1.2.0.0
2024-09-23 09:32:51,759 [ERROR] Engine:463 - C:\Users\thuyh\.stm32cubemx\thirdparties\pdsc\STMicroelectronics.X-CUBE-TOF1.3.4.2.pdsc: PDSC version is not supported
2024-09-23 09:32:51,775 [ERROR] Engine:463 - C:\Users\thuyh\.stm32cubemx\thirdparties\pdsc\Infineon.AIROC-Wi-Fi-Bluetooth-STM32.1.6.1.pdsc: PDSC version is not supported
2024-09-23 09:32:51,791 [WARN] PackLoader:238 - Cannot read IP mode file for wolfSSL.I-CUBE-wolfSSH.1.4.17
2024-09-23 09:32:51,791 [INFO] ThirdParty:915 - Integrity check success = true
2024-09-23 09:32:51,791 [INFO] IntegrityCheckThread:94 - exiting critical section [integrity check]
2024-09-23 09:32:51,791 [INFO] IntegrityCheckThread:97 - End integrity checks thread
2024-09-23 09:32:53,353 [INFO] Context:592 - Trying to add GPIOservice into a context  which must be forbidden
2024-09-23 09:32:53,681 [INFO] ImportTextPane:167 - (OptionalMessage_ERROR) Unable to find key (Mcu.ThirdPartyNb) in loaded IOC file
2024-09-23 09:32:53,681 [INFO] ImportTextPane:167 - (OptionalMessage_ERROR) Unable to find key (Mcu.PinsNb) in loaded IOC file
2024-09-23 09:32:53,681 [INFO] ImportTextPane:167 - (OptionalMessage_ERROR) Unable to find key (Mcu.IPNb) in loaded IOC file
2024-09-23 09:32:53,775 [WARN] ApiManager:304 - Cannot register API 'Board Extension:GNSS1A1' from pack STMicroelectronics.X-CUBE-GNSS1.6.0.0: no header file found
2024-09-23 09:32:53,775 [WARN] ApiManager:304 - Cannot register API 'Board Support:Custom' from pack STMicroelectronics.X-CUBE-GNSS1.6.0.0: no header file found
2024-09-23 09:32:53,775 [WARN] ApiManager:304 - Cannot register API 'Data Exchange:lib_gnss' from pack STMicroelectronics.X-CUBE-GNSS1.6.0.0: no header file found
2024-09-23 09:32:53,775 [WARN] ApiManager:304 - Cannot register API 'Board Extension:GNSS1A1' from pack STMicroelectronics.X-CUBE-GNSS1.7.0.0: no header file found
2024-09-23 09:32:53,775 [WARN] ApiManager:304 - Cannot register API 'Board Support:Custom' from pack STMicroelectronics.X-CUBE-GNSS1.7.0.0: no header file found
2024-09-23 09:32:53,775 [WARN] ApiManager:304 - Cannot register API 'Data Exchange:lib_gnss' from pack STMicroelectronics.X-CUBE-GNSS1.7.0.0: no header file found
2024-09-23 09:32:53,790 [WARN] ApiManager:304 - Cannot register API 'Board Extension:NFC06A1' from pack STMicroelectronics.X-CUBE-NFC6.3.1.0: no header file found
2024-09-23 09:32:53,790 [WARN] ApiManager:304 - Cannot register API 'Board Extension:NFC08A1' from pack STMicroelectronics.X-CUBE-NFC6.3.1.0: no header file found
2024-09-23 09:32:54,259 [WARN] ApiManager:304 - Cannot register API 'Board Extension:IKS01A3' from pack STMicroelectronics.X-CUBE-MEMS1.11.0.0: no header file found
2024-09-23 09:32:54,259 [WARN] ApiManager:304 - Cannot register API 'Board Extension:IKS02A1' from pack STMicroelectronics.X-CUBE-MEMS1.11.0.0: no header file found
2024-09-23 09:32:54,259 [WARN] ApiManager:304 - Cannot register API 'Board Extension:IKS4A1' from pack STMicroelectronics.X-CUBE-MEMS1.11.0.0: no header file found
2024-09-23 09:32:54,290 [INFO] RtosManager:484 - Registered RTOS mode: class=CMSIS, group=RTOS, mode=CMSIS_V1, owner=FREERTOS
2024-09-23 09:32:54,290 [INFO] RtosManager:484 - Registered RTOS mode: class=CMSIS, group=RTOS2, mode=CMSIS_V2, owner=FREERTOS
2024-09-23 09:32:54,290 [INFO] RtosManager:484 - Registered RTOS mode: class=RTOS, group=Core, mode=CMSIS_V1, owner=FREERTOS
2024-09-23 09:32:54,290 [INFO] RtosManager:484 - Registered RTOS mode: class=RTOS, group=Core, mode=CMSIS_V2, owner=FREERTOS
2024-09-23 09:32:54,290 [WARN] ModelIntegratedComponent:181 - Missing modes for component STMicroelectronics:FreeRTOS:0.0.1:STMicroelectronics:RTOS:FreeRTOS:Core:::10.2.0:
2024-09-23 09:32:54,290 [WARN] ApiManager:304 - Cannot register API 'Board Extension:STSAFEA1' from pack STMicroelectronics.X-CUBE-SAFEA1.1.2.2: no header file found
2024-09-23 09:32:54,290 [WARN] ApiManager:304 - Cannot register API 'Board Part:STSAFEA110' from pack STMicroelectronics.X-CUBE-SAFEA1.1.2.2: no header file found
2024-09-23 09:32:54,290 [WARN] ApiManager:304 - Cannot register API 'Security:ST_Cryptolib' from pack STMicroelectronics.X-CUBE-SAFEA1.1.2.2: no header file found
2024-09-23 09:32:54,290 [WARN] ApiManager:304 - Cannot register API 'Security:MbedTLS' from pack STMicroelectronics.X-CUBE-SAFEA1.1.2.2: no header file found
2024-09-23 09:32:54,290 [WARN] ApiManager:304 - Cannot register API 'Board Extension:NFC04A1' from pack STMicroelectronics.X-CUBE-NFC4.3.0.0: no header file found
2024-09-23 09:32:54,306 [WARN] ApiManager:304 - Cannot register API 'Board Extension:S2868A1' from pack STMicroelectronics.X-CUBE-SUBG2.5.0.0: no header file found
2024-09-23 09:32:54,306 [WARN] ApiManager:304 - Cannot register API 'Board Extension:S2868A2' from pack STMicroelectronics.X-CUBE-SUBG2.5.0.0: no header file found
2024-09-23 09:32:54,306 [WARN] ApiManager:304 - Cannot register API 'Board Extension:S2915A1' from pack STMicroelectronics.X-CUBE-SUBG2.5.0.0: no header file found
2024-09-23 09:32:54,306 [WARN] ApiManager:304 - Cannot register API 'Wireless:BlueNRG-MS' from pack STMicroelectronics.X-CUBE-BLE1.7.0.0: no header file found
2024-09-23 09:32:54,306 [WARN] ApiManager:304 - Cannot register API 'Board Extension:EEPRMA2' from pack STMicroelectronics.X-CUBE-EEPRMA1.5.1.0: no header file found
2024-09-23 09:32:54,306 [WARN] ApiManager:304 - Cannot register API 'Board Extension:PGEEZ1' from pack STMicroelectronics.X-CUBE-EEPRMA1.5.1.0: no header file found
2024-09-23 09:32:54,306 [WARN] ApiManager:304 - Cannot register API 'Board Extension:EEICA1' from pack STMicroelectronics.X-CUBE-EEPRMA1.5.1.0: no header file found
2024-09-23 09:32:54,306 [WARN] ApiManager:304 - Cannot register API 'Board Part:M24' from pack STMicroelectronics.X-CUBE-EEPRMA1.5.1.0: no header file found
2024-09-23 09:32:54,306 [WARN] ApiManager:304 - Cannot register API 'Board Part:M95' from pack STMicroelectronics.X-CUBE-EEPRMA1.5.1.0: no header file found
2024-09-23 09:32:54,306 [WARN] ApiManager:304 - Cannot register API 'Board Part:M95P32' from pack STMicroelectronics.X-CUBE-EEPRMA1.5.1.0: no header file found
2024-09-23 09:32:54,306 [WARN] ApiManager:304 - Cannot register API 'Board Part:M24256E-F' from pack STMicroelectronics.X-CUBE-EEPRMA1.5.1.0: no header file found
2024-09-23 09:32:54,306 [WARN] ApiManager:304 - Cannot register API 'Board Part:M24M01E-F' from pack STMicroelectronics.X-CUBE-EEPRMA1.5.1.0: no header file found
2024-09-23 09:32:54,306 [WARN] ApiManager:304 - Cannot register API 'PGEEZ1:SPI' from pack STMicroelectronics.X-CUBE-EEPRMA1.5.1.0: no header file found
2024-09-23 09:32:54,306 [WARN] ApiManager:304 - Cannot register API 'PGEEZ1:QDSPI' from pack STMicroelectronics.X-CUBE-EEPRMA1.5.1.0: no header file found
2024-09-23 09:32:54,306 [WARN] ModelIntegratedComponent:60 - No mode defined for component null
2024-09-23 09:32:54,306 [WARN] ModelIntegratedComponent:60 - No mode defined for component null
2024-09-23 09:32:54,306 [WARN] ModelIntegratedComponent:60 - No mode defined for component null
2024-09-23 09:32:54,306 [WARN] ModelIntegratedComponent:60 - No mode defined for component null
2024-09-23 09:32:54,306 [WARN] ModelIntegratedComponent:60 - No mode defined for component null
2024-09-23 09:32:54,306 [WARN] ModelIntegratedComponent:60 - No mode defined for component null
2024-09-23 09:32:54,306 [WARN] ModelIntegratedComponent:60 - No mode defined for component null
2024-09-23 09:32:54,306 [WARN] ModelIntegratedComponent:60 - No mode defined for component null
2024-09-23 09:32:54,306 [WARN] ModelIntegratedComponent:60 - No mode defined for component null
2024-09-23 09:32:54,306 [WARN] ModelIntegratedComponent:60 - No mode defined for component null
2024-09-23 09:32:54,306 [WARN] ModelIntegratedComponent:60 - No mode defined for component null
2024-09-23 09:32:54,306 [WARN] ModelIntegratedComponent:60 - No mode defined for component null
2024-09-23 09:32:54,306 [WARN] ModelIntegratedComponent:60 - No mode defined for component null
2024-09-23 09:32:54,306 [WARN] ModelIntegratedComponent:60 - No mode defined for component null
2024-09-23 09:32:54,306 [WARN] ModelIntegratedComponent:60 - No mode defined for component null
2024-09-23 09:32:54,306 [WARN] ModelIntegratedComponent:60 - No mode defined for component null
2024-09-23 09:32:54,306 [WARN] ModelIntegratedComponent:60 - No mode defined for component null
2024-09-23 09:32:54,321 [WARN] ModelIntegratedComponent:60 - No mode defined for component null
2024-09-23 09:32:54,321 [WARN] ModelIntegratedComponent:60 - No mode defined for component null
2024-09-23 09:32:54,321 [WARN] ModelIntegratedComponent:60 - No mode defined for component null
2024-09-23 09:32:54,321 [WARN] ModelIntegratedComponent:60 - No mode defined for component null
2024-09-23 09:32:54,321 [WARN] ModelIntegratedComponent:60 - No mode defined for component null
2024-09-23 09:32:54,321 [WARN] ModelIntegratedComponent:60 - No mode defined for component null
2024-09-23 09:32:54,321 [WARN] ModelIntegratedComponent:60 - No mode defined for component null
2024-09-23 09:32:54,321 [WARN] ModelIntegratedComponent:60 - No mode defined for component null
2024-09-23 09:32:54,321 [WARN] ModelIntegratedComponent:60 - No mode defined for component null
2024-09-23 09:32:54,321 [WARN] ModelIntegratedComponent:60 - No mode defined for component null
2024-09-23 09:32:54,321 [WARN] ModelIntegratedComponent:60 - No mode defined for component null
2024-09-23 09:32:54,321 [WARN] ModelIntegratedComponent:60 - No mode defined for component null
2024-09-23 09:32:54,321 [WARN] ModelIntegratedComponent:60 - No mode defined for component null
2024-09-23 09:32:54,321 [WARN] ModelIntegratedComponent:60 - No mode defined for component null
2024-09-23 09:32:54,321 [WARN] ApiManager:304 - Cannot register API 'Board Extension:NFC07A1' from pack STMicroelectronics.X-CUBE-NFC7.1.0.1: no header file found
2024-09-23 09:32:54,337 [WARN] ApiManager:304 - Cannot register API 'Board Extension:S2868A1' from pack STMicroelectronics.X-CUBE-SFXS2LP1.4.0.0: no header file found
2024-09-23 09:32:54,337 [WARN] ApiManager:304 - Cannot register API 'Board Extension:S2868A2' from pack STMicroelectronics.X-CUBE-SFXS2LP1.4.0.0: no header file found
2024-09-23 09:32:54,337 [WARN] ApiManager:304 - Cannot register API 'Board Extension:S2915A1' from pack STMicroelectronics.X-CUBE-SFXS2LP1.4.0.0: no header file found
2024-09-23 09:32:54,337 [WARN] ApiManager:304 - Cannot register API 'Wireless:BlueNRG-2' from pack STMicroelectronics.X-CUBE-BLE2.3.3.0: no header file found
2024-09-23 09:32:58,243 [INFO] UtilMem:74 - End LoadConfig() Used Memory: 688866224 Bytes (772800512)
2024-09-23 09:32:58,258 [WARN] ThirdParty:779 - waiting for thirdparty lock release [change project]
2024-09-23 09:32:58,258 [INFO] ThirdParty:781 - entering critical section [change project]
2024-09-23 09:32:58,258 [INFO] ThirdParty:967 - CMSIS Pack Vendor :STMicroelectronics X-CUBE-AZRTOS-H7 3.3.0
2024-09-23 09:32:58,258 [INFO] ThirdParty:967 - CMSIS Pack Vendor :STMicroelectronics X-CUBE-GNSS1 6.0.0
2024-09-23 09:32:58,258 [INFO] ThirdParty:967 - CMSIS Pack Vendor :STMicroelectronics USB_HOST 2.0.0
2024-09-23 09:32:58,258 [INFO] ThirdParty:967 - CMSIS Pack Vendor :STMicroelectronics X-CUBE-AZRTOS-F4 1.1.0
2024-09-23 09:32:58,258 [INFO] ThirdParty:967 - CMSIS Pack Vendor :STMicroelectronics USB_DEVICE 3.0.0
2024-09-23 09:32:58,258 [INFO] ThirdParty:967 - CMSIS Pack Vendor :STMicroelectronics X-CUBE-ISPU 2.1.0
2024-09-23 09:32:58,258 [INFO] ThirdParty:967 - CMSIS Pack Vendor :STMicroelectronics X-CUBE-AZRTOS-WB 2.0.0
2024-09-23 09:32:58,258 [INFO] ThirdParty:967 - CMSIS Pack Vendor :STMicroelectronics X-CUBE-GNSS1 7.0.0
2024-09-23 09:32:58,258 [INFO] ThirdParty:967 - CMSIS Pack Vendor :STMicroelectronics X-CUBE-AZRTOS-F7 1.1.0
2024-09-23 09:32:58,258 [INFO] ThirdParty:967 - CMSIS Pack Vendor :STMicroelectronics X-CUBE-AZRTOS-L5 2.0.0
2024-09-23 09:32:58,258 [INFO] ThirdParty:967 - CMSIS Pack Vendor :STMicroelectronics USB_DEVICE 2.0.0
2024-09-23 09:32:58,258 [INFO] ThirdParty:967 - CMSIS Pack Vendor :STMicroelectronics X-CUBE-NFC6 3.1.0
2024-09-23 09:32:58,258 [INFO] ThirdParty:967 - CMSIS Pack Vendor :STMicroelectronics X-CUBE-MEMS1 11.0.0
2024-09-23 09:32:58,258 [INFO] ThirdParty:967 - CMSIS Pack Vendor :STMicroelectronics FreeRTOS 0.0.1
2024-09-23 09:32:58,258 [INFO] ThirdParty:967 - CMSIS Pack Vendor :STMicroelectronics X-CUBE-AZRTOS-G0 1.1.0
2024-09-23 09:32:58,258 [INFO] ThirdParty:967 - CMSIS Pack Vendor :STMicroelectronics X-CUBE-SAFEA1 1.2.2
2024-09-23 09:32:58,258 [INFO] ThirdParty:967 - CMSIS Pack Vendor :STMicroelectronics X-CUBE-NFC4 3.0.0
2024-09-23 09:32:58,258 [INFO] ThirdParty:967 - CMSIS Pack Vendor :STMicroelectronics X-CUBE-SUBG2 5.0.0
2024-09-23 09:32:58,258 [INFO] ThirdParty:967 - CMSIS Pack Vendor :STMicroelectronics lwIP 2.0.3
2024-09-23 09:32:58,258 [INFO] ThirdParty:967 - CMSIS Pack Vendor :STMicroelectronics USB_HOST 1.0.0
2024-09-23 09:32:58,258 [INFO] ThirdParty:967 - CMSIS Pack Vendor :STMicroelectronics X-CUBE-AI 9.0.0
2024-09-23 09:32:58,258 [INFO] ThirdParty:967 - CMSIS Pack Vendor :STMicroelectronics X-CUBE-AZRTOS-G4 2.0.0
2024-09-23 09:32:58,258 [INFO] ThirdParty:967 - CMSIS Pack Vendor :STMicroelectronics PDM2PCM 3.1.0
2024-09-23 09:32:58,258 [INFO] ThirdParty:967 - CMSIS Pack Vendor :STMicroelectronics PDM2PCM 3.3.0
2024-09-23 09:32:58,258 [INFO] ThirdParty:967 - CMSIS Pack Vendor :STMicroelectronics X-CUBE-BLE1 7.0.0
2024-09-23 09:32:58,258 [INFO] ThirdParty:967 - CMSIS Pack Vendor :STMicroelectronics FP-ATR-SIGFOX1 3.2.0
2024-09-23 09:32:58,258 [INFO] ThirdParty:967 - CMSIS Pack Vendor :wolfSSL I-CUBE-wolfSSL 5.7.2
2024-09-23 09:32:58,258 [INFO] ThirdParty:967 - CMSIS Pack Vendor :STMicroelectronics X-CUBE-ISPU 2.0.0
2024-09-23 09:32:58,258 [INFO] ThirdParty:967 - CMSIS Pack Vendor :STMicroelectronics X-CUBE-EEPRMA1 5.1.0
2024-09-23 09:32:58,274 [INFO] ThirdParty:967 - CMSIS Pack Vendor :STMicroelectronics HAL Drivers 0.0.0
2024-09-23 09:32:58,274 [INFO] ThirdParty:967 - CMSIS Pack Vendor :STMicroelectronics MBEDTLS 2.16.2
2024-09-23 09:32:58,274 [INFO] ThirdParty:967 - CMSIS Pack Vendor :STMicroelectronics X-CUBE-NFC7 1.0.1
2024-09-23 09:32:58,274 [INFO] ThirdParty:967 - CMSIS Pack Vendor :STMicroelectronics MBEDTLS 2.14.1
2024-09-23 09:32:58,274 [INFO] ThirdParty:967 - CMSIS Pack Vendor :STMicroelectronics X-CUBE-TOUCHGFX 4.24.0
2024-09-23 09:32:58,274 [INFO] ThirdParty:967 - CMSIS Pack Vendor :wolfSSL I-CUBE-wolfTPM 3.4.0
2024-09-23 09:32:58,274 [INFO] ThirdParty:967 - CMSIS Pack Vendor :portGmbH I-Cube-SoM-uGOAL 1.1.0
2024-09-23 09:32:58,274 [INFO] ThirdParty:967 - CMSIS Pack Vendor :STMicroelectronics X-CUBE-AZRTOS-WL 2.0.0
2024-09-23 09:32:58,274 [INFO] ThirdParty:967 - CMSIS Pack Vendor :SEGGER I-CUBE-embOS 1.3.1
2024-09-23 09:32:58,274 [INFO] ThirdParty:967 - CMSIS Pack Vendor :STMicroelectronics X-CUBE-ALGOBUILD 1.4.0
2024-09-23 09:32:58,274 [INFO] ThirdParty:967 - CMSIS Pack Vendor :STMicroelectronics USB_DEVICE 1.0.0
2024-09-23 09:32:58,274 [INFO] ThirdParty:967 - CMSIS Pack Vendor :STMicroelectronics X-CUBE-AZRTOS-H7RS 1.0.0
2024-09-23 09:32:58,274 [INFO] ThirdParty:967 - CMSIS Pack Vendor :wolfSSL I-CUBE-wolfMQTT 1.19.0
2024-09-23 09:32:58,274 [INFO] ThirdParty:967 - CMSIS Pack Vendor :STMicroelectronics X-CUBE-AZRTOS-L4 2.0.0
2024-09-23 09:32:58,274 [INFO] ThirdParty:967 - CMSIS Pack Vendor :STMicroelectronics ThreadX 0.0.2
2024-09-23 09:32:58,274 [INFO] ThirdParty:967 - CMSIS Pack Vendor :WES I-CUBE-Cesium 1.3.0
2024-09-23 09:32:58,274 [INFO] ThirdParty:967 - CMSIS Pack Vendor :STMicroelectronics FP-ATR-ASTRA1 2.0.0
2024-09-23 09:32:58,274 [INFO] ThirdParty:967 - CMSIS Pack Vendor :STMicroelectronics lwIP 2.1.2
2024-09-23 09:32:58,274 [INFO] ThirdParty:967 - CMSIS Pack Vendor :STMicroelectronics X-CUBE-SFXS2LP1 4.0.0
2024-09-23 09:32:58,274 [INFO] ThirdParty:967 - CMSIS Pack Vendor :STMicroelectronics X-CUBE-BLE2 3.3.0
2024-09-23 09:32:58,274 [INFO] ThirdParty:967 - CMSIS Pack Vendor :STMicroelectronics PDM2PCM 3.2.0
2024-09-23 09:32:58,274 [INFO] ThirdParty:967 - CMSIS Pack Vendor :wolfSSL I-CUBE-wolfSSH 1.4.17
2024-09-23 09:32:58,274 [INFO] ThirdParty:787 - exiting critical section [change project]
2024-09-23 09:32:58,664 [INFO] PinOutPanel:1463 - setPackage(No Configuration,No Configuration)
2024-09-23 09:32:58,664 [INFO] PinOutPanel:1463 - setPackage(STM32F103C6Tx,LQFP48)
2024-09-23 09:32:59,367 [INFO] UtilMem:74 - Before build in PCC Used Memory: 693751864 Bytes (772800512)
2024-09-23 09:33:00,227 [INFO] UtilMem:74 - After build in PCC Used Memory: 702315872 Bytes (772800512)
2024-09-23 09:33:00,273 [INFO] IPUIPlugin:74 - create IPUIPlugin
2024-09-23 09:33:00,273 [INFO] IPUIPlugin:74 - create IPUIPlugin
2024-09-23 09:33:00,273 [INFO] IPUIPlugin:74 - create IPUIPlugin
2024-09-23 09:33:00,273 [INFO] IPUIPlugin:74 - create IPUIPlugin
2024-09-23 09:33:00,273 [INFO] IPUIPlugin:74 - create IPUIPlugin
2024-09-23 09:33:00,273 [INFO] IPUIPlugin:74 - create IPUIPlugin
2024-09-23 09:33:00,273 [INFO] IPUIPlugin:74 - create IPUIPlugin
2024-09-23 09:33:00,273 [INFO] IPUIPlugin:74 - create IPUIPlugin
2024-09-23 09:33:00,273 [INFO] IPUIPlugin:74 - create IPUIPlugin
2024-09-23 09:33:00,273 [INFO] IPUIPlugin:74 - create IPUIPlugin
2024-09-23 09:33:00,273 [INFO] IPUIPlugin:74 - create IPUIPlugin
2024-09-23 09:33:00,273 [INFO] IPUIPlugin:74 - create IPUIPlugin
2024-09-23 09:33:00,273 [INFO] IPUIPlugin:74 - create IPUIPlugin
2024-09-23 09:33:00,273 [INFO] IPUIPlugin:74 - create IPUIPlugin
2024-09-23 09:33:00,273 [INFO] IPUIPlugin:74 - create IPUIPlugin
2024-09-23 09:33:00,273 [INFO] IPUIPlugin:74 - create IPUIPlugin
2024-09-23 09:33:00,273 [INFO] IPUIPlugin:74 - create IPUIPlugin
2024-09-23 09:33:00,273 [INFO] IPUIPlugin:74 - create IPUIPlugin
2024-09-23 09:33:00,273 [INFO] IPUIPlugin:74 - create IPUIPlugin
2024-09-23 09:33:00,273 [INFO] IPUIPlugin:74 - create IPUIPlugin
2024-09-23 09:33:00,273 [INFO] IPUIPlugin:74 - create IPUIPlugin
2024-09-23 09:33:00,273 [INFO] IPUIPlugin:74 - create IPUIPlugin
2024-09-23 09:33:00,273 [INFO] IPUIPlugin:74 - create IPUIPlugin
2024-09-23 09:33:00,461 [INFO] OpenFileManager:333 - Restore cursor
2024-09-23 09:33:00,930 [INFO] UtilMem:74 - End SaveConfig() Used Memory: 690787264 Bytes (772800512)
2024-09-23 09:33:01,039 [INFO] UtilMem:74 - End SaveConfig() Used Memory: 670533120 Bytes (772800512)
2024-09-23 09:33:01,539 [INFO] BlockDiagram:2740 - set Specific Code input for plugin: NVIC
2024-09-23 09:33:01,539 [INFO] BlockDiagram:2740 - set Specific Code input for plugin: SYS
2024-09-23 09:33:01,539 [INFO] BlockDiagram:2740 - set Specific Code input for plugin: RCC
2024-09-23 09:33:01,539 [INFO] CodeGenerator:663 - code generatio: config db path: C:\Users\thuyh\STM32CubeIDE_1.7.0\STM32CubeIDE\plugins\com.st.stm32cube.common.mx_6.3.0.202107141111\\db\
2024-09-23 09:33:02,086 [INFO] CodeEngine:239 - oldGeneratedFile, E:\microprocessor_ReportLab3\Lab3_project\MXTmpFiles\license.tmp_save
2024-09-23 09:33:02,695 [INFO] CodeEngine:257 - Generated code: E:\microprocessor_ReportLab3\Lab3_project\MXTmpFiles\license.tmp
2024-09-23 09:33:02,945 [INFO] CodeEngine:239 - oldGeneratedFile, E:\microprocessor_ReportLab3\Lab3_project\Core\Src\stm32f1xx_it.c_save
2024-09-23 09:33:03,257 [INFO] CodeEngine:257 - Generated code: E:\microprocessor_ReportLab3\Lab3_project\Core\Src\stm32f1xx_it.c
2024-09-23 09:33:03,273 [INFO] CodeEngine:239 - oldGeneratedFile, E:\microprocessor_ReportLab3\Lab3_project\Core\Inc\stm32f1xx_it.h_save
2024-09-23 09:33:03,413 [INFO] CodeEngine:257 - Generated code: E:\microprocessor_ReportLab3\Lab3_project\Core\Inc\stm32f1xx_it.h
2024-09-23 09:33:03,445 [INFO] CodeEngine:239 - oldGeneratedFile, E:\microprocessor_ReportLab3\Lab3_project\Core\Src\stm32f1xx_hal_msp.c_save
2024-09-23 09:33:03,648 [INFO] CodeEngine:257 - Generated code: E:\microprocessor_ReportLab3\Lab3_project\Core\Src\stm32f1xx_hal_msp.c
2024-09-23 09:33:03,663 [INFO] CodeEngine:239 - oldGeneratedFile, E:\microprocessor_ReportLab3\Lab3_project\MXTmpFiles\system.tmp_save
2024-09-23 09:33:03,851 [INFO] CodeEngine:257 - Generated code: E:\microprocessor_ReportLab3\Lab3_project\MXTmpFiles\system.tmp
2024-09-23 09:33:03,882 [INFO] CodeEngine:239 - oldGeneratedFile, E:\microprocessor_ReportLab3\Lab3_project\Core\Inc\stm32f1xx_hal_conf.h_save
2024-09-23 09:33:04,101 [INFO] CodeEngine:257 - Generated code: E:\microprocessor_ReportLab3\Lab3_project\Core\Inc\stm32f1xx_hal_conf.h
2024-09-23 09:33:04,214 [INFO] CodeEngine:239 - oldGeneratedFile, E:\microprocessor_ReportLab3\Lab3_project\Core\Inc\main.h_save
2024-09-23 09:33:04,424 [INFO] CodeEngine:257 - Generated code: E:\microprocessor_ReportLab3\Lab3_project\Core\Inc\main.h
2024-09-23 09:33:04,450 [INFO] CodeEngine:239 - oldGeneratedFile, E:\microprocessor_ReportLab3\Lab3_project\Core\Src\main.c_save
2024-09-23 09:33:04,729 [INFO] CodeEngine:257 - Generated code: E:\microprocessor_ReportLab3\Lab3_project\Core\Src\main.c
2024-09-23 09:33:06,504 [INFO] ProjectBuilder:2578 - Time for Copy HAL[1] : 125mS.
2024-09-23 09:33:06,520 [INFO] ProjectBuilder:3622 - Project Generator version: 3.14.1
2024-09-23 09:33:07,364 [INFO] ConfigFileManager:1271 - The Die is : DIE412
2024-09-23 09:33:07,395 [INFO] ApiDbMcu:468 - Load IP Config File for FATFS
2024-09-23 09:33:07,520 [INFO] ApiDbMcu:468 - Load IP Config File for FREERTOS
2024-09-23 09:33:07,567 [INFO] ApiDbMcu:468 - Load IP Config File for USB_DEVICE
2024-09-23 09:33:22,404 [INFO] ProjectBuilder:3789 - Time for Generating toolchain IDE Files: 15884mS.
2024-09-23 09:33:22,404 [INFO] ProjectBuilder:2457 - Time for Copy CMSIS : 0mS.
2024-09-23 09:33:22,404 [INFO] ProjectBuilder:2457 - Time for Copy CMSIS : 0mS.
2024-09-23 09:33:25,977 [INFO] McuFinderGlobals:52 - Set McuFinderConnectedMode to true
2024-09-23 09:33:25,980 [INFO] ApiDb:276 - Save user favorites file C:\Users\thuyh/.stm32cubeide/favorites.mcus.txt: 0 item(s)
2024-09-23 09:33:25,983 [INFO] ApiDb:280 - User favorites MCUs=[]
2024-09-23 09:33:26,580 [INFO] UtilMem:74 - End SaveConfig() Used Memory: 668253072 Bytes (1073741824)
2024-09-23 09:33:26,677 [INFO] UtilMem:74 - End SaveConfig() Used Memory: 690727520 Bytes (1073741824)
2024-09-23 09:33:27,435 [INFO] BlockDiagram:2740 - set Specific Code input for plugin: NVIC
2024-09-23 09:33:27,435 [INFO] BlockDiagram:2740 - set Specific Code input for plugin: SYS
2024-09-23 09:33:27,436 [INFO] BlockDiagram:2740 - set Specific Code input for plugin: RCC
2024-09-23 09:33:27,436 [INFO] CodeGenerator:663 - code generatio: config db path: C:\Users\thuyh\STM32CubeIDE_1.7.0\STM32CubeIDE\plugins\com.st.stm32cube.common.mx_6.3.0.202107141111\\db\
2024-09-23 09:33:28,256 [INFO] CodeEngine:239 - oldGeneratedFile, E:\microprocessor_ReportLab3\Lab3_project\MXTmpFiles\license.tmp_save
2024-09-23 09:33:28,469 [INFO] CodeEngine:257 - Generated code: E:\microprocessor_ReportLab3\Lab3_project\MXTmpFiles\license.tmp
2024-09-23 09:33:28,520 [INFO] CodeEngine:239 - oldGeneratedFile, E:\microprocessor_ReportLab3\Lab3_project\Core\Src\stm32f1xx_it.c_save
2024-09-23 09:33:28,714 [ERROR] IocParser:56 - java.io.FileNotFoundException: E:\microprocessor_ReportLab3\Lab3_project\Lab3_project.ioc (The system cannot find the file specified)
2024-09-23 09:33:28,715 [ERROR] PeripheralListParser:93 - Something went wrong with ioc file reading
2024-09-23 09:33:28,716 [ERROR] RegexParser:58 - java.io.FileNotFoundException: E:\microprocessor_ReportLab3\Lab3_project\Lab3_project.ioc (The system cannot find the file specified)
2024-09-23 09:33:28,920 [INFO] CodeEngine:257 - Generated code: E:\microprocessor_ReportLab3\Lab3_project\Core\Src\stm32f1xx_it.c
2024-09-23 09:33:28,925 [INFO] CodeEngine:239 - oldGeneratedFile, E:\microprocessor_ReportLab3\Lab3_project\Core\Inc\stm32f1xx_it.h_save
2024-09-23 09:33:29,140 [INFO] CodeEngine:257 - Generated code: E:\microprocessor_ReportLab3\Lab3_project\Core\Inc\stm32f1xx_it.h
2024-09-23 09:33:29,148 [INFO] CodeEngine:239 - oldGeneratedFile, E:\microprocessor_ReportLab3\Lab3_project\Core\Src\stm32f1xx_hal_msp.c_save
2024-09-23 09:33:29,403 [INFO] CodeEngine:257 - Generated code: E:\microprocessor_ReportLab3\Lab3_project\Core\Src\stm32f1xx_hal_msp.c
2024-09-23 09:33:29,419 [INFO] CodeEngine:239 - oldGeneratedFile, E:\microprocessor_ReportLab3\Lab3_project\MXTmpFiles\system.tmp_save
2024-09-23 09:33:29,559 [INFO] CodeEngine:257 - Generated code: E:\microprocessor_ReportLab3\Lab3_project\MXTmpFiles\system.tmp
2024-09-23 09:33:29,575 [INFO] CodeEngine:239 - oldGeneratedFile, E:\microprocessor_ReportLab3\Lab3_project\Core\Inc\stm32f1xx_hal_conf.h_save
2024-09-23 09:33:29,809 [INFO] CodeEngine:257 - Generated code: E:\microprocessor_ReportLab3\Lab3_project\Core\Inc\stm32f1xx_hal_conf.h
2024-09-23 09:33:29,903 [INFO] CodeEngine:239 - oldGeneratedFile, E:\microprocessor_ReportLab3\Lab3_project\Core\Inc\main.h_save
2024-09-23 09:33:30,153 [INFO] CodeEngine:257 - Generated code: E:\microprocessor_ReportLab3\Lab3_project\Core\Inc\main.h
2024-09-23 09:33:30,169 [INFO] CodeEngine:239 - oldGeneratedFile, E:\microprocessor_ReportLab3\Lab3_project\Core\Src\main.c_save
2024-09-23 09:33:30,356 [INFO] CodeEngine:257 - Generated code: E:\microprocessor_ReportLab3\Lab3_project\Core\Src\main.c
2024-09-23 09:33:31,700 [INFO] ProjectBuilder:2578 - Time for Copy HAL[1] : 79mS.
2024-09-23 09:34:18,782 [INFO] Activator:177 - 


2024-09-23 09:34:18,797 [INFO] Activator:178 - !SESSION log4j initialized
2024-09-23 09:35:19,355 [INFO] Activator:177 - 


2024-09-23 09:35:19,355 [INFO] Activator:178 - !SESSION log4j initialized
2024-09-23 09:35:38,500 [INFO] McuFinderGlobals:39 - Set McuFinder mode to 2 (CubeIDE integrated)
2024-09-23 09:35:38,610 [INFO] ApplicationProperties:181 - Using Application install path: C:\Users\thuyh\STM32CubeIDE_1.7.0\STM32CubeIDE\plugins\com.st.stm32cube.common.mx_6.3.0.202107141111
2024-09-23 09:35:38,625 [INFO] DbMcusXml:74 - Set database path to: C:\Users\thuyh\STM32CubeIDE_1.7.0\STM32CubeIDE\plugins\com.st.stm32cube.common.mx_6.3.0.202107141111\\db\/mcu/
2024-09-23 09:35:38,625 [INFO] DbBoardsPdsc:56 - Set plugin database path to: C:\Users\thuyh\STM32CubeIDE_1.7.0\STM32CubeIDE\plugins\com.st.stm32cube.common.mx_6.3.0.202107141111\\db\/plugins/boardmanager/
2024-09-23 09:35:38,625 [INFO] DbMcus:258 - Set plugin images path to: C:\Users\thuyh\STM32CubeIDE_1.7.0\STM32CubeIDE\plugins\com.st.stm32cube.common.mx_6.3.0.202107141111\\db\/plugins/mcufinder/images/
2024-09-23 09:35:38,625 [INFO] DbBoards:264 - Set plugin images path to: C:\Users\thuyh\STM32CubeIDE_1.7.0\STM32CubeIDE\plugins\com.st.stm32cube.common.mx_6.3.0.202107141111\\db\/plugins/mcufinder/images/
2024-09-23 09:35:38,625 [INFO] DbExamples:333 - Set plugin images path to: C:\Users\thuyh\STM32CubeIDE_1.7.0\STM32CubeIDE\plugins\com.st.stm32cube.common.mx_6.3.0.202107141111\\db\/plugins/mcufinder/images/
2024-09-23 09:35:38,641 [INFO] DbMcusAds:119 - Set database path to: C:\Users\thuyh\.stmcufinder\plugins\mcufinder//mcu/
2024-09-23 09:35:38,641 [INFO] DbMcusDocs:110 - Set database path to: C:\Users\thuyh\.stmcufinder\plugins\mcufinder//mcu/
2024-09-23 09:35:38,641 [INFO] DbMcusJson:64 - Set database path to: C:\Users\thuyh\.stmcufinder\plugins\mcufinder//mcu/
2024-09-23 09:35:38,641 [INFO] DbBoardsDocs:110 - Set database path to: C:\Users\thuyh\.stmcufinder\plugins\mcufinder//mcu/
2024-09-23 09:35:38,641 [INFO] DbBoardsJson:57 - Set database path to: C:\Users\thuyh\.stmcufinder\plugins\mcufinder//mcu/
2024-09-23 09:35:45,875 [INFO] CrossReferenceDbSqlite:196 - Set database path to: C:\Users\thuyh\.stmcufinder\plugins\mcufinder//mcu/cs/
2024-09-23 09:35:45,875 [INFO] DbExamplesSqlite:767 - Set database path to: C:\Users\thuyh\.stmcufinder\plugins\mcufinder//mcu/
2024-09-23 09:35:46,062 [INFO] RulesReader:57 - Compatibility file has been processed (242 Rules)
2024-09-23 09:35:46,203 [INFO] DbMcusXml:74 - Set database path to: C:\Users\thuyh\STM32CubeIDE_1.7.0\STM32CubeIDE\plugins\com.st.stm32cube.common.mx_6.3.0.202107141111\\db\/mcu/
2024-09-23 09:35:46,218 [INFO] DbBoardsPdsc:56 - Set plugin database path to: C:\Users\thuyh\STM32CubeIDE_1.7.0\STM32CubeIDE\plugins\com.st.stm32cube.common.mx_6.3.0.202107141111\\db\/plugins/boardmanager/
2024-09-23 09:35:46,218 [INFO] DbMcus:258 - Set plugin images path to: C:\Users\thuyh\STM32CubeIDE_1.7.0\STM32CubeIDE\plugins\com.st.stm32cube.common.mx_6.3.0.202107141111\\db\/plugins/mcufinder/images/
2024-09-23 09:35:46,218 [INFO] DbBoards:264 - Set plugin images path to: C:\Users\thuyh\STM32CubeIDE_1.7.0\STM32CubeIDE\plugins\com.st.stm32cube.common.mx_6.3.0.202107141111\\db\/plugins/mcufinder/images/
2024-09-23 09:35:46,218 [INFO] DbExamples:333 - Set plugin images path to: C:\Users\thuyh\STM32CubeIDE_1.7.0\STM32CubeIDE\plugins\com.st.stm32cube.common.mx_6.3.0.202107141111\\db\/plugins/mcufinder/images/
2024-09-23 09:35:46,218 [WARN] DbFile:35 - Overriding database path with different value: C:\Users\thuyh\.stmcufinder\plugins\mcufinder/ => C:\Users\thuyh\.stmcufinder\plugins\mcufinder
2024-09-23 09:35:46,218 [INFO] DbMcusAds:119 - Set database path to: C:\Users\thuyh\.stmcufinder\plugins\mcufinder//mcu/
2024-09-23 09:35:46,218 [WARN] DbFile:35 - Overriding database path with different value: C:\Users\thuyh\.stmcufinder\plugins\mcufinder/ => C:\Users\thuyh\.stmcufinder\plugins\mcufinder
2024-09-23 09:35:46,218 [INFO] DbMcusDocs:110 - Set database path to: C:\Users\thuyh\.stmcufinder\plugins\mcufinder//mcu/
2024-09-23 09:35:46,218 [WARN] DbFile:35 - Overriding database path with different value: C:\Users\thuyh\.stmcufinder\plugins\mcufinder/ => C:\Users\thuyh\.stmcufinder\plugins\mcufinder
2024-09-23 09:35:46,218 [INFO] DbMcusJson:64 - Set database path to: C:\Users\thuyh\.stmcufinder\plugins\mcufinder//mcu/
2024-09-23 09:35:46,218 [WARN] DbFile:35 - Overriding database path with different value: C:\Users\thuyh\.stmcufinder\plugins\mcufinder/ => C:\Users\thuyh\.stmcufinder\plugins\mcufinder
2024-09-23 09:35:46,218 [INFO] DbBoardsDocs:110 - Set database path to: C:\Users\thuyh\.stmcufinder\plugins\mcufinder//mcu/
2024-09-23 09:35:46,218 [WARN] DbFile:35 - Overriding database path with different value: C:\Users\thuyh\.stmcufinder\plugins\mcufinder/ => C:\Users\thuyh\.stmcufinder\plugins\mcufinder
2024-09-23 09:35:46,218 [INFO] DbBoardsJson:57 - Set database path to: C:\Users\thuyh\.stmcufinder\plugins\mcufinder//mcu/
2024-09-23 09:35:46,218 [WARN] DbFile:35 - Overriding database path with different value: C:\Users\thuyh\.stmcufinder\plugins\mcufinder/ => C:\Users\thuyh\.stmcufinder\plugins\mcufinder
2024-09-23 09:35:46,218 [WARN] DbFile:35 - Overriding database path with different value: C:\Users\thuyh\.stmcufinder\plugins\mcufinder/ => C:\Users\thuyh\.stmcufinder\plugins\mcufinder
2024-09-23 09:35:46,218 [INFO] CrossReferenceDbSqlite:196 - Set database path to: C:\Users\thuyh\.stmcufinder\plugins\mcufinder//mcu/cs/
2024-09-23 09:35:46,218 [WARN] DbFile:35 - Overriding database path with different value: C:\Users\thuyh\.stmcufinder\plugins\mcufinder/ => C:\Users\thuyh\.stmcufinder\plugins\mcufinder
2024-09-23 09:35:46,218 [INFO] DbExamplesSqlite:767 - Set database path to: C:\Users\thuyh\.stmcufinder\plugins\mcufinder//mcu/
2024-09-23 09:35:46,375 [INFO] MainPanel:214 - HeapMemory: 268435456
2024-09-23 09:35:46,500 [INFO] DbMcusXml:74 - Set database path to: C:\Users\thuyh\STM32CubeIDE_1.7.0\STM32CubeIDE\plugins\com.st.stm32cube.common.mx_6.3.0.202107141111\\db\/mcu/
2024-09-23 09:35:46,500 [INFO] DbBoardsPdsc:56 - Set plugin database path to: C:\Users\thuyh\STM32CubeIDE_1.7.0\STM32CubeIDE\plugins\com.st.stm32cube.common.mx_6.3.0.202107141111\\db\/plugins/boardmanager/
2024-09-23 09:35:46,500 [INFO] DbMcus:258 - Set plugin images path to: C:\Users\thuyh\STM32CubeIDE_1.7.0\STM32CubeIDE\plugins\com.st.stm32cube.common.mx_6.3.0.202107141111\\db\/plugins/mcufinder/images/
2024-09-23 09:35:46,500 [INFO] DbBoards:264 - Set plugin images path to: C:\Users\thuyh\STM32CubeIDE_1.7.0\STM32CubeIDE\plugins\com.st.stm32cube.common.mx_6.3.0.202107141111\\db\/plugins/mcufinder/images/
2024-09-23 09:35:46,500 [INFO] DbExamples:333 - Set plugin images path to: C:\Users\thuyh\STM32CubeIDE_1.7.0\STM32CubeIDE\plugins\com.st.stm32cube.common.mx_6.3.0.202107141111\\db\/plugins/mcufinder/images/
2024-09-23 09:35:46,500 [WARN] DbFile:35 - Overriding database path with different value: C:\Users\thuyh\.stmcufinder\plugins\mcufinder/ => C:\Users\thuyh\.stmcufinder\plugins\mcufinder
2024-09-23 09:35:46,500 [INFO] DbMcusAds:119 - Set database path to: C:\Users\thuyh\.stmcufinder\plugins\mcufinder//mcu/
2024-09-23 09:35:46,500 [WARN] DbFile:35 - Overriding database path with different value: C:\Users\thuyh\.stmcufinder\plugins\mcufinder/ => C:\Users\thuyh\.stmcufinder\plugins\mcufinder
2024-09-23 09:35:46,500 [INFO] DbMcusDocs:110 - Set database path to: C:\Users\thuyh\.stmcufinder\plugins\mcufinder//mcu/
2024-09-23 09:35:46,500 [WARN] DbFile:35 - Overriding database path with different value: C:\Users\thuyh\.stmcufinder\plugins\mcufinder/ => C:\Users\thuyh\.stmcufinder\plugins\mcufinder
2024-09-23 09:35:46,500 [INFO] DbMcusJson:64 - Set database path to: C:\Users\thuyh\.stmcufinder\plugins\mcufinder//mcu/
2024-09-23 09:35:46,500 [WARN] DbFile:35 - Overriding database path with different value: C:\Users\thuyh\.stmcufinder\plugins\mcufinder/ => C:\Users\thuyh\.stmcufinder\plugins\mcufinder
2024-09-23 09:35:46,500 [INFO] DbBoardsDocs:110 - Set database path to: C:\Users\thuyh\.stmcufinder\plugins\mcufinder//mcu/
2024-09-23 09:35:46,500 [WARN] DbFile:35 - Overriding database path with different value: C:\Users\thuyh\.stmcufinder\plugins\mcufinder/ => C:\Users\thuyh\.stmcufinder\plugins\mcufinder
2024-09-23 09:35:46,500 [INFO] DbBoardsJson:57 - Set database path to: C:\Users\thuyh\.stmcufinder\plugins\mcufinder//mcu/
2024-09-23 09:35:46,500 [WARN] DbFile:35 - Overriding database path with different value: C:\Users\thuyh\.stmcufinder\plugins\mcufinder/ => C:\Users\thuyh\.stmcufinder\plugins\mcufinder
2024-09-23 09:35:46,500 [WARN] DbFile:35 - Overriding database path with different value: C:\Users\thuyh\.stmcufinder\plugins\mcufinder/ => C:\Users\thuyh\.stmcufinder\plugins\mcufinder
2024-09-23 09:35:46,500 [INFO] CrossReferenceDbSqlite:196 - Set database path to: C:\Users\thuyh\.stmcufinder\plugins\mcufinder//mcu/cs/
2024-09-23 09:35:46,500 [WARN] DbFile:35 - Overriding database path with different value: C:\Users\thuyh\.stmcufinder\plugins\mcufinder/ => C:\Users\thuyh\.stmcufinder\plugins\mcufinder
2024-09-23 09:35:46,500 [INFO] DbExamplesSqlite:767 - Set database path to: C:\Users\thuyh\.stmcufinder\plugins\mcufinder//mcu/
2024-09-23 09:35:46,531 [INFO] ApplicationProperties:181 - Using Application install path: C:\Users\thuyh\STM32CubeIDE_1.7.0\STM32CubeIDE\plugins\com.st.stm32cube.common.mx_6.3.0.202107141111
2024-09-23 09:35:46,547 [INFO] PluginManage:188 - Search for loadable plugins [exclusion list=, ]
2024-09-23 09:35:46,547 [INFO] PluginManage:302 - Check plugin analytics
2024-09-23 09:35:46,923 [INFO] AnalyticsPlugin:257 - Accepted Software Licenses: 
2024-09-23 09:35:46,923 [INFO] AnalyticsPlugin:259 - Accepted CMSIS Pack Licenses: 
2024-09-23 09:35:46,923 [INFO] AnalyticsPlugin:261 - Accepted Firmware Licenses: 
2024-09-23 09:35:46,923 [INFO] PluginManage:352 - Loaded plugin analytics (category:tool,tabindex:-1)
2024-09-23 09:35:46,923 [INFO] PluginManage:302 - Check plugin clock
2024-09-23 09:35:46,954 [INFO] PluginManage:352 - Loaded plugin clock (category:base,tabindex:2)
2024-09-23 09:35:46,954 [INFO] PluginManage:302 - Check plugin ddr
2024-09-23 09:35:46,954 [INFO] PluginManage:352 - Loaded plugin ddr (category:tool,tabindex:6)
2024-09-23 09:35:46,954 [INFO] PluginManage:302 - Check plugin filemanager
2024-09-23 09:35:47,237 [INFO] PluginManage:352 - Loaded plugin filemanager (category:base,tabindex:10)
2024-09-23 09:35:47,237 [INFO] PluginManage:302 - Check plugin ipmanager
2024-09-23 09:35:47,252 [INFO] PluginManage:352 - Loaded plugin ipmanager (category:base,tabindex:5)
2024-09-23 09:35:47,252 [INFO] PluginManage:302 - Check plugin pinoutandconfiguration
2024-09-23 09:35:47,268 [INFO] PluginManage:352 - Loaded plugin pinoutandconfiguration (category:base,tabindex:1)
2024-09-23 09:35:47,268 [INFO] PluginManage:302 - Check plugin pinoutconfig
2024-09-23 09:35:47,331 [INFO] PluginManage:352 - Loaded plugin pinoutconfig (category:base,tabindex:0)
2024-09-23 09:35:47,331 [INFO] PluginManage:302 - Check plugin power
2024-09-23 09:35:47,346 [INFO] PluginManage:352 - Loaded plugin power (category:power,tabindex:4)
2024-09-23 09:35:47,346 [INFO] PluginManage:302 - Check plugin projectmanager
2024-09-23 09:35:47,393 [INFO] PluginManage:352 - Loaded plugin projectmanager (category:projectmanager,tabindex:3)
2024-09-23 09:35:47,393 [INFO] PluginManage:302 - Check plugin thirdparty
2024-09-23 09:35:47,690 [WARN] IntegrityCheckThread:78 - waiting for thirdparty lock release [integrity check]
2024-09-23 09:35:47,690 [INFO] IntegrityCheckThread:80 - entering critical section [integrity check]
2024-09-23 09:35:47,690 [INFO] PluginManage:352 - Loaded plugin thirdparty (category:base,tabindex:-1)
2024-09-23 09:35:47,690 [INFO] ThirdPartyUpdaterWithRetryManager:66 - Updater plugin not ready yet. [1/15]
2024-09-23 09:35:47,690 [INFO] PluginManage:302 - Check plugin tools
2024-09-23 09:35:47,690 [INFO] PluginManage:352 - Loaded plugin tools (category:base,tabindex:7)
2024-09-23 09:35:47,690 [INFO] PluginManage:302 - Check plugin tutovideos
2024-09-23 09:35:47,971 [INFO] PluginManage:352 - Loaded plugin tutovideos (category:base,tabindex:-1)
2024-09-23 09:35:47,971 [INFO] PluginManage:302 - Check plugin updater
2024-09-23 09:35:47,987 [INFO] PluginManage:352 - Loaded plugin updater (category:base,tabindex:12)
2024-09-23 09:35:48,002 [INFO] PluginManage:275 - PluginManage : Loaded plugins [13]
2024-09-23 09:35:48,252 [INFO] PinOutPanel:1463 - setPackage(No Configuration,No Configuration)
2024-09-23 09:35:48,377 [INFO] IPUIPlugin:74 - create IPUIPlugin
2024-09-23 09:35:48,377 [INFO] PluginManager:213 - loadIPPluginJar : add adc
2024-09-23 09:35:48,377 [INFO] IPUIPlugin:74 - create IPUIPlugin
2024-09-23 09:35:48,377 [INFO] PluginManager:213 - loadIPPluginJar : add aes
2024-09-23 09:35:48,377 [INFO] IPUIPlugin:74 - create IPUIPlugin
2024-09-23 09:35:48,377 [INFO] PluginManager:213 - loadIPPluginJar : add can
2024-09-23 09:35:48,393 [INFO] IPUIPlugin:74 - create IPUIPlugin
2024-09-23 09:35:48,393 [INFO] PluginManager:213 - loadIPPluginJar : add comp
2024-09-23 09:35:48,393 [INFO] IPUIPlugin:74 - create IPUIPlugin
2024-09-23 09:35:48,393 [INFO] PluginManager:213 - loadIPPluginJar : add cryp
2024-09-23 09:35:48,393 [INFO] IPUIPlugin:74 - create IPUIPlugin
2024-09-23 09:35:48,393 [INFO] PluginManager:213 - loadIPPluginJar : add dfsdm
2024-09-23 09:35:48,393 [INFO] IPUIPlugin:74 - create IPUIPlugin
2024-09-23 09:35:48,393 [INFO] PluginManager:213 - loadIPPluginJar : add dma
2024-09-23 09:35:48,408 [INFO] IPUIPlugin:74 - create IPUIPlugin
2024-09-23 09:35:48,408 [INFO] PluginManager:213 - loadIPPluginJar : add dma3
2024-09-23 09:35:48,408 [INFO] IPUIPlugin:74 - create IPUIPlugin
2024-09-23 09:35:48,408 [INFO] PluginManager:213 - loadIPPluginJar : add fatfs
2024-09-23 09:35:48,408 [INFO] IPUIPlugin:74 - create IPUIPlugin
2024-09-23 09:35:48,408 [INFO] PluginManager:213 - loadIPPluginJar : add fmc
2024-09-23 09:35:48,424 [INFO] IPUIPlugin:74 - create IPUIPlugin
2024-09-23 09:35:48,424 [INFO] PluginManager:213 - loadIPPluginJar : add freertos
2024-09-23 09:35:48,424 [INFO] IPUIPlugin:74 - create IPUIPlugin
2024-09-23 09:35:48,424 [INFO] PluginManager:213 - loadIPPluginJar : add genericplugin
2024-09-23 09:35:48,424 [INFO] IPUIPlugin:74 - create IPUIPlugin
2024-09-23 09:35:48,424 [INFO] PluginManager:213 - loadIPPluginJar : add gfxmmu
2024-09-23 09:35:48,424 [INFO] IPUIPlugin:74 - create IPUIPlugin
2024-09-23 09:35:48,424 [INFO] PluginManager:213 - loadIPPluginJar : add gic
2024-09-23 09:35:48,440 [INFO] IPUIPlugin:74 - create IPUIPlugin
2024-09-23 09:35:48,440 [INFO] PluginManager:213 - loadIPPluginJar : add gpio
2024-09-23 09:35:48,440 [INFO] IPUIPlugin:74 - create IPUIPlugin
2024-09-23 09:35:48,440 [INFO] PluginManager:213 - loadIPPluginJar : add gtzc
2024-09-23 09:35:48,440 [INFO] IPUIPlugin:74 - create IPUIPlugin
2024-09-23 09:35:48,440 [INFO] PluginManager:213 - loadIPPluginJar : add hash
2024-09-23 09:35:48,440 [INFO] IPUIPlugin:74 - create IPUIPlugin
2024-09-23 09:35:48,440 [INFO] PluginManager:213 - loadIPPluginJar : add i2c
2024-09-23 09:35:48,440 [INFO] IPUIPlugin:74 - create IPUIPlugin
2024-09-23 09:35:48,440 [INFO] PluginManager:213 - loadIPPluginJar : add i2s
2024-09-23 09:35:48,455 [INFO] IPUIPlugin:74 - create IPUIPlugin
2024-09-23 09:35:48,455 [INFO] PluginManager:213 - loadIPPluginJar : add ipddr
2024-09-23 09:35:48,455 [INFO] IPUIPlugin:74 - create IPUIPlugin
2024-09-23 09:35:48,455 [INFO] PluginManager:213 - loadIPPluginJar : add linkedlist
2024-09-23 09:35:48,455 [INFO] IPUIPlugin:74 - create IPUIPlugin
2024-09-23 09:35:48,455 [INFO] PluginManager:213 - loadIPPluginJar : add lorawan
2024-09-23 09:35:48,471 [INFO] IPUIPlugin:74 - create IPUIPlugin
2024-09-23 09:35:48,471 [INFO] PluginManager:213 - loadIPPluginJar : add ltdc
2024-09-23 09:35:48,471 [INFO] IPUIPlugin:74 - create IPUIPlugin
2024-09-23 09:35:48,471 [INFO] PluginManager:213 - loadIPPluginJar : add mdma
2024-09-23 09:35:48,471 [INFO] IPUIPlugin:74 - create IPUIPlugin
2024-09-23 09:35:48,471 [INFO] PluginManager:213 - loadIPPluginJar : add nvic
2024-09-23 09:35:48,471 [INFO] IPUIPlugin:74 - create IPUIPlugin
2024-09-23 09:35:48,471 [INFO] PluginManager:213 - loadIPPluginJar : add opamp
2024-09-23 09:35:48,471 [INFO] IPUIPlugin:74 - create IPUIPlugin
2024-09-23 09:35:48,487 [INFO] PluginManager:213 - loadIPPluginJar : add openamp
2024-09-23 09:35:48,487 [INFO] IPUIPlugin:74 - create IPUIPlugin
2024-09-23 09:35:48,487 [INFO] PluginManager:213 - loadIPPluginJar : add pdm2pcm
2024-09-23 09:35:48,487 [INFO] IPUIPlugin:74 - create IPUIPlugin
2024-09-23 09:35:48,487 [INFO] PluginManager:213 - loadIPPluginJar : add plateformsettings
2024-09-23 09:35:48,502 [INFO] IPUIPlugin:74 - create IPUIPlugin
2024-09-23 09:35:48,502 [INFO] PluginManager:213 - loadIPPluginJar : add quadspi
2024-09-23 09:35:48,502 [INFO] IPUIPlugin:74 - create IPUIPlugin
2024-09-23 09:35:48,502 [INFO] PluginManager:213 - loadIPPluginJar : add resmgrutility
2024-09-23 09:35:48,502 [INFO] IPUIPlugin:74 - create IPUIPlugin
2024-09-23 09:35:48,502 [INFO] PluginManager:213 - loadIPPluginJar : add sai
2024-09-23 09:35:48,502 [INFO] IPUIPlugin:74 - create IPUIPlugin
2024-09-23 09:35:48,502 [INFO] PluginManager:213 - loadIPPluginJar : add spi
2024-09-23 09:35:48,518 [INFO] IPUIPlugin:74 - create IPUIPlugin
2024-09-23 09:35:48,518 [INFO] PluginManager:213 - loadIPPluginJar : add stm32_wpan
2024-09-23 09:35:48,518 [INFO] IPUIPlugin:74 - create IPUIPlugin
2024-09-23 09:35:48,518 [INFO] PluginManager:213 - loadIPPluginJar : add tim
2024-09-23 09:35:48,518 [INFO] IPUIPlugin:74 - create IPUIPlugin
2024-09-23 09:35:48,518 [INFO] PluginManager:213 - loadIPPluginJar : add touchsensing
2024-09-23 09:35:48,518 [INFO] IPUIPlugin:74 - create IPUIPlugin
2024-09-23 09:35:48,518 [INFO] PluginManager:213 - loadIPPluginJar : add tracer_emb
2024-09-23 09:35:48,518 [INFO] IPUIPlugin:74 - create IPUIPlugin
2024-09-23 09:35:48,533 [INFO] PluginManager:213 - loadIPPluginJar : add ts
2024-09-23 09:35:48,533 [INFO] IPUIPlugin:74 - create IPUIPlugin
2024-09-23 09:35:48,533 [INFO] PluginManager:213 - loadIPPluginJar : add tsc
2024-09-23 09:35:48,533 [INFO] IPUIPlugin:74 - create IPUIPlugin
2024-09-23 09:35:48,533 [INFO] PluginManager:213 - loadIPPluginJar : add ucpd
2024-09-23 09:35:48,533 [INFO] IPUIPlugin:74 - create IPUIPlugin
2024-09-23 09:35:48,533 [INFO] PluginManager:213 - loadIPPluginJar : add usart
2024-09-23 09:35:48,533 [INFO] IPUIPlugin:74 - create IPUIPlugin
2024-09-23 09:35:48,533 [INFO] PluginManager:213 - loadIPPluginJar : add usbx
2024-09-23 09:35:48,871 [FATAL] Updater:294 - Updater called before beeing initialized
2024-09-23 09:35:49,012 [FATAL] Updater:294 - Updater called before beeing initialized
2024-09-23 09:35:49,012 [INFO] DbMcusAds:47 - JSON generation date=Fri Sep 20 20:04:23 ICT 2024 (1726837463113)
2024-09-23 09:35:49,012 [FATAL] Updater:294 - Updater called before beeing initialized
2024-09-23 09:35:49,059 [WARN] DetailPanel:314 - Failed to get advertising image, set to default
2024-09-23 09:35:49,293 [FATAL] Updater:294 - Updater called before beeing initialized
2024-09-23 09:35:49,293 [FATAL] Updater:294 - Updater called before beeing initialized
2024-09-23 09:35:49,293 [FATAL] Updater:294 - Updater called before beeing initialized
2024-09-23 09:35:49,293 [WARN] DetailPanel:314 - Failed to get advertising image, set to default
2024-09-23 09:35:49,293 [FATAL] Updater:294 - Updater called before beeing initialized
2024-09-23 09:35:49,372 [ERROR] Updater:1075 - MainUpdater not yet initialized. External WinMGr cannot be set.
2024-09-23 09:35:49,387 [INFO] Updater:1012 - Updater Version found : 6.3.0
2024-09-23 09:35:49,387 [INFO] ApplicationProperties:181 - Using Application install path: C:\Users\thuyh\STM32CubeIDE_1.7.0\STM32CubeIDE\plugins\com.st.stm32cube.common.mx_6.3.0.202107141111
2024-09-23 09:35:50,699 [INFO] ThirdPartyUpdaterWithRetryManager:66 - Updater plugin not ready yet. [2/15]
2024-09-23 09:35:51,480 [WARN] ServerAccessManage:1053 - Warning during Server Connexion :  timeout connect timed out
2024-09-23 09:35:53,708 [FATAL] Updater:294 - Updater called before beeing initialized
2024-09-23 09:35:53,708 [ERROR] IntegrityCheckThread:124 - Cannot retrieve database content from updater: error 21
2024-09-23 09:35:53,708 [INFO] ThirdParty:915 - Integrity check success = false
2024-09-23 09:35:53,708 [INFO] IntegrityCheckThread:94 - exiting critical section [integrity check]
2024-09-23 09:35:53,708 [INFO] IntegrityCheckThread:97 - End integrity checks thread
2024-09-23 09:35:54,161 [WARN] ServerAccessManage:1053 - Warning during Server Connexion :  timeout Read timed out
2024-09-23 09:36:01,375 [ERROR] ServerAccessManage:1031 - Warning during Server Connexion :  Unknown host www.ebuc23.com
2024-09-23 09:36:01,375 [INFO] MainUpdater:2671 - connection check result : 22
2024-09-23 09:36:01,375 [INFO] MainUpdater:265 - Updater Check For Update Now.
2024-09-23 09:36:01,375 [INFO] MicroXplorer:478 - Change Database Version : DB.6.0.30
2024-09-23 09:36:01,546 [INFO] CheckServerUpdateThread:112 - End of CheckServer Thread
2024-09-23 09:36:01,593 [INFO] MainUpdater:2671 - connection check result : 22
2024-09-23 09:36:07,068 [WARN] ServerAccessManage:1053 - Warning during Server Connexion :  timeout connect timed out
2024-09-23 09:36:08,083 [WARN] ServerAccessManage:1053 - Warning during Server Connexion :  timeout connect timed out
2024-09-23 09:36:08,083 [ERROR] ServerAccessManage:1031 - Warning during Server Connexion :  Unknown host www.ebuc23.com
2024-09-23 09:36:08,083 [INFO] MainUpdater:2671 - connection check result : 22
2024-09-23 09:36:09,996 [INFO] McuFinderGlobals:52 - Set McuFinderConnectedMode to false
2024-09-23 09:36:10,183 [INFO] CrossSelectorPresenter:1330 - Cross Selector saved comparison directory: C:\Users\thuyh\.stmcufinder\plugins\mcufinder\mcu\cs_comparisons_mx
2024-09-23 09:36:10,183 [INFO] MultiScanPanel:197 - Auto-refresh data requested => check proxy status ongoing
2024-09-23 09:36:10,183 [INFO] MultiScanPanel:201 - Proxy status is invalid
2024-09-23 09:36:10,183 [INFO] FinderPluginLoader:87 - Searching for filters in installed packs
2024-09-23 09:36:10,199 [INFO] DbMcusXml:100 - Load MCU database from C:\Users\thuyh\STM32CubeIDE_1.7.0\STM32CubeIDE\plugins\com.st.stm32cube.common.mx_6.3.0.202107141111\\db\/mcu/families.xml
2024-09-23 09:36:11,714 [INFO] DbMcusJson:93 - JSON generation date=Tue Nov 16 23:17:54 ICT 2021 (1637079474)
2024-09-23 09:36:12,698 [INFO] DbMcus:175 - Found 1951 MCUs (1903 are supported by CubeMX, 1914 are visible in CubeMX)
2024-09-23 09:36:12,698 [INFO] ApiDb:251 - Load user favorites file C:\Users\thuyh/.stm32cubeide/favorites.mcus.txt: 0 item(s)
2024-09-23 09:36:12,698 [INFO] ApiDb:255 - User favorites MCUs=[]
2024-09-23 09:36:12,698 [INFO] DbMcus:187 - Set 0 / 0 favorites MCUs
2024-09-23 09:36:13,355 [INFO] DetailPanel:309 - Set advertising image to C:/Users/thuyh/STM32Cube/Repository/\en.prom-stm32c071-usb-memories-mcu-finder.png
2024-09-23 09:36:13,886 [INFO] DbBoardsPdsc:90 - Found 25 items
2024-09-23 09:36:13,886 [INFO] DbBoardsPdsc:90 - Found 9 items
2024-09-23 09:36:13,917 [INFO] DbBoardsPdsc:90 - Found 33 items
2024-09-23 09:36:13,917 [INFO] DbBoardsPdsc:90 - Found 1 items
2024-09-23 09:36:13,917 [INFO] DbBoardsPdsc:90 - Found 48 items
2024-09-23 09:36:13,933 [INFO] DbBoardsPdsc:90 - Found 43 items
2024-09-23 09:36:13,933 [INFO] DbBoardsPdsc:90 - Found 2 items
2024-09-23 09:36:13,933 [INFO] DbBoardsPdsc:90 - Found 5 items
2024-09-23 09:36:13,948 [WARN] DbBoardsPdsc:254 - Board STM32H7B3I-DK: unknown feature type=Audio, name=, username=Audio stereo codec with Headphone Amp (CS42L51-CNZ), n=1
2024-09-23 09:36:13,948 [WARN] DbBoardsPdsc:254 - Board STM32H735G-DK: unknown feature type=Audio, name=, username=Audio stereo codec with Headphone Amp (WM8994ECS/R), n=1
2024-09-23 09:36:13,948 [WARN] DbBoardsPdsc:254 - Board STM32H7B3I-EVAL: unknown feature type=Audio, name=, username=Multi-Channel Audio Codec (CS42L51-CNZ), n=1
2024-09-23 09:36:13,948 [WARN] DbBoardsPdsc:254 - Board STM32H7B3I-EVAL: unknown feature type=Meter, name=, username=Power-metering and Temperature-monitoring with sigma-delta modulators, n=1
2024-09-23 09:36:13,948 [WARN] DbBoardsPdsc:254 - Board STM32H7B3I-EVAL: unknown feature type=Motor, name=, username=Motor Control, n=1
2024-09-23 09:36:13,948 [WARN] DbBoardsPdsc:254 - Board STM32U575I-EV: unknown feature type=joystick, name=, username=4-direction joystick with selection button, n=1
2024-09-23 09:36:13,979 [INFO] DbBoardsJson:86 - JSON generation date=Tue Nov 16 23:17:54 ICT 2021 (1637079474)
2024-09-23 09:36:13,995 [INFO] DbBoards:117 - Found 167 boards (163 are supported by CubeMX)
2024-09-23 09:36:13,995 [INFO] DbBoardsDocs:143 - JSON generation date=Tue Nov 16 23:17:54 ICT 2021 (1637079474)
2024-09-23 09:36:13,995 [INFO] DbBoardsDocs:79 - Found 209 boards documents
2024-09-23 09:36:13,995 [WARN] DbBoards:127 - board B-L475E-IOT01A2 has no document id list !
2024-09-23 09:36:13,995 [WARN] DbBoards:127 - board NUCLEO-H743ZI has no document id list !
2024-09-23 09:36:13,995 [WARN] DbBoards:127 - board NUCLEO-WL55JC2 has no document id list !
2024-09-23 09:36:13,995 [WARN] DbBoards:127 - board P-NUCLEO-WB55-Nucleo has no document id list !
2024-09-23 09:36:13,995 [WARN] DbBoards:127 - board P-NUCLEO-WB55-USBDongle has no document id list !
2024-09-23 09:36:13,995 [WARN] DbBoards:127 - board STEVAL-BFA001V1B has no document id list !
2024-09-23 09:36:13,995 [WARN] DbBoards:127 - board STEVAL-BFA001V2B has no document id list !
2024-09-23 09:36:13,995 [WARN] DbBoards:127 - board STEVAL-IDP005V1 has no document id list !
2024-09-23 09:36:13,995 [WARN] DbBoards:127 - board STEVAL-IDP005V2 has no document id list !
2024-09-23 09:36:13,995 [WARN] DbBoards:127 - board STEVAL-MKSBOX1V1 has no document id list !
2024-09-23 09:36:13,995 [WARN] DbBoards:127 - board STEVAL-STWINKT1 has no document id list !
2024-09-23 09:36:13,995 [WARN] DbBoards:127 - board STEVAL-STWINKT1B has no document id list !
2024-09-23 09:36:13,995 [WARN] DbBoards:127 - board STM32439I-EVAL2 has no document id list !
2024-09-23 09:36:13,995 [WARN] DbBoards:127 - board STM32F401C-DISCO has no document id list !
2024-09-23 09:36:13,995 [WARN] DbBoards:127 - board STM32F769I-DISC1 has no document id list !
2024-09-23 09:36:14,011 [WARN] DbBoards:127 - board STM32G474E-EVAL1 has no document id list !
2024-09-23 09:36:14,011 [WARN] DbBoards:127 - board STM32H743I-EVAL2 has no document id list !
2024-09-23 09:36:14,011 [WARN] DbBoards:127 - board STM32H747I-DISC1 has no document id list !
2024-09-23 09:36:14,011 [WARN] DbBoards:127 - board STM32H753I-EVAL2 has no document id list !
2024-09-23 09:36:14,011 [WARN] DbBoards:127 - board STM32L-DISCOVERY has no document id list !
2024-09-23 09:36:14,214 [ERROR] DbBoards:189 - Image file not found for board B-U585I-IOT02A: C:\Users\thuyh\STM32CubeIDE_1.7.0\STM32CubeIDE\plugins\com.st.stm32cube.common.mx_6.3.0.202107141111\\db\/plugins/mcufinder/images/boards/B-U585I-IOT02A_small.jpg
2024-09-23 09:36:14,339 [ERROR] DbBoards:189 - Image file not found for board NUCLEO-F413ZH: C:\Users\thuyh\STM32CubeIDE_1.7.0\STM32CubeIDE\plugins\com.st.stm32cube.common.mx_6.3.0.202107141111\\db\/plugins/mcufinder/images/boards/nucleo-f413zh_small.jpg
2024-09-23 09:36:14,573 [ERROR] DbBoards:189 - Image file not found for board NUCLEO-L552ZE-Q: C:\Users\thuyh\STM32CubeIDE_1.7.0\STM32CubeIDE\plugins\com.st.stm32cube.common.mx_6.3.0.202107141111\\db\/plugins/mcufinder/images/boards/nucleo_l552ze_q_small.jpg
2024-09-23 09:36:14,573 [ERROR] DbBoards:189 - Image file not found for board NUCLEO-U575ZI-Q: C:\Users\thuyh\STM32CubeIDE_1.7.0\STM32CubeIDE\plugins\com.st.stm32cube.common.mx_6.3.0.202107141111\\db\/plugins/mcufinder/images/boards/nucleo-u575zi-q_small.jpg
2024-09-23 09:36:14,573 [ERROR] DbBoards:189 - Image file not found for board NUCLEO-WB15CC: C:\Users\thuyh\STM32CubeIDE_1.7.0\STM32CubeIDE\plugins\com.st.stm32cube.common.mx_6.3.0.202107141111\\db\/plugins/mcufinder/images/boards/nucleo-wb15cc_small.jpg
2024-09-23 09:36:14,573 [ERROR] DbBoards:189 - Image file not found for board NUCLEO-WB55RG: C:\Users\thuyh\STM32CubeIDE_1.7.0\STM32CubeIDE\plugins\com.st.stm32cube.common.mx_6.3.0.202107141111\\db\/plugins/mcufinder/images/boards/nucleo-wb55rg_small.jpg
2024-09-23 09:36:15,823 [INFO] ApiDb:251 - Load user favorites file C:\Users\thuyh/.stm32cubeide/favorites.boards.txt: 0 item(s)
2024-09-23 09:36:15,823 [INFO] ApiDb:255 - User favorites Boards=[]
2024-09-23 09:36:15,823 [INFO] DbBoards:206 - Set 0 / 0 favorites Boards
2024-09-23 09:36:25,561 [INFO] DbMcusDocs:143 - JSON generation date=Tue Nov 16 23:17:54 ICT 2021 (1637079474)
2024-09-23 09:36:25,842 [INFO] DbMcusDocs:79 - Found 682 MCUs documents
2024-09-23 09:36:35,867 [INFO] MainUpdater:2671 - connection check result : 22
2024-09-23 09:36:35,867 [INFO] MainUpdater:2671 - connection check result : 22
2024-09-23 09:36:42,055 [WARN] ServerAccessManage:1053 - Warning during Server Connexion :  timeout Read timed out
2024-09-23 09:36:43,070 [WARN] ServerAccessManage:1053 - Warning during Server Connexion :  timeout connect timed out
2024-09-23 09:36:44,991 [ERROR] ServerAccessManage:1031 - Warning during Server Connexion :  Unknown host www.ebuc23.com
2024-09-23 09:36:45,007 [INFO] MainUpdater:2671 - connection check result : 22
2024-09-23 09:36:47,972 [INFO] MicroXplorer:448 - Change Database Path : 
2024-09-23 09:36:47,972 [INFO] MicroXplorer:478 - Change Database Version : DB.6.0.30
2024-09-23 09:36:47,972 [WARN] ThirdParty:813 - waiting for thirdparty lock release [close project]
2024-09-23 09:36:47,972 [INFO] ThirdParty:815 - entering critical section [close project]
2024-09-23 09:36:47,972 [INFO] ThirdParty:825 - exiting critical section [close project]
2024-09-23 09:36:47,988 [INFO] PinOutPanel:1463 - setPackage(No Configuration,No Configuration)
2024-09-23 09:36:47,988 [INFO] UtilMem:74 - Begin LoadConfig() Used Memory: 275226888 Bytes (494927872)
2024-09-23 09:36:47,988 [INFO] MicroXplorer:448 - Change Database Path : 
2024-09-23 09:36:47,988 [INFO] MicroXplorer:478 - Change Database Version : DB.6.0.30
2024-09-23 09:36:47,988 [INFO] OpenFileManager:313 - Change cursor
2024-09-23 09:36:48,003 [WARN] IntegrityCheckThread:78 - waiting for thirdparty lock release [integrity check]
2024-09-23 09:36:48,003 [INFO] IntegrityCheckThread:80 - entering critical section [integrity check]
2024-09-23 09:36:48,206 [ERROR] Engine:463 - C:\Users\thuyh\.stm32cubemx\thirdparties\pdsc\STMicroelectronics.FP-SNS-MOTENVWB1.1.4.0.pdsc: PDSC version is not supported
2024-09-23 09:36:48,222 [ERROR] Engine:463 - C:\Users\thuyh\.stm32cubemx\thirdparties\pdsc\STMicroelectronics.X-CUBE-SMBUS.2.1.0.pdsc: PDSC version is not supported
2024-09-23 09:36:48,284 [WARN] PackLoader:238 - Cannot read IP mode file for STMicroelectronics.X-CUBE-AZRTOS-F7.1.1.0
2024-09-23 09:36:48,347 [WARN] PackLoader:238 - Cannot read IP mode file for STMicroelectronics.X-CUBE-MEMS1.11.0.0
2024-09-23 09:36:48,566 [ERROR] Engine:463 - C:\Users\thuyh\.stm32cubemx\thirdparties\pdsc\STMicroelectronics.FP-SNS-FLIGHT1.5.0.2.pdsc: PDSC version is not supported
2024-09-23 09:36:48,566 [ERROR] Engine:463 - C:\Users\thuyh\.stm32cubemx\thirdparties\pdsc\STMicroelectronics.X-CUBE-DISPLAY.3.0.0.pdsc: PDSC version is not supported
2024-09-23 09:36:48,581 [WARN] PackLoader:238 - Cannot read IP mode file for STMicroelectronics.X-CUBE-BLE1.7.0.0
2024-09-23 09:36:48,581 [ERROR] Engine:463 - C:\Users\thuyh\.stm32cubemx\thirdparties\pdsc\emotas.I-CUBE-CANOPEN.1.3.0.pdsc: PDSC version is not supported
2024-09-23 09:36:48,597 [ERROR] Engine:463 - C:\Users\thuyh\.stm32cubemx\thirdparties\pdsc\STMicroelectronics.X-CUBE-BLEMGR.3.1.0.pdsc: PDSC version is not supported
2024-09-23 09:36:48,597 [ERROR] Engine:463 - C:\Users\thuyh\.stm32cubemx\thirdparties\pdsc\STMicroelectronics.FP-SNS-SMARTAG2.1.2.0.pdsc: PDSC version is not supported
2024-09-23 09:36:48,612 [INFO] LogOutputStream:76 - [STDOUT_REDIRECT] 1 : Invalid condition id : UX_CORESTACK_Condition cause : null
2024-09-23 09:36:48,628 [INFO] LogOutputStream:76 - [STDOUT_REDIRECT] 1 : Invalid condition id : UX_CORESTACK_Condition cause : null
2024-09-23 09:36:48,628 [INFO] LogOutputStream:76 - [STDOUT_REDIRECT] 1 : Invalid condition id : UX_CORESTACK_Condition cause : null
2024-09-23 09:36:48,628 [INFO] LogOutputStream:76 - [STDOUT_REDIRECT] 1 : Invalid condition id : UX_CORESTACK_Condition cause : null
2024-09-23 09:36:48,628 [INFO] LogOutputStream:76 - [STDOUT_REDIRECT] 1 : Invalid condition id : UX_CORESTACK_Condition cause : null
2024-09-23 09:36:48,644 [WARN] PackLoader:238 - Cannot read IP mode file for STMicroelectronics.X-CUBE-AZRTOS-WL.2.0.0
2024-09-23 09:36:48,644 [ERROR] Engine:463 - C:\Users\thuyh\.stm32cubemx\thirdparties\pdsc\STMicroelectronics.FP-SNS-MOTENV1.5.0.0.pdsc: PDSC version is not supported
2024-09-23 09:36:48,659 [WARN] PackLoader:238 - Cannot read IP mode file for wolfSSL.I-CUBE-wolfMQTT.1.19.0
2024-09-23 09:36:48,659 [WARN] PackLoader:238 - Cannot read IP mode file for WES.I-CUBE-Cesium.1.3.0
2024-09-23 09:36:48,675 [WARN] PackLoader:238 - Cannot read IP mode file for STMicroelectronics.X-CUBE-BLE2.3.3.0
2024-09-23 09:36:48,675 [ERROR] Engine:463 - C:\Users\thuyh\.stm32cubemx\thirdparties\pdsc\STMicroelectronics.X-CUBE-TCPP.4.1.0.pdsc: PDSC version is not supported
2024-09-23 09:36:48,706 [WARN] PackLoader:238 - Cannot read IP mode file for STMicroelectronics.X-CUBE-AZRTOS-G0.1.1.0
2024-09-23 09:36:48,706 [WARN] PackLoader:238 - Cannot read IP mode file for STMicroelectronics.X-CUBE-SAFEA1.1.2.2
2024-09-23 09:36:48,722 [WARN] PackLoader:238 - Cannot read IP mode file for STMicroelectronics.X-CUBE-NFC4.3.0.0
2024-09-23 09:36:48,722 [ERROR] Engine:463 - C:\Users\thuyh\.stm32cubemx\thirdparties\pdsc\EmbeddedOffice.I-CUBE-FS-RTOS.1.0.1.pdsc: PDSC version is not supported
2024-09-23 09:36:48,722 [ERROR] Engine:463 - C:\Users\thuyh\.stm32cubemx\thirdparties\pdsc\RealThread.X-CUBE-RT-Thread_Nano.4.1.1.pdsc: PDSC version is not supported
2024-09-23 09:36:48,722 [WARN] PackLoader:238 - Cannot read IP mode file for STMicroelectronics.FP-ATR-SIGFOX1.3.2.0
2024-09-23 09:36:48,722 [WARN] PackLoader:238 - Cannot read IP mode file for wolfSSL.I-CUBE-wolfSSL.5.7.2
2024-09-23 09:36:48,737 [WARN] PackLoader:238 - Cannot read IP mode file for STMicroelectronics.X-CUBE-EEPRMA1.5.1.0
2024-09-23 09:36:48,737 [ERROR] Engine:463 - C:\Users\thuyh\.stm32cubemx\thirdparties\pdsc\ITTIA_DB.I-CUBE-ITTIADB.8.9.0.pdsc: PDSC version is not supported
2024-09-23 09:36:48,769 [WARN] PackLoader:238 - Cannot read IP mode file for SEGGER.I-CUBE-embOS.1.3.1
2024-09-23 09:36:48,831 [WARN] PackLoader:238 - Cannot read IP mode file for STMicroelectronics.X-CUBE-ALGOBUILD.1.4.0
2024-09-23 09:36:48,847 [WARN] PackLoader:238 - Cannot read IP mode file for STMicroelectronics.X-CUBE-GNSS1.6.0.0
2024-09-23 09:36:48,862 [WARN] PackLoader:238 - Cannot read IP mode file for STMicroelectronics.X-CUBE-AZRTOS-F4.1.1.0
2024-09-23 09:36:48,862 [WARN] PackLoader:238 - Cannot read IP mode file for STMicroelectronics.X-CUBE-ISPU.2.1.0
2024-09-23 09:36:48,862 [ERROR] Engine:463 - C:\Users\thuyh\.stm32cubemx\thirdparties\pdsc\STMicroelectronics.X-CUBE-FREERTOS.1.2.0.pdsc: PDSC version is not supported
2024-09-23 09:36:48,894 [WARN] PackLoader:238 - Cannot read IP mode file for STMicroelectronics.X-CUBE-AZRTOS-L5.2.0.0
2024-09-23 09:36:48,894 [WARN] PackLoader:238 - Cannot read IP mode file for STMicroelectronics.X-CUBE-NFC6.3.1.0
2024-09-23 09:36:48,909 [ERROR] Engine:463 - C:\Users\thuyh\.stm32cubemx\thirdparties\pdsc\STMicroelectronics.X-CUBE-DPower.1.2.0.pdsc: PDSC version is not supported
2024-09-23 09:36:48,909 [WARN] PackLoader:238 - Cannot read IP mode file for STMicroelectronics.X-CUBE-AI.9.0.0
2024-09-23 09:36:48,909 [WARN] PackLoader:238 - Cannot read IP mode file for STMicroelectronics.X-CUBE-NFC7.1.0.1
2024-09-23 09:36:48,925 [WARN] ConditionMgr:437 - getConditionDescription Invalid condition id : LAN8742 Phy interface Condition cause : null
2024-09-23 09:36:48,925 [WARN] PackLoader:238 - Cannot read IP mode file for STMicroelectronics.X-CUBE-AZRTOS-L4.2.0.0
2024-09-23 09:36:48,925 [WARN] ConditionMgr:1038 - genDependencies : Invalid condition id : LAN8742 Phy interface Condition cause : null
2024-09-23 09:36:48,925 [WARN] ConditionMgr:1038 - genDependencies : Invalid condition id : LAN8742 Phy interface Condition cause : null
2024-09-23 09:36:48,941 [WARN] ConditionMgr:1038 - genDependencies : Invalid condition id : LAN8742 Phy interface Condition cause : null
2024-09-23 09:36:48,941 [WARN] PackLoader:238 - Cannot read IP mode file for STMicroelectronics.X-CUBE-SFXS2LP1.4.0.0
2024-09-23 09:36:48,956 [WARN] PackLoader:238 - Cannot read IP mode file for STMicroelectronics.X-CUBE-AZRTOS-H7.3.3.0
2024-09-23 09:36:48,972 [WARN] ConditionMgr:437 - getConditionDescription Invalid condition id : UX DEVICE CLASS RTOS Condition cause : null
2024-09-23 09:36:48,972 [WARN] ConditionMgr:437 - getConditionDescription Invalid condition id : UX DEVICE CLASS RTOS Condition cause : null
2024-09-23 09:36:48,987 [WARN] PackLoader:238 - Cannot read IP mode file for STMicroelectronics.X-CUBE-AZRTOS-WB.2.0.0
2024-09-23 09:36:48,987 [WARN] ConditionMgr:1038 - genDependencies : Invalid condition id : UX DEVICE CLASS RTOS Condition cause : null
2024-09-23 09:36:48,987 [WARN] ConditionMgr:1038 - genDependencies : Invalid condition id : UX DEVICE CLASS RTOS Condition cause : null
2024-09-23 09:36:48,987 [WARN] ConditionMgr:1038 - genDependencies : Invalid condition id : UX DEVICE CLASS RTOS Condition cause : null
2024-09-23 09:36:48,987 [WARN] ConditionMgr:1038 - genDependencies : Invalid condition id : UX DEVICE CLASS RTOS Condition cause : null
2024-09-23 09:36:48,987 [WARN] ConditionMgr:1038 - genDependencies : Invalid condition id : UX DEVICE CLASS RTOS Condition cause : null
2024-09-23 09:36:48,987 [WARN] PackLoader:238 - Cannot read IP mode file for STMicroelectronics.X-CUBE-GNSS1.7.0.0
2024-09-23 09:36:48,987 [ERROR] Engine:463 - C:\Users\thuyh\.stm32cubemx\thirdparties\pdsc\STMicroelectronics.FP-SNS-STBOX1.2.0.0.pdsc: PDSC version is not supported
2024-09-23 09:36:49,003 [WARN] PackLoader:238 - Cannot read IP mode file for STMicroelectronics.X-CUBE-SUBG2.5.0.0
2024-09-23 09:36:49,019 [ERROR] Engine:463 - C:\Users\thuyh\.stm32cubemx\thirdparties\pdsc\Cesanta.I-CUBE-Mongoose.7.13.0.pdsc: PDSC version is not supported
2024-09-23 09:36:49,050 [WARN] PackLoader:238 - Cannot read IP mode file for STMicroelectronics.X-CUBE-AZRTOS-G4.2.0.0
2024-09-23 09:36:49,050 [WARN] PackLoader:238 - Cannot read IP mode file for STMicroelectronics.X-CUBE-ISPU.2.0.0
2024-09-23 09:36:49,050 [ERROR] Engine:463 - C:\Users\thuyh\.stm32cubemx\thirdparties\pdsc\STMicroelectronics.X-CUBE-ALS.1.0.2.pdsc: PDSC version is not supported
2024-09-23 09:36:49,050 [WARN] PackLoader:238 - Cannot read IP mode file for STMicroelectronics.X-CUBE-TOUCHGFX.4.24.0
2024-09-23 09:36:49,066 [WARN] PackLoader:238 - Cannot read IP mode file for wolfSSL.I-CUBE-wolfTPM.3.4.0
2024-09-23 09:36:49,066 [WARN] PackLoader:238 - Cannot read IP mode file for portGmbH.I-Cube-SoM-uGOAL.1.1.0
2024-09-23 09:36:49,081 [WARN] PackLoader:238 - Cannot read IP mode file for STMicroelectronics.X-CUBE-AZRTOS-H7RS.1.0.0
2024-09-23 09:36:49,097 [WARN] PackLoader:238 - Cannot read IP mode file for STMicroelectronics.FP-ATR-ASTRA1.2.0.0
2024-09-23 09:36:49,097 [ERROR] Engine:463 - C:\Users\thuyh\.stm32cubemx\thirdparties\pdsc\STMicroelectronics.X-CUBE-TOF1.3.4.2.pdsc: PDSC version is not supported
2024-09-23 09:36:49,097 [ERROR] Engine:463 - C:\Users\thuyh\.stm32cubemx\thirdparties\pdsc\Infineon.AIROC-Wi-Fi-Bluetooth-STM32.1.6.1.pdsc: PDSC version is not supported
2024-09-23 09:36:49,112 [WARN] PackLoader:238 - Cannot read IP mode file for wolfSSL.I-CUBE-wolfSSH.1.4.17
2024-09-23 09:36:49,112 [INFO] ThirdParty:915 - Integrity check success = true
2024-09-23 09:36:49,112 [INFO] IntegrityCheckThread:94 - exiting critical section [integrity check]
2024-09-23 09:36:49,112 [INFO] IntegrityCheckThread:97 - End integrity checks thread
2024-09-23 09:36:49,987 [INFO] Context:592 - Trying to add GPIOservice into a context  which must be forbidden
2024-09-23 09:36:50,253 [INFO] ImportTextPane:167 - (OptionalMessage_ERROR) Unable to find key (Mcu.ThirdPartyNb) in loaded IOC file
2024-09-23 09:36:50,253 [INFO] ImportTextPane:167 - (OptionalMessage_ERROR) Unable to find key (Mcu.PinsNb) in loaded IOC file
2024-09-23 09:36:50,253 [INFO] ImportTextPane:167 - (OptionalMessage_ERROR) Unable to find key (Mcu.IPNb) in loaded IOC file
2024-09-23 09:36:50,315 [WARN] ApiManager:304 - Cannot register API 'Board Extension:GNSS1A1' from pack STMicroelectronics.X-CUBE-GNSS1.6.0.0: no header file found
2024-09-23 09:36:50,315 [WARN] ApiManager:304 - Cannot register API 'Board Support:Custom' from pack STMicroelectronics.X-CUBE-GNSS1.6.0.0: no header file found
2024-09-23 09:36:50,315 [WARN] ApiManager:304 - Cannot register API 'Data Exchange:lib_gnss' from pack STMicroelectronics.X-CUBE-GNSS1.6.0.0: no header file found
2024-09-23 09:36:50,315 [WARN] ApiManager:304 - Cannot register API 'Board Extension:GNSS1A1' from pack STMicroelectronics.X-CUBE-GNSS1.7.0.0: no header file found
2024-09-23 09:36:50,315 [WARN] ApiManager:304 - Cannot register API 'Board Support:Custom' from pack STMicroelectronics.X-CUBE-GNSS1.7.0.0: no header file found
2024-09-23 09:36:50,315 [WARN] ApiManager:304 - Cannot register API 'Data Exchange:lib_gnss' from pack STMicroelectronics.X-CUBE-GNSS1.7.0.0: no header file found
2024-09-23 09:36:50,331 [WARN] ApiManager:304 - Cannot register API 'Board Extension:NFC06A1' from pack STMicroelectronics.X-CUBE-NFC6.3.1.0: no header file found
2024-09-23 09:36:50,331 [WARN] ApiManager:304 - Cannot register API 'Board Extension:NFC08A1' from pack STMicroelectronics.X-CUBE-NFC6.3.1.0: no header file found
2024-09-23 09:36:50,550 [WARN] ApiManager:304 - Cannot register API 'Board Extension:IKS01A3' from pack STMicroelectronics.X-CUBE-MEMS1.11.0.0: no header file found
2024-09-23 09:36:50,550 [WARN] ApiManager:304 - Cannot register API 'Board Extension:IKS02A1' from pack STMicroelectronics.X-CUBE-MEMS1.11.0.0: no header file found
2024-09-23 09:36:50,550 [WARN] ApiManager:304 - Cannot register API 'Board Extension:IKS4A1' from pack STMicroelectronics.X-CUBE-MEMS1.11.0.0: no header file found
2024-09-23 09:36:50,550 [INFO] RtosManager:484 - Registered RTOS mode: class=CMSIS, group=RTOS, mode=CMSIS_V1, owner=FREERTOS
2024-09-23 09:36:50,550 [INFO] RtosManager:484 - Registered RTOS mode: class=CMSIS, group=RTOS2, mode=CMSIS_V2, owner=FREERTOS
2024-09-23 09:36:50,550 [INFO] RtosManager:484 - Registered RTOS mode: class=RTOS, group=Core, mode=CMSIS_V1, owner=FREERTOS
2024-09-23 09:36:50,550 [INFO] RtosManager:484 - Registered RTOS mode: class=RTOS, group=Core, mode=CMSIS_V2, owner=FREERTOS
2024-09-23 09:36:50,550 [WARN] ModelIntegratedComponent:181 - Missing modes for component STMicroelectronics:FreeRTOS:0.0.1:STMicroelectronics:RTOS:FreeRTOS:Core:::10.2.0:
2024-09-23 09:36:50,565 [WARN] ApiManager:304 - Cannot register API 'Board Extension:STSAFEA1' from pack STMicroelectronics.X-CUBE-SAFEA1.1.2.2: no header file found
2024-09-23 09:36:50,565 [WARN] ApiManager:304 - Cannot register API 'Board Part:STSAFEA110' from pack STMicroelectronics.X-CUBE-SAFEA1.1.2.2: no header file found
2024-09-23 09:36:50,565 [WARN] ApiManager:304 - Cannot register API 'Security:ST_Cryptolib' from pack STMicroelectronics.X-CUBE-SAFEA1.1.2.2: no header file found
2024-09-23 09:36:50,565 [WARN] ApiManager:304 - Cannot register API 'Security:MbedTLS' from pack STMicroelectronics.X-CUBE-SAFEA1.1.2.2: no header file found
2024-09-23 09:36:50,565 [WARN] ApiManager:304 - Cannot register API 'Board Extension:NFC04A1' from pack STMicroelectronics.X-CUBE-NFC4.3.0.0: no header file found
2024-09-23 09:36:50,581 [WARN] ApiManager:304 - Cannot register API 'Board Extension:S2868A1' from pack STMicroelectronics.X-CUBE-SUBG2.5.0.0: no header file found
2024-09-23 09:36:50,581 [WARN] ApiManager:304 - Cannot register API 'Board Extension:S2868A2' from pack STMicroelectronics.X-CUBE-SUBG2.5.0.0: no header file found
2024-09-23 09:36:50,581 [WARN] ApiManager:304 - Cannot register API 'Board Extension:S2915A1' from pack STMicroelectronics.X-CUBE-SUBG2.5.0.0: no header file found
2024-09-23 09:36:50,581 [WARN] ApiManager:304 - Cannot register API 'Wireless:BlueNRG-MS' from pack STMicroelectronics.X-CUBE-BLE1.7.0.0: no header file found
2024-09-23 09:36:50,581 [WARN] ApiManager:304 - Cannot register API 'Board Extension:EEPRMA2' from pack STMicroelectronics.X-CUBE-EEPRMA1.5.1.0: no header file found
2024-09-23 09:36:50,581 [WARN] ApiManager:304 - Cannot register API 'Board Extension:PGEEZ1' from pack STMicroelectronics.X-CUBE-EEPRMA1.5.1.0: no header file found
2024-09-23 09:36:50,581 [WARN] ApiManager:304 - Cannot register API 'Board Extension:EEICA1' from pack STMicroelectronics.X-CUBE-EEPRMA1.5.1.0: no header file found
2024-09-23 09:36:50,581 [WARN] ApiManager:304 - Cannot register API 'Board Part:M24' from pack STMicroelectronics.X-CUBE-EEPRMA1.5.1.0: no header file found
2024-09-23 09:36:50,581 [WARN] ApiManager:304 - Cannot register API 'Board Part:M95' from pack STMicroelectronics.X-CUBE-EEPRMA1.5.1.0: no header file found
2024-09-23 09:36:50,581 [WARN] ApiManager:304 - Cannot register API 'Board Part:M95P32' from pack STMicroelectronics.X-CUBE-EEPRMA1.5.1.0: no header file found
2024-09-23 09:36:50,581 [WARN] ApiManager:304 - Cannot register API 'Board Part:M24256E-F' from pack STMicroelectronics.X-CUBE-EEPRMA1.5.1.0: no header file found
2024-09-23 09:36:50,581 [WARN] ApiManager:304 - Cannot register API 'Board Part:M24M01E-F' from pack STMicroelectronics.X-CUBE-EEPRMA1.5.1.0: no header file found
2024-09-23 09:36:50,581 [WARN] ApiManager:304 - Cannot register API 'PGEEZ1:SPI' from pack STMicroelectronics.X-CUBE-EEPRMA1.5.1.0: no header file found
2024-09-23 09:36:50,581 [WARN] ApiManager:304 - Cannot register API 'PGEEZ1:QDSPI' from pack STMicroelectronics.X-CUBE-EEPRMA1.5.1.0: no header file found
2024-09-23 09:36:50,581 [WARN] ModelIntegratedComponent:60 - No mode defined for component null
2024-09-23 09:36:50,581 [WARN] ModelIntegratedComponent:60 - No mode defined for component null
2024-09-23 09:36:50,581 [WARN] ModelIntegratedComponent:60 - No mode defined for component null
2024-09-23 09:36:50,581 [WARN] ModelIntegratedComponent:60 - No mode defined for component null
2024-09-23 09:36:50,581 [WARN] ModelIntegratedComponent:60 - No mode defined for component null
2024-09-23 09:36:50,581 [WARN] ModelIntegratedComponent:60 - No mode defined for component null
2024-09-23 09:36:50,581 [WARN] ModelIntegratedComponent:60 - No mode defined for component null
2024-09-23 09:36:50,581 [WARN] ModelIntegratedComponent:60 - No mode defined for component null
2024-09-23 09:36:50,581 [WARN] ModelIntegratedComponent:60 - No mode defined for component null
2024-09-23 09:36:50,581 [WARN] ModelIntegratedComponent:60 - No mode defined for component null
2024-09-23 09:36:50,581 [WARN] ModelIntegratedComponent:60 - No mode defined for component null
2024-09-23 09:36:50,581 [WARN] ModelIntegratedComponent:60 - No mode defined for component null
2024-09-23 09:36:50,581 [WARN] ModelIntegratedComponent:60 - No mode defined for component null
2024-09-23 09:36:50,581 [WARN] ModelIntegratedComponent:60 - No mode defined for component null
2024-09-23 09:36:50,581 [WARN] ModelIntegratedComponent:60 - No mode defined for component null
2024-09-23 09:36:50,581 [WARN] ModelIntegratedComponent:60 - No mode defined for component null
2024-09-23 09:36:50,581 [WARN] ModelIntegratedComponent:60 - No mode defined for component null
2024-09-23 09:36:50,581 [WARN] ModelIntegratedComponent:60 - No mode defined for component null
2024-09-23 09:36:50,581 [WARN] ModelIntegratedComponent:60 - No mode defined for component null
2024-09-23 09:36:50,581 [WARN] ModelIntegratedComponent:60 - No mode defined for component null
2024-09-23 09:36:50,581 [WARN] ModelIntegratedComponent:60 - No mode defined for component null
2024-09-23 09:36:50,581 [WARN] ModelIntegratedComponent:60 - No mode defined for component null
2024-09-23 09:36:50,581 [WARN] ModelIntegratedComponent:60 - No mode defined for component null
2024-09-23 09:36:50,581 [WARN] ModelIntegratedComponent:60 - No mode defined for component null
2024-09-23 09:36:50,581 [WARN] ModelIntegratedComponent:60 - No mode defined for component null
2024-09-23 09:36:50,581 [WARN] ModelIntegratedComponent:60 - No mode defined for component null
2024-09-23 09:36:50,581 [WARN] ModelIntegratedComponent:60 - No mode defined for component null
2024-09-23 09:36:50,581 [WARN] ModelIntegratedComponent:60 - No mode defined for component null
2024-09-23 09:36:50,581 [WARN] ModelIntegratedComponent:60 - No mode defined for component null
2024-09-23 09:36:50,581 [WARN] ModelIntegratedComponent:60 - No mode defined for component null
2024-09-23 09:36:50,581 [WARN] ModelIntegratedComponent:60 - No mode defined for component null
2024-09-23 09:36:50,581 [WARN] ApiManager:304 - Cannot register API 'Board Extension:NFC07A1' from pack STMicroelectronics.X-CUBE-NFC7.1.0.1: no header file found
2024-09-23 09:36:50,596 [WARN] ApiManager:304 - Cannot register API 'Board Extension:S2868A1' from pack STMicroelectronics.X-CUBE-SFXS2LP1.4.0.0: no header file found
2024-09-23 09:36:50,596 [WARN] ApiManager:304 - Cannot register API 'Board Extension:S2868A2' from pack STMicroelectronics.X-CUBE-SFXS2LP1.4.0.0: no header file found
2024-09-23 09:36:50,596 [WARN] ApiManager:304 - Cannot register API 'Board Extension:S2915A1' from pack STMicroelectronics.X-CUBE-SFXS2LP1.4.0.0: no header file found
2024-09-23 09:36:50,596 [WARN] ApiManager:304 - Cannot register API 'Wireless:BlueNRG-2' from pack STMicroelectronics.X-CUBE-BLE2.3.3.0: no header file found
2024-09-23 09:36:52,674 [INFO] UtilMem:74 - End LoadConfig() Used Memory: 325479656 Bytes (494927872)
2024-09-23 09:36:52,674 [WARN] ThirdParty:779 - waiting for thirdparty lock release [change project]
2024-09-23 09:36:52,674 [INFO] ThirdParty:781 - entering critical section [change project]
2024-09-23 09:36:52,674 [INFO] ThirdParty:967 - CMSIS Pack Vendor :STMicroelectronics X-CUBE-AZRTOS-H7 3.3.0
2024-09-23 09:36:52,674 [INFO] ThirdParty:967 - CMSIS Pack Vendor :STMicroelectronics X-CUBE-GNSS1 6.0.0
2024-09-23 09:36:52,674 [INFO] ThirdParty:967 - CMSIS Pack Vendor :STMicroelectronics USB_HOST 2.0.0
2024-09-23 09:36:52,674 [INFO] ThirdParty:967 - CMSIS Pack Vendor :STMicroelectronics X-CUBE-AZRTOS-F4 1.1.0
2024-09-23 09:36:52,674 [INFO] ThirdParty:967 - CMSIS Pack Vendor :STMicroelectronics USB_DEVICE 3.0.0
2024-09-23 09:36:52,674 [INFO] ThirdParty:967 - CMSIS Pack Vendor :STMicroelectronics X-CUBE-ISPU 2.1.0
2024-09-23 09:36:52,674 [INFO] ThirdParty:967 - CMSIS Pack Vendor :STMicroelectronics X-CUBE-AZRTOS-WB 2.0.0
2024-09-23 09:36:52,674 [INFO] ThirdParty:967 - CMSIS Pack Vendor :STMicroelectronics X-CUBE-GNSS1 7.0.0
2024-09-23 09:36:52,674 [INFO] ThirdParty:967 - CMSIS Pack Vendor :STMicroelectronics X-CUBE-AZRTOS-F7 1.1.0
2024-09-23 09:36:52,674 [INFO] ThirdParty:967 - CMSIS Pack Vendor :STMicroelectronics X-CUBE-AZRTOS-L5 2.0.0
2024-09-23 09:36:52,674 [INFO] ThirdParty:967 - CMSIS Pack Vendor :STMicroelectronics USB_DEVICE 2.0.0
2024-09-23 09:36:52,674 [INFO] ThirdParty:967 - CMSIS Pack Vendor :STMicroelectronics X-CUBE-NFC6 3.1.0
2024-09-23 09:36:52,674 [INFO] ThirdParty:967 - CMSIS Pack Vendor :STMicroelectronics X-CUBE-MEMS1 11.0.0
2024-09-23 09:36:52,674 [INFO] ThirdParty:967 - CMSIS Pack Vendor :STMicroelectronics FreeRTOS 0.0.1
2024-09-23 09:36:52,674 [INFO] ThirdParty:967 - CMSIS Pack Vendor :STMicroelectronics X-CUBE-AZRTOS-G0 1.1.0
2024-09-23 09:36:52,674 [INFO] ThirdParty:967 - CMSIS Pack Vendor :STMicroelectronics X-CUBE-SAFEA1 1.2.2
2024-09-23 09:36:52,674 [INFO] ThirdParty:967 - CMSIS Pack Vendor :STMicroelectronics X-CUBE-NFC4 3.0.0
2024-09-23 09:36:52,674 [INFO] ThirdParty:967 - CMSIS Pack Vendor :STMicroelectronics X-CUBE-SUBG2 5.0.0
2024-09-23 09:36:52,674 [INFO] ThirdParty:967 - CMSIS Pack Vendor :STMicroelectronics lwIP 2.0.3
2024-09-23 09:36:52,674 [INFO] ThirdParty:967 - CMSIS Pack Vendor :STMicroelectronics USB_HOST 1.0.0
2024-09-23 09:36:52,674 [INFO] ThirdParty:967 - CMSIS Pack Vendor :STMicroelectronics X-CUBE-AI 9.0.0
2024-09-23 09:36:52,674 [INFO] ThirdParty:967 - CMSIS Pack Vendor :STMicroelectronics X-CUBE-AZRTOS-G4 2.0.0
2024-09-23 09:36:52,674 [INFO] ThirdParty:967 - CMSIS Pack Vendor :STMicroelectronics PDM2PCM 3.1.0
2024-09-23 09:36:52,674 [INFO] ThirdParty:967 - CMSIS Pack Vendor :STMicroelectronics PDM2PCM 3.3.0
2024-09-23 09:36:52,674 [INFO] ThirdParty:967 - CMSIS Pack Vendor :STMicroelectronics X-CUBE-BLE1 7.0.0
2024-09-23 09:36:52,674 [INFO] ThirdParty:967 - CMSIS Pack Vendor :STMicroelectronics FP-ATR-SIGFOX1 3.2.0
2024-09-23 09:36:52,674 [INFO] ThirdParty:967 - CMSIS Pack Vendor :wolfSSL I-CUBE-wolfSSL 5.7.2
2024-09-23 09:36:52,674 [INFO] ThirdParty:967 - CMSIS Pack Vendor :STMicroelectronics X-CUBE-ISPU 2.0.0
2024-09-23 09:36:52,674 [INFO] ThirdParty:967 - CMSIS Pack Vendor :STMicroelectronics X-CUBE-EEPRMA1 5.1.0
2024-09-23 09:36:52,674 [INFO] ThirdParty:967 - CMSIS Pack Vendor :STMicroelectronics HAL Drivers 0.0.0
2024-09-23 09:36:52,674 [INFO] ThirdParty:967 - CMSIS Pack Vendor :STMicroelectronics MBEDTLS 2.16.2
2024-09-23 09:36:52,674 [INFO] ThirdParty:967 - CMSIS Pack Vendor :STMicroelectronics X-CUBE-NFC7 1.0.1
2024-09-23 09:36:52,674 [INFO] ThirdParty:967 - CMSIS Pack Vendor :STMicroelectronics MBEDTLS 2.14.1
2024-09-23 09:36:52,674 [INFO] ThirdParty:967 - CMSIS Pack Vendor :STMicroelectronics X-CUBE-TOUCHGFX 4.24.0
2024-09-23 09:36:52,674 [INFO] ThirdParty:967 - CMSIS Pack Vendor :wolfSSL I-CUBE-wolfTPM 3.4.0
2024-09-23 09:36:52,674 [INFO] ThirdParty:967 - CMSIS Pack Vendor :portGmbH I-Cube-SoM-uGOAL 1.1.0
2024-09-23 09:36:52,674 [INFO] ThirdParty:967 - CMSIS Pack Vendor :STMicroelectronics X-CUBE-AZRTOS-WL 2.0.0
2024-09-23 09:36:52,674 [INFO] ThirdParty:967 - CMSIS Pack Vendor :SEGGER I-CUBE-embOS 1.3.1
2024-09-23 09:36:52,674 [INFO] ThirdParty:967 - CMSIS Pack Vendor :STMicroelectronics X-CUBE-ALGOBUILD 1.4.0
2024-09-23 09:36:52,674 [INFO] ThirdParty:967 - CMSIS Pack Vendor :STMicroelectronics USB_DEVICE 1.0.0
2024-09-23 09:36:52,674 [INFO] ThirdParty:967 - CMSIS Pack Vendor :STMicroelectronics X-CUBE-AZRTOS-H7RS 1.0.0
2024-09-23 09:36:52,674 [INFO] ThirdParty:967 - CMSIS Pack Vendor :wolfSSL I-CUBE-wolfMQTT 1.19.0
2024-09-23 09:36:52,674 [INFO] ThirdParty:967 - CMSIS Pack Vendor :STMicroelectronics X-CUBE-AZRTOS-L4 2.0.0
2024-09-23 09:36:52,674 [INFO] ThirdParty:967 - CMSIS Pack Vendor :STMicroelectronics ThreadX 0.0.2
2024-09-23 09:36:52,674 [INFO] ThirdParty:967 - CMSIS Pack Vendor :WES I-CUBE-Cesium 1.3.0
2024-09-23 09:36:52,674 [INFO] ThirdParty:967 - CMSIS Pack Vendor :STMicroelectronics FP-ATR-ASTRA1 2.0.0
2024-09-23 09:36:52,674 [INFO] ThirdParty:967 - CMSIS Pack Vendor :STMicroelectronics lwIP 2.1.2
2024-09-23 09:36:52,674 [INFO] ThirdParty:967 - CMSIS Pack Vendor :STMicroelectronics X-CUBE-SFXS2LP1 4.0.0
2024-09-23 09:36:52,674 [INFO] ThirdParty:967 - CMSIS Pack Vendor :STMicroelectronics X-CUBE-BLE2 3.3.0
2024-09-23 09:36:52,674 [INFO] ThirdParty:967 - CMSIS Pack Vendor :STMicroelectronics PDM2PCM 3.2.0
2024-09-23 09:36:52,674 [INFO] ThirdParty:967 - CMSIS Pack Vendor :wolfSSL I-CUBE-wolfSSH 1.4.17
2024-09-23 09:36:52,674 [INFO] ThirdParty:787 - exiting critical section [change project]
2024-09-23 09:36:52,893 [INFO] PinOutPanel:1463 - setPackage(No Configuration,No Configuration)
2024-09-23 09:36:52,893 [INFO] PinOutPanel:1463 - setPackage(STM32F103C6Tx,LQFP48)
2024-09-23 09:36:53,315 [INFO] UtilMem:74 - Before build in PCC Used Memory: 255544320 Bytes (494927872)
2024-09-23 09:36:53,861 [INFO] UtilMem:74 - After build in PCC Used Memory: 334187520 Bytes (494927872)
2024-09-23 09:36:53,877 [INFO] IPUIPlugin:74 - create IPUIPlugin
2024-09-23 09:36:53,877 [INFO] IPUIPlugin:74 - create IPUIPlugin
2024-09-23 09:36:53,877 [INFO] IPUIPlugin:74 - create IPUIPlugin
2024-09-23 09:36:53,877 [INFO] IPUIPlugin:74 - create IPUIPlugin
2024-09-23 09:36:53,877 [INFO] IPUIPlugin:74 - create IPUIPlugin
2024-09-23 09:36:53,877 [INFO] IPUIPlugin:74 - create IPUIPlugin
2024-09-23 09:36:53,877 [INFO] IPUIPlugin:74 - create IPUIPlugin
2024-09-23 09:36:53,877 [INFO] IPUIPlugin:74 - create IPUIPlugin
2024-09-23 09:36:53,877 [INFO] IPUIPlugin:74 - create IPUIPlugin
2024-09-23 09:36:53,877 [INFO] IPUIPlugin:74 - create IPUIPlugin
2024-09-23 09:36:53,877 [INFO] IPUIPlugin:74 - create IPUIPlugin
2024-09-23 09:36:53,877 [INFO] IPUIPlugin:74 - create IPUIPlugin
2024-09-23 09:36:53,877 [INFO] IPUIPlugin:74 - create IPUIPlugin
2024-09-23 09:36:53,877 [INFO] IPUIPlugin:74 - create IPUIPlugin
2024-09-23 09:36:53,877 [INFO] IPUIPlugin:74 - create IPUIPlugin
2024-09-23 09:36:53,877 [INFO] IPUIPlugin:74 - create IPUIPlugin
2024-09-23 09:36:53,877 [INFO] IPUIPlugin:74 - create IPUIPlugin
2024-09-23 09:36:53,877 [INFO] IPUIPlugin:74 - create IPUIPlugin
2024-09-23 09:36:53,877 [INFO] IPUIPlugin:74 - create IPUIPlugin
2024-09-23 09:36:53,877 [INFO] IPUIPlugin:74 - create IPUIPlugin
2024-09-23 09:36:53,877 [INFO] IPUIPlugin:74 - create IPUIPlugin
2024-09-23 09:36:53,877 [INFO] IPUIPlugin:74 - create IPUIPlugin
2024-09-23 09:36:53,877 [INFO] IPUIPlugin:74 - create IPUIPlugin
2024-09-23 09:36:54,002 [INFO] OpenFileManager:333 - Restore cursor
2024-09-23 09:36:54,314 [INFO] UtilMem:74 - End SaveConfig() Used Memory: 402867200 Bytes (494927872)
2024-09-23 09:36:54,393 [INFO] UtilMem:74 - End SaveConfig() Used Memory: 420692992 Bytes (494927872)
2024-09-23 09:36:54,986 [INFO] BlockDiagram:2740 - set Specific Code input for plugin: NVIC
2024-09-23 09:36:54,986 [INFO] BlockDiagram:2740 - set Specific Code input for plugin: SYS
2024-09-23 09:36:54,986 [INFO] BlockDiagram:2740 - set Specific Code input for plugin: RCC
2024-09-23 09:36:54,986 [INFO] CodeGenerator:663 - code generatio: config db path: C:\Users\thuyh\STM32CubeIDE_1.7.0\STM32CubeIDE\plugins\com.st.stm32cube.common.mx_6.3.0.202107141111\\db\
2024-09-23 09:36:55,267 [INFO] CodeEngine:239 - oldGeneratedFile, E:\microprocessor_ReportLab3\lab3_project\MXTmpFiles\license.tmp_save
2024-09-23 09:36:55,736 [INFO] CodeEngine:257 - Generated code: E:\microprocessor_ReportLab3\lab3_project\MXTmpFiles\license.tmp
2024-09-23 09:36:55,814 [INFO] CodeEngine:239 - oldGeneratedFile, E:\microprocessor_ReportLab3\lab3_project\Core\Src\stm32f1xx_it.c_save
2024-09-23 09:36:55,955 [INFO] CodeEngine:257 - Generated code: E:\microprocessor_ReportLab3\lab3_project\Core\Src\stm32f1xx_it.c
2024-09-23 09:36:55,970 [INFO] CodeEngine:239 - oldGeneratedFile, E:\microprocessor_ReportLab3\lab3_project\Core\Inc\stm32f1xx_it.h_save
2024-09-23 09:36:56,080 [INFO] CodeEngine:257 - Generated code: E:\microprocessor_ReportLab3\lab3_project\Core\Inc\stm32f1xx_it.h
2024-09-23 09:36:56,095 [INFO] CodeEngine:239 - oldGeneratedFile, E:\microprocessor_ReportLab3\lab3_project\Core\Src\stm32f1xx_hal_msp.c_save
2024-09-23 09:36:56,267 [INFO] CodeEngine:257 - Generated code: E:\microprocessor_ReportLab3\lab3_project\Core\Src\stm32f1xx_hal_msp.c
2024-09-23 09:36:56,283 [INFO] CodeEngine:239 - oldGeneratedFile, E:\microprocessor_ReportLab3\lab3_project\MXTmpFiles\system.tmp_save
2024-09-23 09:36:56,345 [INFO] CodeEngine:257 - Generated code: E:\microprocessor_ReportLab3\lab3_project\MXTmpFiles\system.tmp
2024-09-23 09:36:56,361 [INFO] CodeEngine:239 - oldGeneratedFile, E:\microprocessor_ReportLab3\lab3_project\Core\Inc\stm32f1xx_hal_conf.h_save
2024-09-23 09:36:56,455 [INFO] CodeEngine:257 - Generated code: E:\microprocessor_ReportLab3\lab3_project\Core\Inc\stm32f1xx_hal_conf.h
2024-09-23 09:36:56,501 [INFO] CodeEngine:239 - oldGeneratedFile, E:\microprocessor_ReportLab3\lab3_project\Core\Inc\main.h_save
2024-09-23 09:36:56,626 [INFO] CodeEngine:257 - Generated code: E:\microprocessor_ReportLab3\lab3_project\Core\Inc\main.h
2024-09-23 09:36:56,642 [INFO] CodeEngine:239 - oldGeneratedFile, E:\microprocessor_ReportLab3\lab3_project\Core\Src\main.c_save
2024-09-23 09:36:56,767 [INFO] CodeEngine:257 - Generated code: E:\microprocessor_ReportLab3\lab3_project\Core\Src\main.c
2024-09-23 09:36:58,017 [INFO] ProjectBuilder:2578 - Time for Copy HAL[1] : 94mS.
2024-09-23 09:36:58,017 [INFO] ProjectBuilder:3622 - Project Generator version: 3.14.1
2024-09-23 09:36:58,642 [INFO] ConfigFileManager:1271 - The Die is : DIE412
2024-09-23 09:36:58,657 [INFO] ApiDbMcu:468 - Load IP Config File for FATFS
2024-09-23 09:36:58,704 [INFO] ApiDbMcu:468 - Load IP Config File for FREERTOS
2024-09-23 09:36:58,735 [INFO] ApiDbMcu:468 - Load IP Config File for USB_DEVICE
2024-09-23 09:37:02,642 [INFO] ProjectBuilder:3789 - Time for Generating toolchain IDE Files: 4625mS.
2024-09-23 09:37:02,642 [INFO] ProjectBuilder:2457 - Time for Copy CMSIS : 0mS.
2024-09-23 09:37:02,642 [INFO] ProjectBuilder:2457 - Time for Copy CMSIS : 0mS.
2024-09-23 09:37:03,251 [INFO] McuFinderGlobals:52 - Set McuFinderConnectedMode to true
2024-09-23 09:37:03,266 [INFO] ApiDb:276 - Save user favorites file C:\Users\thuyh/.stm32cubeide/favorites.mcus.txt: 0 item(s)
2024-09-23 09:37:03,266 [INFO] ApiDb:280 - User favorites MCUs=[]
2024-09-23 09:37:14,627 [INFO] UtilMem:74 - End SaveConfig() Used Memory: 489363152 Bytes (829423616)
2024-09-23 09:37:16,215 [INFO] UtilMem:74 - End SaveConfig() Used Memory: 528293280 Bytes (829423616)
2024-09-23 09:37:19,829 [INFO] UtilMem:74 - End SaveConfig() Used Memory: 332846456 Bytes (829423616)
2024-09-23 09:37:20,376 [INFO] BlockDiagram:2740 - set Specific Code input for plugin: NVIC
2024-09-23 09:37:20,376 [INFO] BlockDiagram:2740 - set Specific Code input for plugin: SYS
2024-09-23 09:37:20,376 [INFO] BlockDiagram:2740 - set Specific Code input for plugin: GPIO
2024-09-23 09:37:20,376 [INFO] BlockDiagram:2740 - set Specific Code input for plugin: RCC
2024-09-23 09:37:20,376 [INFO] CodeGenerator:663 - code generatio: config db path: C:\Users\thuyh\STM32CubeIDE_1.7.0\STM32CubeIDE\plugins\com.st.stm32cube.common.mx_6.3.0.202107141111\\db\
2024-09-23 09:37:20,688 [INFO] CodeEngine:239 - oldGeneratedFile, E:\microprocessor_ReportLab3\lab3_project\MXTmpFiles\license.tmp_save
2024-09-23 09:37:20,751 [INFO] CodeEngine:257 - Generated code: E:\microprocessor_ReportLab3\lab3_project\MXTmpFiles\license.tmp
2024-09-23 09:37:20,813 [INFO] CodeEngine:239 - oldGeneratedFile, E:\microprocessor_ReportLab3\lab3_project\MXTmpFiles\gpio.tmp_save
2024-09-23 09:37:20,891 [INFO] CodeEngine:257 - Generated code: E:\microprocessor_ReportLab3\lab3_project\MXTmpFiles\gpio.tmp
2024-09-23 09:37:20,922 [INFO] CodeEngine:239 - oldGeneratedFile, E:\microprocessor_ReportLab3\lab3_project\Core\Src\stm32f1xx_it.c_save
2024-09-23 09:37:21,016 [INFO] CodeEngine:257 - Generated code: E:\microprocessor_ReportLab3\lab3_project\Core\Src\stm32f1xx_it.c
2024-09-23 09:37:21,016 [INFO] CodeEngine:239 - oldGeneratedFile, E:\microprocessor_ReportLab3\lab3_project\Core\Inc\stm32f1xx_it.h_save
2024-09-23 09:37:21,079 [INFO] CodeEngine:257 - Generated code: E:\microprocessor_ReportLab3\lab3_project\Core\Inc\stm32f1xx_it.h
2024-09-23 09:37:21,094 [INFO] CodeEngine:239 - oldGeneratedFile, E:\microprocessor_ReportLab3\lab3_project\Core\Src\stm32f1xx_hal_msp.c_save
2024-09-23 09:37:21,188 [INFO] CodeEngine:257 - Generated code: E:\microprocessor_ReportLab3\lab3_project\Core\Src\stm32f1xx_hal_msp.c
2024-09-23 09:37:21,188 [INFO] CodeEngine:239 - oldGeneratedFile, E:\microprocessor_ReportLab3\lab3_project\MXTmpFiles\system.tmp_save
2024-09-23 09:37:21,250 [INFO] CodeEngine:257 - Generated code: E:\microprocessor_ReportLab3\lab3_project\MXTmpFiles\system.tmp
2024-09-23 09:37:21,266 [INFO] CodeEngine:239 - oldGeneratedFile, E:\microprocessor_ReportLab3\lab3_project\Core\Inc\stm32f1xx_hal_conf.h_save
2024-09-23 09:37:21,375 [INFO] CodeEngine:257 - Generated code: E:\microprocessor_ReportLab3\lab3_project\Core\Inc\stm32f1xx_hal_conf.h
2024-09-23 09:37:21,438 [INFO] CodeEngine:239 - oldGeneratedFile, E:\microprocessor_ReportLab3\lab3_project\Core\Inc\main.h_save
2024-09-23 09:37:21,532 [INFO] CodeEngine:257 - Generated code: E:\microprocessor_ReportLab3\lab3_project\Core\Inc\main.h
2024-09-23 09:37:21,547 [INFO] CodeEngine:239 - oldGeneratedFile, E:\microprocessor_ReportLab3\lab3_project\Core\Src\main.c_save
2024-09-23 09:37:21,672 [INFO] CodeEngine:257 - Generated code: E:\microprocessor_ReportLab3\lab3_project\Core\Src\main.c
2024-09-23 09:37:22,688 [INFO] ProjectBuilder:2578 - Time for Copy HAL[1] : 78mS.
2024-09-23 09:37:22,688 [INFO] ProjectBuilder:3622 - Project Generator version: 3.14.1
2024-09-23 09:37:23,375 [INFO] ConfigFileManager:1271 - The Die is : DIE412
2024-09-23 09:37:26,140 [INFO] ProjectBuilder:3789 - Time for Generating toolchain IDE Files: 3452mS.
2024-09-23 09:37:26,140 [INFO] ProjectBuilder:2457 - Time for Copy CMSIS : 0mS.
2024-09-23 09:37:26,156 [INFO] ProjectBuilder:2457 - Time for Copy CMSIS : 0mS.
2024-09-23 09:49:19,087 [INFO] RetryExec:97 - I/O exception (org.apache.http.NoHttpResponseException) caught when processing request to {s}->https://sw-center.st.com:443: The target server failed to respond
2024-09-23 09:49:19,102 [INFO] RetryExec:113 - Retrying request to {s}->https://sw-center.st.com:443
2024-09-23 10:02:17,279 [INFO] RetryExec:97 - I/O exception (org.apache.http.NoHttpResponseException) caught when processing request to {s}->https://sw-center.st.com:443: The target server failed to respond
2024-09-23 10:02:17,279 [INFO] RetryExec:113 - Retrying request to {s}->https://sw-center.st.com:443
2024-09-23 10:03:46,695 [INFO] Gpio:254 - dependency for GPIO []
2024-09-23 10:04:00,970 [INFO] UtilMem:74 - End SaveConfig() Used Memory: 651694544 Bytes (915406848)
2024-09-23 10:04:01,866 [INFO] UtilMem:74 - End SaveConfig() Used Memory: 683756024 Bytes (915406848)
2024-09-23 10:04:03,386 [INFO] UtilMem:74 - End SaveConfig() Used Memory: 746590672 Bytes (915406848)
2024-09-23 10:04:03,886 [INFO] BlockDiagram:2740 - set Specific Code input for plugin: NVIC
2024-09-23 10:04:03,886 [INFO] BlockDiagram:2740 - set Specific Code input for plugin: SYS
2024-09-23 10:04:03,886 [INFO] BlockDiagram:2740 - set Specific Code input for plugin: GPIO
2024-09-23 10:04:03,886 [INFO] BlockDiagram:2740 - set Specific Code input for plugin: RCC
2024-09-23 10:04:03,886 [INFO] CodeGenerator:663 - code generatio: config db path: C:\Users\thuyh\STM32CubeIDE_1.7.0\STM32CubeIDE\plugins\com.st.stm32cube.common.mx_6.3.0.202107141111\\db\
2024-09-23 10:04:04,261 [INFO] CodeEngine:239 - oldGeneratedFile, E:\microprocessor_ReportLab3\lab3_project\MXTmpFiles\license.tmp_save
2024-09-23 10:04:04,339 [INFO] CodeEngine:257 - Generated code: E:\microprocessor_ReportLab3\lab3_project\MXTmpFiles\license.tmp
2024-09-23 10:04:04,371 [INFO] CodeEngine:239 - oldGeneratedFile, E:\microprocessor_ReportLab3\lab3_project\MXTmpFiles\gpio.tmp_save
2024-09-23 10:04:04,480 [INFO] CodeEngine:257 - Generated code: E:\microprocessor_ReportLab3\lab3_project\MXTmpFiles\gpio.tmp
2024-09-23 10:04:04,527 [INFO] CodeEngine:239 - oldGeneratedFile, E:\microprocessor_ReportLab3\lab3_project\Core\Src\stm32f1xx_it.c_save
2024-09-23 10:04:04,761 [INFO] CodeEngine:257 - Generated code: E:\microprocessor_ReportLab3\lab3_project\Core\Src\stm32f1xx_it.c
2024-09-23 10:04:04,761 [INFO] CodeEngine:239 - oldGeneratedFile, E:\microprocessor_ReportLab3\lab3_project\Core\Inc\stm32f1xx_it.h_save
2024-09-23 10:04:04,824 [INFO] CodeEngine:257 - Generated code: E:\microprocessor_ReportLab3\lab3_project\Core\Inc\stm32f1xx_it.h
2024-09-23 10:04:04,839 [INFO] CodeEngine:239 - oldGeneratedFile, E:\microprocessor_ReportLab3\lab3_project\Core\Src\stm32f1xx_hal_msp.c_save
2024-09-23 10:04:04,949 [INFO] CodeEngine:257 - Generated code: E:\microprocessor_ReportLab3\lab3_project\Core\Src\stm32f1xx_hal_msp.c
2024-09-23 10:04:04,949 [INFO] CodeEngine:239 - oldGeneratedFile, E:\microprocessor_ReportLab3\lab3_project\MXTmpFiles\system.tmp_save
2024-09-23 10:04:05,011 [INFO] CodeEngine:257 - Generated code: E:\microprocessor_ReportLab3\lab3_project\MXTmpFiles\system.tmp
2024-09-23 10:04:05,027 [INFO] CodeEngine:239 - oldGeneratedFile, E:\microprocessor_ReportLab3\lab3_project\Core\Inc\stm32f1xx_hal_conf.h_save
2024-09-23 10:04:05,120 [INFO] CodeEngine:257 - Generated code: E:\microprocessor_ReportLab3\lab3_project\Core\Inc\stm32f1xx_hal_conf.h
2024-09-23 10:04:05,214 [INFO] CodeEngine:239 - oldGeneratedFile, E:\microprocessor_ReportLab3\lab3_project\Core\Inc\main.h_save
2024-09-23 10:04:05,323 [INFO] CodeEngine:257 - Generated code: E:\microprocessor_ReportLab3\lab3_project\Core\Inc\main.h
2024-09-23 10:04:05,339 [INFO] CodeEngine:239 - oldGeneratedFile, E:\microprocessor_ReportLab3\lab3_project\Core\Src\main.c_save
2024-09-23 10:04:05,495 [INFO] CodeEngine:257 - Generated code: E:\microprocessor_ReportLab3\lab3_project\Core\Src\main.c
2024-09-23 10:04:06,698 [INFO] ProjectBuilder:2578 - Time for Copy HAL[1] : 94mS.
2024-09-23 10:04:06,698 [INFO] ProjectBuilder:3622 - Project Generator version: 3.14.1
2024-09-23 10:04:07,385 [INFO] ConfigFileManager:1271 - The Die is : DIE412
2024-09-23 10:04:09,994 [INFO] ProjectBuilder:3789 - Time for Generating toolchain IDE Files: 3296mS.
2024-09-23 10:04:09,994 [INFO] ProjectBuilder:2457 - Time for Copy CMSIS : 0mS.
2024-09-23 10:04:09,994 [INFO] ProjectBuilder:2457 - Time for Copy CMSIS : 0mS.
2024-09-23 10:04:28,564 [INFO] RetryExec:97 - I/O exception (org.apache.http.NoHttpResponseException) caught when processing request to {s}->https://sw-center.st.com:443: The target server failed to respond
2024-09-23 10:04:28,564 [INFO] RetryExec:113 - Retrying request to {s}->https://sw-center.st.com:443
2024-09-23 22:17:50,867 [INFO] Activator:177 - 


2024-09-23 22:17:50,870 [INFO] Activator:178 - !SESSION log4j initialized
2024-09-24 07:45:06,350 [INFO] Activator:177 - 


2024-09-24 07:45:06,350 [INFO] Activator:178 - !SESSION log4j initialized
2024-09-24 08:35:04,733 [INFO] McuFinderGlobals:39 - Set McuFinder mode to 2 (CubeIDE integrated)
2024-09-24 08:35:05,155 [INFO] ApplicationProperties:181 - Using Application install path: C:\Users\thuyh\STM32CubeIDE_1.7.0\STM32CubeIDE\plugins\com.st.stm32cube.common.mx_6.3.0.202107141111
2024-09-24 08:35:05,171 [INFO] DbMcusXml:74 - Set database path to: C:\Users\thuyh\STM32CubeIDE_1.7.0\STM32CubeIDE\plugins\com.st.stm32cube.common.mx_6.3.0.202107141111\\db\/mcu/
2024-09-24 08:35:05,171 [INFO] DbBoardsPdsc:56 - Set plugin database path to: C:\Users\thuyh\STM32CubeIDE_1.7.0\STM32CubeIDE\plugins\com.st.stm32cube.common.mx_6.3.0.202107141111\\db\/plugins/boardmanager/
2024-09-24 08:35:05,171 [INFO] DbMcus:258 - Set plugin images path to: C:\Users\thuyh\STM32CubeIDE_1.7.0\STM32CubeIDE\plugins\com.st.stm32cube.common.mx_6.3.0.202107141111\\db\/plugins/mcufinder/images/
2024-09-24 08:35:05,171 [INFO] DbBoards:264 - Set plugin images path to: C:\Users\thuyh\STM32CubeIDE_1.7.0\STM32CubeIDE\plugins\com.st.stm32cube.common.mx_6.3.0.202107141111\\db\/plugins/mcufinder/images/
2024-09-24 08:35:05,171 [INFO] DbExamples:333 - Set plugin images path to: C:\Users\thuyh\STM32CubeIDE_1.7.0\STM32CubeIDE\plugins\com.st.stm32cube.common.mx_6.3.0.202107141111\\db\/plugins/mcufinder/images/
2024-09-24 08:35:05,186 [INFO] DbMcusAds:119 - Set database path to: C:\Users\thuyh\.stmcufinder\plugins\mcufinder//mcu/
2024-09-24 08:35:05,186 [INFO] DbMcusDocs:110 - Set database path to: C:\Users\thuyh\.stmcufinder\plugins\mcufinder//mcu/
2024-09-24 08:35:05,186 [INFO] DbMcusJson:64 - Set database path to: C:\Users\thuyh\.stmcufinder\plugins\mcufinder//mcu/
2024-09-24 08:35:05,186 [INFO] DbBoardsDocs:110 - Set database path to: C:\Users\thuyh\.stmcufinder\plugins\mcufinder//mcu/
2024-09-24 08:35:05,186 [INFO] DbBoardsJson:57 - Set database path to: C:\Users\thuyh\.stmcufinder\plugins\mcufinder//mcu/
2024-09-24 08:35:05,546 [INFO] CrossReferenceDbSqlite:196 - Set database path to: C:\Users\thuyh\.stmcufinder\plugins\mcufinder//mcu/cs/
2024-09-24 08:35:05,546 [INFO] DbExamplesSqlite:767 - Set database path to: C:\Users\thuyh\.stmcufinder\plugins\mcufinder//mcu/
2024-09-24 08:35:05,671 [INFO] RulesReader:57 - Compatibility file has been processed (242 Rules)
2024-09-24 08:35:05,780 [INFO] DbMcusXml:74 - Set database path to: C:\Users\thuyh\STM32CubeIDE_1.7.0\STM32CubeIDE\plugins\com.st.stm32cube.common.mx_6.3.0.202107141111\\db\/mcu/
2024-09-24 08:35:05,780 [INFO] DbBoardsPdsc:56 - Set plugin database path to: C:\Users\thuyh\STM32CubeIDE_1.7.0\STM32CubeIDE\plugins\com.st.stm32cube.common.mx_6.3.0.202107141111\\db\/plugins/boardmanager/
2024-09-24 08:35:05,780 [INFO] DbMcus:258 - Set plugin images path to: C:\Users\thuyh\STM32CubeIDE_1.7.0\STM32CubeIDE\plugins\com.st.stm32cube.common.mx_6.3.0.202107141111\\db\/plugins/mcufinder/images/
2024-09-24 08:35:05,780 [INFO] DbBoards:264 - Set plugin images path to: C:\Users\thuyh\STM32CubeIDE_1.7.0\STM32CubeIDE\plugins\com.st.stm32cube.common.mx_6.3.0.202107141111\\db\/plugins/mcufinder/images/
2024-09-24 08:35:05,780 [INFO] DbExamples:333 - Set plugin images path to: C:\Users\thuyh\STM32CubeIDE_1.7.0\STM32CubeIDE\plugins\com.st.stm32cube.common.mx_6.3.0.202107141111\\db\/plugins/mcufinder/images/
2024-09-24 08:35:05,780 [WARN] DbFile:35 - Overriding database path with different value: C:\Users\thuyh\.stmcufinder\plugins\mcufinder/ => C:\Users\thuyh\.stmcufinder\plugins\mcufinder
2024-09-24 08:35:05,780 [INFO] DbMcusAds:119 - Set database path to: C:\Users\thuyh\.stmcufinder\plugins\mcufinder//mcu/
2024-09-24 08:35:05,780 [WARN] DbFile:35 - Overriding database path with different value: C:\Users\thuyh\.stmcufinder\plugins\mcufinder/ => C:\Users\thuyh\.stmcufinder\plugins\mcufinder
2024-09-24 08:35:05,780 [INFO] DbMcusDocs:110 - Set database path to: C:\Users\thuyh\.stmcufinder\plugins\mcufinder//mcu/
2024-09-24 08:35:05,796 [WARN] DbFile:35 - Overriding database path with different value: C:\Users\thuyh\.stmcufinder\plugins\mcufinder/ => C:\Users\thuyh\.stmcufinder\plugins\mcufinder
2024-09-24 08:35:05,796 [INFO] DbMcusJson:64 - Set database path to: C:\Users\thuyh\.stmcufinder\plugins\mcufinder//mcu/
2024-09-24 08:35:05,796 [WARN] DbFile:35 - Overriding database path with different value: C:\Users\thuyh\.stmcufinder\plugins\mcufinder/ => C:\Users\thuyh\.stmcufinder\plugins\mcufinder
2024-09-24 08:35:05,796 [INFO] DbBoardsDocs:110 - Set database path to: C:\Users\thuyh\.stmcufinder\plugins\mcufinder//mcu/
2024-09-24 08:35:05,796 [WARN] DbFile:35 - Overriding database path with different value: C:\Users\thuyh\.stmcufinder\plugins\mcufinder/ => C:\Users\thuyh\.stmcufinder\plugins\mcufinder
2024-09-24 08:35:05,796 [INFO] DbBoardsJson:57 - Set database path to: C:\Users\thuyh\.stmcufinder\plugins\mcufinder//mcu/
2024-09-24 08:35:05,796 [WARN] DbFile:35 - Overriding database path with different value: C:\Users\thuyh\.stmcufinder\plugins\mcufinder/ => C:\Users\thuyh\.stmcufinder\plugins\mcufinder
2024-09-24 08:35:05,796 [WARN] DbFile:35 - Overriding database path with different value: C:\Users\thuyh\.stmcufinder\plugins\mcufinder/ => C:\Users\thuyh\.stmcufinder\plugins\mcufinder
2024-09-24 08:35:05,796 [INFO] CrossReferenceDbSqlite:196 - Set database path to: C:\Users\thuyh\.stmcufinder\plugins\mcufinder//mcu/cs/
2024-09-24 08:35:05,796 [WARN] DbFile:35 - Overriding database path with different value: C:\Users\thuyh\.stmcufinder\plugins\mcufinder/ => C:\Users\thuyh\.stmcufinder\plugins\mcufinder
2024-09-24 08:35:05,796 [INFO] DbExamplesSqlite:767 - Set database path to: C:\Users\thuyh\.stmcufinder\plugins\mcufinder//mcu/
2024-09-24 08:35:05,874 [INFO] MainPanel:214 - HeapMemory: 861929472
2024-09-24 08:35:05,967 [INFO] DbMcusXml:74 - Set database path to: C:\Users\thuyh\STM32CubeIDE_1.7.0\STM32CubeIDE\plugins\com.st.stm32cube.common.mx_6.3.0.202107141111\\db\/mcu/
2024-09-24 08:35:05,967 [INFO] DbBoardsPdsc:56 - Set plugin database path to: C:\Users\thuyh\STM32CubeIDE_1.7.0\STM32CubeIDE\plugins\com.st.stm32cube.common.mx_6.3.0.202107141111\\db\/plugins/boardmanager/
2024-09-24 08:35:05,967 [INFO] DbMcus:258 - Set plugin images path to: C:\Users\thuyh\STM32CubeIDE_1.7.0\STM32CubeIDE\plugins\com.st.stm32cube.common.mx_6.3.0.202107141111\\db\/plugins/mcufinder/images/
2024-09-24 08:35:05,967 [INFO] DbBoards:264 - Set plugin images path to: C:\Users\thuyh\STM32CubeIDE_1.7.0\STM32CubeIDE\plugins\com.st.stm32cube.common.mx_6.3.0.202107141111\\db\/plugins/mcufinder/images/
2024-09-24 08:35:05,967 [INFO] DbExamples:333 - Set plugin images path to: C:\Users\thuyh\STM32CubeIDE_1.7.0\STM32CubeIDE\plugins\com.st.stm32cube.common.mx_6.3.0.202107141111\\db\/plugins/mcufinder/images/
2024-09-24 08:35:05,967 [WARN] DbFile:35 - Overriding database path with different value: C:\Users\thuyh\.stmcufinder\plugins\mcufinder/ => C:\Users\thuyh\.stmcufinder\plugins\mcufinder
2024-09-24 08:35:05,967 [INFO] DbMcusAds:119 - Set database path to: C:\Users\thuyh\.stmcufinder\plugins\mcufinder//mcu/
2024-09-24 08:35:05,967 [WARN] DbFile:35 - Overriding database path with different value: C:\Users\thuyh\.stmcufinder\plugins\mcufinder/ => C:\Users\thuyh\.stmcufinder\plugins\mcufinder
2024-09-24 08:35:05,967 [INFO] DbMcusDocs:110 - Set database path to: C:\Users\thuyh\.stmcufinder\plugins\mcufinder//mcu/
2024-09-24 08:35:05,967 [WARN] DbFile:35 - Overriding database path with different value: C:\Users\thuyh\.stmcufinder\plugins\mcufinder/ => C:\Users\thuyh\.stmcufinder\plugins\mcufinder
2024-09-24 08:35:05,967 [INFO] DbMcusJson:64 - Set database path to: C:\Users\thuyh\.stmcufinder\plugins\mcufinder//mcu/
2024-09-24 08:35:05,967 [WARN] DbFile:35 - Overriding database path with different value: C:\Users\thuyh\.stmcufinder\plugins\mcufinder/ => C:\Users\thuyh\.stmcufinder\plugins\mcufinder
2024-09-24 08:35:05,967 [INFO] DbBoardsDocs:110 - Set database path to: C:\Users\thuyh\.stmcufinder\plugins\mcufinder//mcu/
2024-09-24 08:35:05,967 [WARN] DbFile:35 - Overriding database path with different value: C:\Users\thuyh\.stmcufinder\plugins\mcufinder/ => C:\Users\thuyh\.stmcufinder\plugins\mcufinder
2024-09-24 08:35:05,967 [INFO] DbBoardsJson:57 - Set database path to: C:\Users\thuyh\.stmcufinder\plugins\mcufinder//mcu/
2024-09-24 08:35:05,967 [WARN] DbFile:35 - Overriding database path with different value: C:\Users\thuyh\.stmcufinder\plugins\mcufinder/ => C:\Users\thuyh\.stmcufinder\plugins\mcufinder
2024-09-24 08:35:05,967 [WARN] DbFile:35 - Overriding database path with different value: C:\Users\thuyh\.stmcufinder\plugins\mcufinder/ => C:\Users\thuyh\.stmcufinder\plugins\mcufinder
2024-09-24 08:35:05,967 [INFO] CrossReferenceDbSqlite:196 - Set database path to: C:\Users\thuyh\.stmcufinder\plugins\mcufinder//mcu/cs/
2024-09-24 08:35:05,967 [WARN] DbFile:35 - Overriding database path with different value: C:\Users\thuyh\.stmcufinder\plugins\mcufinder/ => C:\Users\thuyh\.stmcufinder\plugins\mcufinder
2024-09-24 08:35:05,967 [INFO] DbExamplesSqlite:767 - Set database path to: C:\Users\thuyh\.stmcufinder\plugins\mcufinder//mcu/
2024-09-24 08:35:05,983 [INFO] ApplicationProperties:181 - Using Application install path: C:\Users\thuyh\STM32CubeIDE_1.7.0\STM32CubeIDE\plugins\com.st.stm32cube.common.mx_6.3.0.202107141111
2024-09-24 08:35:05,983 [INFO] PluginManage:188 - Search for loadable plugins [exclusion list=, ]
2024-09-24 08:35:05,999 [INFO] PluginManage:302 - Check plugin analytics
2024-09-24 08:35:06,217 [INFO] AnalyticsPlugin:257 - Accepted Software Licenses: 
2024-09-24 08:35:06,233 [INFO] AnalyticsPlugin:259 - Accepted CMSIS Pack Licenses: 
2024-09-24 08:35:06,233 [INFO] AnalyticsPlugin:261 - Accepted Firmware Licenses: 
2024-09-24 08:35:06,233 [INFO] PluginManage:352 - Loaded plugin analytics (category:tool,tabindex:-1)
2024-09-24 08:35:06,233 [INFO] PluginManage:302 - Check plugin clock
2024-09-24 08:35:06,249 [INFO] PluginManage:352 - Loaded plugin clock (category:base,tabindex:2)
2024-09-24 08:35:06,249 [INFO] PluginManage:302 - Check plugin ddr
2024-09-24 08:35:06,264 [INFO] PluginManage:352 - Loaded plugin ddr (category:tool,tabindex:6)
2024-09-24 08:35:06,264 [INFO] PluginManage:302 - Check plugin filemanager
2024-09-24 08:35:06,405 [INFO] PluginManage:352 - Loaded plugin filemanager (category:base,tabindex:10)
2024-09-24 08:35:06,405 [INFO] PluginManage:302 - Check plugin ipmanager
2024-09-24 08:35:06,420 [INFO] PluginManage:352 - Loaded plugin ipmanager (category:base,tabindex:5)
2024-09-24 08:35:06,420 [INFO] PluginManage:302 - Check plugin pinoutandconfiguration
2024-09-24 08:35:06,436 [INFO] PluginManage:352 - Loaded plugin pinoutandconfiguration (category:base,tabindex:1)
2024-09-24 08:35:06,436 [INFO] PluginManage:302 - Check plugin pinoutconfig
2024-09-24 08:35:06,483 [INFO] PluginManage:352 - Loaded plugin pinoutconfig (category:base,tabindex:0)
2024-09-24 08:35:06,483 [INFO] PluginManage:302 - Check plugin power
2024-09-24 08:35:06,499 [INFO] PluginManage:352 - Loaded plugin power (category:power,tabindex:4)
2024-09-24 08:35:06,499 [INFO] PluginManage:302 - Check plugin projectmanager
2024-09-24 08:35:06,545 [INFO] PluginManage:352 - Loaded plugin projectmanager (category:projectmanager,tabindex:3)
2024-09-24 08:35:06,545 [INFO] PluginManage:302 - Check plugin thirdparty
2024-09-24 08:35:06,842 [WARN] IntegrityCheckThread:78 - waiting for thirdparty lock release [integrity check]
2024-09-24 08:35:06,842 [INFO] IntegrityCheckThread:80 - entering critical section [integrity check]
2024-09-24 08:35:06,842 [INFO] PluginManage:352 - Loaded plugin thirdparty (category:base,tabindex:-1)
2024-09-24 08:35:06,842 [INFO] ThirdPartyUpdaterWithRetryManager:66 - Updater plugin not ready yet. [1/15]
2024-09-24 08:35:06,842 [INFO] PluginManage:302 - Check plugin tools
2024-09-24 08:35:06,920 [INFO] PluginManage:352 - Loaded plugin tools (category:base,tabindex:7)
2024-09-24 08:35:06,920 [INFO] PluginManage:302 - Check plugin tutovideos
2024-09-24 08:35:07,202 [INFO] PluginManage:352 - Loaded plugin tutovideos (category:base,tabindex:-1)
2024-09-24 08:35:07,202 [INFO] PluginManage:302 - Check plugin updater
2024-09-24 08:35:07,217 [INFO] PluginManage:352 - Loaded plugin updater (category:base,tabindex:12)
2024-09-24 08:35:07,217 [INFO] PluginManage:275 - PluginManage : Loaded plugins [13]
2024-09-24 08:35:07,467 [INFO] PinOutPanel:1463 - setPackage(No Configuration,No Configuration)
2024-09-24 08:35:07,655 [INFO] IPUIPlugin:74 - create IPUIPlugin
2024-09-24 08:35:07,655 [INFO] PluginManager:213 - loadIPPluginJar : add adc
2024-09-24 08:35:07,733 [INFO] IPUIPlugin:74 - create IPUIPlugin
2024-09-24 08:35:07,733 [INFO] PluginManager:213 - loadIPPluginJar : add aes
2024-09-24 08:35:07,811 [INFO] IPUIPlugin:74 - create IPUIPlugin
2024-09-24 08:35:07,811 [INFO] PluginManager:213 - loadIPPluginJar : add can
2024-09-24 08:35:07,873 [INFO] IPUIPlugin:74 - create IPUIPlugin
2024-09-24 08:35:07,873 [INFO] PluginManager:213 - loadIPPluginJar : add comp
2024-09-24 08:35:07,967 [INFO] IPUIPlugin:74 - create IPUIPlugin
2024-09-24 08:35:07,967 [INFO] PluginManager:213 - loadIPPluginJar : add cryp
2024-09-24 08:35:08,061 [INFO] IPUIPlugin:74 - create IPUIPlugin
2024-09-24 08:35:08,061 [INFO] PluginManager:213 - loadIPPluginJar : add dfsdm
2024-09-24 08:35:08,092 [INFO] IPUIPlugin:74 - create IPUIPlugin
2024-09-24 08:35:08,092 [INFO] PluginManager:213 - loadIPPluginJar : add dma
2024-09-24 08:35:08,186 [INFO] IPUIPlugin:74 - create IPUIPlugin
2024-09-24 08:35:08,186 [INFO] PluginManager:213 - loadIPPluginJar : add dma3
2024-09-24 08:35:08,233 [INFO] IPUIPlugin:74 - create IPUIPlugin
2024-09-24 08:35:08,233 [INFO] PluginManager:213 - loadIPPluginJar : add fatfs
2024-09-24 08:35:08,326 [INFO] IPUIPlugin:74 - create IPUIPlugin
2024-09-24 08:35:08,326 [INFO] PluginManager:213 - loadIPPluginJar : add fmc
2024-09-24 08:35:08,389 [INFO] IPUIPlugin:74 - create IPUIPlugin
2024-09-24 08:35:08,389 [INFO] PluginManager:213 - loadIPPluginJar : add freertos
2024-09-24 08:35:08,436 [INFO] IPUIPlugin:74 - create IPUIPlugin
2024-09-24 08:35:08,436 [INFO] PluginManager:213 - loadIPPluginJar : add genericplugin
2024-09-24 08:35:08,639 [INFO] IPUIPlugin:74 - create IPUIPlugin
2024-09-24 08:35:08,639 [INFO] PluginManager:213 - loadIPPluginJar : add gfxmmu
2024-09-24 08:35:08,920 [INFO] IPUIPlugin:74 - create IPUIPlugin
2024-09-24 08:35:08,920 [INFO] PluginManager:213 - loadIPPluginJar : add gic
2024-09-24 08:35:08,935 [INFO] IPUIPlugin:74 - create IPUIPlugin
2024-09-24 08:35:08,935 [INFO] PluginManager:213 - loadIPPluginJar : add gpio
2024-09-24 08:35:09,029 [INFO] IPUIPlugin:74 - create IPUIPlugin
2024-09-24 08:35:09,029 [INFO] PluginManager:213 - loadIPPluginJar : add gtzc
2024-09-24 08:35:09,076 [INFO] IPUIPlugin:74 - create IPUIPlugin
2024-09-24 08:35:09,076 [INFO] PluginManager:213 - loadIPPluginJar : add hash
2024-09-24 08:35:09,139 [INFO] IPUIPlugin:74 - create IPUIPlugin
2024-09-24 08:35:09,139 [INFO] PluginManager:213 - loadIPPluginJar : add i2c
2024-09-24 08:35:09,217 [INFO] IPUIPlugin:74 - create IPUIPlugin
2024-09-24 08:35:09,217 [INFO] PluginManager:213 - loadIPPluginJar : add i2s
2024-09-24 08:35:09,232 [INFO] IPUIPlugin:74 - create IPUIPlugin
2024-09-24 08:35:09,232 [INFO] PluginManager:213 - loadIPPluginJar : add ipddr
2024-09-24 08:35:09,342 [INFO] IPUIPlugin:74 - create IPUIPlugin
2024-09-24 08:35:09,342 [INFO] PluginManager:213 - loadIPPluginJar : add linkedlist
2024-09-24 08:35:09,404 [INFO] IPUIPlugin:74 - create IPUIPlugin
2024-09-24 08:35:09,404 [INFO] PluginManager:213 - loadIPPluginJar : add lorawan
2024-09-24 08:35:09,482 [INFO] IPUIPlugin:74 - create IPUIPlugin
2024-09-24 08:35:09,482 [INFO] PluginManager:213 - loadIPPluginJar : add ltdc
2024-09-24 08:35:09,529 [INFO] IPUIPlugin:74 - create IPUIPlugin
2024-09-24 08:35:09,529 [INFO] PluginManager:213 - loadIPPluginJar : add mdma
2024-09-24 08:35:09,529 [INFO] IPUIPlugin:74 - create IPUIPlugin
2024-09-24 08:35:09,529 [INFO] PluginManager:213 - loadIPPluginJar : add nvic
2024-09-24 08:35:09,592 [INFO] IPUIPlugin:74 - create IPUIPlugin
2024-09-24 08:35:09,592 [INFO] PluginManager:213 - loadIPPluginJar : add opamp
2024-09-24 08:35:09,670 [INFO] IPUIPlugin:74 - create IPUIPlugin
2024-09-24 08:35:09,670 [INFO] PluginManager:213 - loadIPPluginJar : add openamp
2024-09-24 08:35:09,732 [INFO] IPUIPlugin:74 - create IPUIPlugin
2024-09-24 08:35:09,732 [INFO] PluginManager:213 - loadIPPluginJar : add pdm2pcm
2024-09-24 08:35:09,748 [INFO] IPUIPlugin:74 - create IPUIPlugin
2024-09-24 08:35:09,748 [INFO] PluginManager:213 - loadIPPluginJar : add plateformsettings
2024-09-24 08:35:09,779 [INFO] IPUIPlugin:74 - create IPUIPlugin
2024-09-24 08:35:09,779 [INFO] PluginManager:213 - loadIPPluginJar : add quadspi
2024-09-24 08:35:09,795 [INFO] IPUIPlugin:74 - create IPUIPlugin
2024-09-24 08:35:09,795 [INFO] PluginManager:213 - loadIPPluginJar : add resmgrutility
2024-09-24 08:35:09,857 [INFO] ThirdPartyUpdaterWithRetryManager:66 - Updater plugin not ready yet. [2/15]
2024-09-24 08:35:09,857 [INFO] IPUIPlugin:74 - create IPUIPlugin
2024-09-24 08:35:09,873 [INFO] PluginManager:213 - loadIPPluginJar : add sai
2024-09-24 08:35:09,920 [INFO] IPUIPlugin:74 - create IPUIPlugin
2024-09-24 08:35:09,920 [INFO] PluginManager:213 - loadIPPluginJar : add spi
2024-09-24 08:35:09,982 [INFO] IPUIPlugin:74 - create IPUIPlugin
2024-09-24 08:35:09,982 [INFO] PluginManager:213 - loadIPPluginJar : add stm32_wpan
2024-09-24 08:35:10,029 [INFO] IPUIPlugin:74 - create IPUIPlugin
2024-09-24 08:35:10,029 [INFO] PluginManager:213 - loadIPPluginJar : add tim
2024-09-24 08:35:10,091 [INFO] IPUIPlugin:74 - create IPUIPlugin
2024-09-24 08:35:10,091 [INFO] PluginManager:213 - loadIPPluginJar : add touchsensing
2024-09-24 08:35:10,138 [INFO] IPUIPlugin:74 - create IPUIPlugin
2024-09-24 08:35:10,138 [INFO] PluginManager:213 - loadIPPluginJar : add tracer_emb
2024-09-24 08:35:10,185 [INFO] IPUIPlugin:74 - create IPUIPlugin
2024-09-24 08:35:10,185 [INFO] PluginManager:213 - loadIPPluginJar : add ts
2024-09-24 08:35:10,216 [INFO] IPUIPlugin:74 - create IPUIPlugin
2024-09-24 08:35:10,216 [INFO] PluginManager:213 - loadIPPluginJar : add tsc
2024-09-24 08:35:10,248 [INFO] IPUIPlugin:74 - create IPUIPlugin
2024-09-24 08:35:10,248 [INFO] PluginManager:213 - loadIPPluginJar : add ucpd
2024-09-24 08:35:10,310 [INFO] IPUIPlugin:74 - create IPUIPlugin
2024-09-24 08:35:10,310 [INFO] PluginManager:213 - loadIPPluginJar : add usart
2024-09-24 08:35:10,357 [INFO] IPUIPlugin:74 - create IPUIPlugin
2024-09-24 08:35:10,357 [INFO] PluginManager:213 - loadIPPluginJar : add usbx
2024-09-24 08:35:10,721 [FATAL] Updater:294 - Updater called before beeing initialized
2024-09-24 08:35:10,862 [FATAL] Updater:294 - Updater called before beeing initialized
2024-09-24 08:35:10,877 [INFO] DbMcusAds:47 - JSON generation date=Fri Sep 20 20:04:23 ICT 2024 (1726837463113)
2024-09-24 08:35:10,877 [FATAL] Updater:294 - Updater called before beeing initialized
2024-09-24 08:35:10,971 [WARN] DetailPanel:314 - Failed to get advertising image, set to default
2024-09-24 08:35:11,127 [FATAL] Updater:294 - Updater called before beeing initialized
2024-09-24 08:35:11,127 [FATAL] Updater:294 - Updater called before beeing initialized
2024-09-24 08:35:11,127 [FATAL] Updater:294 - Updater called before beeing initialized
2024-09-24 08:35:11,127 [WARN] DetailPanel:314 - Failed to get advertising image, set to default
2024-09-24 08:35:11,127 [FATAL] Updater:294 - Updater called before beeing initialized
2024-09-24 08:35:11,205 [ERROR] Updater:1075 - MainUpdater not yet initialized. External WinMGr cannot be set.
2024-09-24 08:35:11,221 [INFO] Updater:1012 - Updater Version found : 6.3.0
2024-09-24 08:35:11,237 [INFO] ApplicationProperties:181 - Using Application install path: C:\Users\thuyh\STM32CubeIDE_1.7.0\STM32CubeIDE\plugins\com.st.stm32cube.common.mx_6.3.0.202107141111
2024-09-24 08:35:11,534 [INFO] MainUpdater:2671 - connection check result : 10
2024-09-24 08:35:11,549 [INFO] MainUpdater:265 - Updater Check For Update Now.
2024-09-24 08:35:11,549 [INFO] MicroXplorer:478 - Change Database Version : DB.6.0.30
2024-09-24 08:35:11,752 [INFO] CheckServerUpdateThread:112 - End of CheckServer Thread
2024-09-24 08:35:11,799 [INFO] MainUpdater:2671 - connection check result : 10
2024-09-24 08:35:11,799 [INFO] MainUpdater:2671 - connection check result : 10
2024-09-24 08:35:12,174 [INFO] MicroXplorer:448 - Change Database Path : 
2024-09-24 08:35:12,174 [INFO] MicroXplorer:478 - Change Database Version : DB.6.0.30
2024-09-24 08:35:12,174 [WARN] ThirdParty:813 - waiting for thirdparty lock release [close project]
2024-09-24 08:35:13,049 [ERROR] Engine:463 - C:\Users\thuyh\.stm32cubemx\thirdparties\pdsc\STMicroelectronics.FP-SNS-MOTENVWB1.1.4.0.pdsc: PDSC version is not supported
2024-09-24 08:35:13,064 [ERROR] Engine:463 - C:\Users\thuyh\.stm32cubemx\thirdparties\pdsc\STMicroelectronics.X-CUBE-SMBUS.2.1.0.pdsc: PDSC version is not supported
2024-09-24 08:35:13,127 [WARN] PackLoader:238 - Cannot read IP mode file for STMicroelectronics.X-CUBE-AZRTOS-F7.1.1.0
2024-09-24 08:35:13,267 [WARN] PackLoader:238 - Cannot read IP mode file for STMicroelectronics.X-CUBE-MEMS1.11.0.0
2024-09-24 08:35:13,642 [ERROR] Engine:463 - C:\Users\thuyh\.stm32cubemx\thirdparties\pdsc\STMicroelectronics.FP-SNS-FLIGHT1.5.0.2.pdsc: PDSC version is not supported
2024-09-24 08:35:13,658 [ERROR] Engine:463 - C:\Users\thuyh\.stm32cubemx\thirdparties\pdsc\STMicroelectronics.X-CUBE-DISPLAY.3.0.0.pdsc: PDSC version is not supported
2024-09-24 08:35:13,674 [WARN] PackLoader:238 - Cannot read IP mode file for STMicroelectronics.X-CUBE-BLE1.7.0.0
2024-09-24 08:35:13,689 [ERROR] Engine:463 - C:\Users\thuyh\.stm32cubemx\thirdparties\pdsc\emotas.I-CUBE-CANOPEN.1.3.0.pdsc: PDSC version is not supported
2024-09-24 08:35:13,705 [ERROR] Engine:463 - C:\Users\thuyh\.stm32cubemx\thirdparties\pdsc\STMicroelectronics.X-CUBE-BLEMGR.3.1.0.pdsc: PDSC version is not supported
2024-09-24 08:35:13,720 [ERROR] Engine:463 - C:\Users\thuyh\.stm32cubemx\thirdparties\pdsc\STMicroelectronics.FP-SNS-SMARTAG2.1.2.0.pdsc: PDSC version is not supported
2024-09-24 08:35:13,752 [INFO] LogOutputStream:76 - [STDOUT_REDIRECT] 1 : Invalid condition id : UX_CORESTACK_Condition cause : null
2024-09-24 08:35:13,767 [INFO] LogOutputStream:76 - [STDOUT_REDIRECT] 1 : Invalid condition id : UX_CORESTACK_Condition cause : null
2024-09-24 08:35:13,767 [INFO] LogOutputStream:76 - [STDOUT_REDIRECT] 1 : Invalid condition id : UX_CORESTACK_Condition cause : null
2024-09-24 08:35:13,767 [INFO] LogOutputStream:76 - [STDOUT_REDIRECT] 1 : Invalid condition id : UX_CORESTACK_Condition cause : null
2024-09-24 08:35:13,767 [INFO] LogOutputStream:76 - [STDOUT_REDIRECT] 1 : Invalid condition id : UX_CORESTACK_Condition cause : null
2024-09-24 08:35:13,783 [WARN] PackLoader:238 - Cannot read IP mode file for STMicroelectronics.X-CUBE-AZRTOS-WL.2.0.0
2024-09-24 08:35:13,799 [ERROR] Engine:463 - C:\Users\thuyh\.stm32cubemx\thirdparties\pdsc\STMicroelectronics.FP-SNS-MOTENV1.5.0.0.pdsc: PDSC version is not supported
2024-09-24 08:35:13,814 [WARN] PackLoader:238 - Cannot read IP mode file for wolfSSL.I-CUBE-wolfMQTT.1.19.0
2024-09-24 08:35:13,845 [WARN] PackLoader:238 - Cannot read IP mode file for WES.I-CUBE-Cesium.1.3.0
2024-09-24 08:35:13,861 [WARN] PackLoader:238 - Cannot read IP mode file for STMicroelectronics.X-CUBE-BLE2.3.3.0
2024-09-24 08:35:13,877 [ERROR] Engine:463 - C:\Users\thuyh\.stm32cubemx\thirdparties\pdsc\STMicroelectronics.X-CUBE-TCPP.4.1.0.pdsc: PDSC version is not supported
2024-09-24 08:35:13,924 [WARN] PackLoader:238 - Cannot read IP mode file for STMicroelectronics.X-CUBE-AZRTOS-G0.1.1.0
2024-09-24 08:35:13,970 [WARN] PackLoader:238 - Cannot read IP mode file for STMicroelectronics.X-CUBE-SAFEA1.1.2.2
2024-09-24 08:35:14,002 [WARN] PackLoader:238 - Cannot read IP mode file for STMicroelectronics.X-CUBE-NFC4.3.0.0
2024-09-24 08:35:14,017 [ERROR] Engine:463 - C:\Users\thuyh\.stm32cubemx\thirdparties\pdsc\EmbeddedOffice.I-CUBE-FS-RTOS.1.0.1.pdsc: PDSC version is not supported
2024-09-24 08:35:14,033 [ERROR] Engine:463 - C:\Users\thuyh\.stm32cubemx\thirdparties\pdsc\RealThread.X-CUBE-RT-Thread_Nano.4.1.1.pdsc: PDSC version is not supported
2024-09-24 08:35:14,049 [WARN] PackLoader:238 - Cannot read IP mode file for STMicroelectronics.FP-ATR-SIGFOX1.3.2.0
2024-09-24 08:35:14,064 [WARN] PackLoader:238 - Cannot read IP mode file for wolfSSL.I-CUBE-wolfSSL.5.7.2
2024-09-24 08:35:14,080 [WARN] PackLoader:238 - Cannot read IP mode file for STMicroelectronics.X-CUBE-EEPRMA1.5.1.0
2024-09-24 08:35:14,111 [ERROR] Engine:463 - C:\Users\thuyh\.stm32cubemx\thirdparties\pdsc\ITTIA_DB.I-CUBE-ITTIADB.8.9.0.pdsc: PDSC version is not supported
2024-09-24 08:35:14,189 [WARN] PackLoader:238 - Cannot read IP mode file for SEGGER.I-CUBE-embOS.1.3.1
2024-09-24 08:35:14,298 [WARN] PackLoader:238 - Cannot read IP mode file for STMicroelectronics.X-CUBE-ALGOBUILD.1.4.0
2024-09-24 08:35:14,330 [WARN] PackLoader:238 - Cannot read IP mode file for STMicroelectronics.X-CUBE-GNSS1.6.0.0
2024-09-24 08:35:14,377 [WARN] PackLoader:238 - Cannot read IP mode file for STMicroelectronics.X-CUBE-AZRTOS-F4.1.1.0
2024-09-24 08:35:14,392 [WARN] PackLoader:238 - Cannot read IP mode file for STMicroelectronics.X-CUBE-ISPU.2.1.0
2024-09-24 08:35:14,408 [ERROR] Engine:463 - C:\Users\thuyh\.stm32cubemx\thirdparties\pdsc\STMicroelectronics.X-CUBE-FREERTOS.1.2.0.pdsc: PDSC version is not supported
2024-09-24 08:35:14,470 [WARN] PackLoader:238 - Cannot read IP mode file for STMicroelectronics.X-CUBE-AZRTOS-L5.2.0.0
2024-09-24 08:35:14,517 [WARN] PackLoader:238 - Cannot read IP mode file for STMicroelectronics.X-CUBE-NFC6.3.1.0
2024-09-24 08:35:14,548 [ERROR] Engine:463 - C:\Users\thuyh\.stm32cubemx\thirdparties\pdsc\STMicroelectronics.X-CUBE-DPower.1.2.0.pdsc: PDSC version is not supported
2024-09-24 08:35:14,564 [WARN] PackLoader:238 - Cannot read IP mode file for STMicroelectronics.X-CUBE-AI.9.0.0
2024-09-24 08:35:14,580 [WARN] PackLoader:238 - Cannot read IP mode file for STMicroelectronics.X-CUBE-NFC7.1.0.1
2024-09-24 08:35:14,627 [WARN] ConditionMgr:437 - getConditionDescription Invalid condition id : LAN8742 Phy interface Condition cause : null
2024-09-24 08:35:14,627 [WARN] PackLoader:238 - Cannot read IP mode file for STMicroelectronics.X-CUBE-AZRTOS-L4.2.0.0
2024-09-24 08:35:14,627 [WARN] ConditionMgr:1038 - genDependencies : Invalid condition id : LAN8742 Phy interface Condition cause : null
2024-09-24 08:35:14,627 [WARN] ConditionMgr:1038 - genDependencies : Invalid condition id : LAN8742 Phy interface Condition cause : null
2024-09-24 08:35:14,627 [WARN] ConditionMgr:1038 - genDependencies : Invalid condition id : LAN8742 Phy interface Condition cause : null
2024-09-24 08:35:14,642 [WARN] PackLoader:238 - Cannot read IP mode file for STMicroelectronics.X-CUBE-SFXS2LP1.4.0.0
2024-09-24 08:35:14,689 [WARN] PackLoader:238 - Cannot read IP mode file for STMicroelectronics.X-CUBE-AZRTOS-H7.3.3.0
2024-09-24 08:35:14,720 [WARN] ConditionMgr:437 - getConditionDescription Invalid condition id : UX DEVICE CLASS RTOS Condition cause : null
2024-09-24 08:35:14,720 [WARN] ConditionMgr:437 - getConditionDescription Invalid condition id : UX DEVICE CLASS RTOS Condition cause : null
2024-09-24 08:35:14,720 [WARN] PackLoader:238 - Cannot read IP mode file for STMicroelectronics.X-CUBE-AZRTOS-WB.2.0.0
2024-09-24 08:35:14,720 [WARN] ConditionMgr:1038 - genDependencies : Invalid condition id : UX DEVICE CLASS RTOS Condition cause : null
2024-09-24 08:35:14,720 [WARN] ConditionMgr:1038 - genDependencies : Invalid condition id : UX DEVICE CLASS RTOS Condition cause : null
2024-09-24 08:35:14,720 [WARN] ConditionMgr:1038 - genDependencies : Invalid condition id : UX DEVICE CLASS RTOS Condition cause : null
2024-09-24 08:35:14,720 [WARN] ConditionMgr:1038 - genDependencies : Invalid condition id : UX DEVICE CLASS RTOS Condition cause : null
2024-09-24 08:35:14,720 [WARN] ConditionMgr:1038 - genDependencies : Invalid condition id : UX DEVICE CLASS RTOS Condition cause : null
2024-09-24 08:35:14,736 [WARN] PackLoader:238 - Cannot read IP mode file for STMicroelectronics.X-CUBE-GNSS1.7.0.0
2024-09-24 08:35:14,751 [ERROR] Engine:463 - C:\Users\thuyh\.stm32cubemx\thirdparties\pdsc\STMicroelectronics.FP-SNS-STBOX1.2.0.0.pdsc: PDSC version is not supported
2024-09-24 08:35:14,767 [WARN] PackLoader:238 - Cannot read IP mode file for STMicroelectronics.X-CUBE-SUBG2.5.0.0
2024-09-24 08:35:14,798 [ERROR] Engine:463 - C:\Users\thuyh\.stm32cubemx\thirdparties\pdsc\Cesanta.I-CUBE-Mongoose.7.13.0.pdsc: PDSC version is not supported
2024-09-24 08:35:14,830 [WARN] PackLoader:238 - Cannot read IP mode file for STMicroelectronics.X-CUBE-AZRTOS-G4.2.0.0
2024-09-24 08:35:14,845 [WARN] PackLoader:238 - Cannot read IP mode file for STMicroelectronics.X-CUBE-ISPU.2.0.0
2024-09-24 08:35:14,861 [ERROR] Engine:463 - C:\Users\thuyh\.stm32cubemx\thirdparties\pdsc\STMicroelectronics.X-CUBE-ALS.1.0.2.pdsc: PDSC version is not supported
2024-09-24 08:35:14,876 [WARN] PackLoader:238 - Cannot read IP mode file for STMicroelectronics.X-CUBE-TOUCHGFX.4.24.0
2024-09-24 08:35:14,892 [WARN] PackLoader:238 - Cannot read IP mode file for wolfSSL.I-CUBE-wolfTPM.3.4.0
2024-09-24 08:35:14,908 [WARN] PackLoader:238 - Cannot read IP mode file for portGmbH.I-Cube-SoM-uGOAL.1.1.0
2024-09-24 08:35:14,955 [WARN] PackLoader:238 - Cannot read IP mode file for STMicroelectronics.X-CUBE-AZRTOS-H7RS.1.0.0
2024-09-24 08:35:14,970 [WARN] PackLoader:238 - Cannot read IP mode file for STMicroelectronics.FP-ATR-ASTRA1.2.0.0
2024-09-24 08:35:14,986 [ERROR] Engine:463 - C:\Users\thuyh\.stm32cubemx\thirdparties\pdsc\STMicroelectronics.X-CUBE-TOF1.3.4.2.pdsc: PDSC version is not supported
2024-09-24 08:35:15,001 [ERROR] Engine:463 - C:\Users\thuyh\.stm32cubemx\thirdparties\pdsc\Infineon.AIROC-Wi-Fi-Bluetooth-STM32.1.6.1.pdsc: PDSC version is not supported
2024-09-24 08:35:15,017 [WARN] PackLoader:238 - Cannot read IP mode file for wolfSSL.I-CUBE-wolfSSH.1.4.17
2024-09-24 08:35:15,017 [INFO] ThirdParty:915 - Integrity check success = true
2024-09-24 08:35:15,017 [INFO] IntegrityCheckThread:94 - exiting critical section [integrity check]
2024-09-24 08:35:15,017 [INFO] IntegrityCheckThread:97 - End integrity checks thread
2024-09-24 08:35:15,017 [INFO] ThirdParty:815 - entering critical section [close project]
2024-09-24 08:35:15,017 [INFO] ThirdParty:825 - exiting critical section [close project]
2024-09-24 08:35:15,033 [INFO] PinOutPanel:1463 - setPackage(No Configuration,No Configuration)
2024-09-24 08:35:15,033 [INFO] UtilMem:74 - Begin LoadConfig() Used Memory: 839820192 Bytes (861929472)
2024-09-24 08:35:15,033 [INFO] MicroXplorer:448 - Change Database Path : 
2024-09-24 08:35:15,033 [INFO] MicroXplorer:478 - Change Database Version : DB.6.0.30
2024-09-24 08:35:15,033 [INFO] OpenFileManager:313 - Change cursor
2024-09-24 08:35:16,485 [INFO] Context:592 - Trying to add GPIOservice into a context  which must be forbidden
2024-09-24 08:35:16,860 [WARN] ApiManager:304 - Cannot register API 'Board Extension:GNSS1A1' from pack STMicroelectronics.X-CUBE-GNSS1.6.0.0: no header file found
2024-09-24 08:35:16,860 [WARN] ApiManager:304 - Cannot register API 'Board Support:Custom' from pack STMicroelectronics.X-CUBE-GNSS1.6.0.0: no header file found
2024-09-24 08:35:16,860 [WARN] ApiManager:304 - Cannot register API 'Data Exchange:lib_gnss' from pack STMicroelectronics.X-CUBE-GNSS1.6.0.0: no header file found
2024-09-24 08:35:16,876 [WARN] ApiManager:304 - Cannot register API 'Board Extension:GNSS1A1' from pack STMicroelectronics.X-CUBE-GNSS1.7.0.0: no header file found
2024-09-24 08:35:16,876 [WARN] ApiManager:304 - Cannot register API 'Board Support:Custom' from pack STMicroelectronics.X-CUBE-GNSS1.7.0.0: no header file found
2024-09-24 08:35:16,876 [WARN] ApiManager:304 - Cannot register API 'Data Exchange:lib_gnss' from pack STMicroelectronics.X-CUBE-GNSS1.7.0.0: no header file found
2024-09-24 08:35:16,876 [WARN] ApiManager:304 - Cannot register API 'Board Extension:NFC06A1' from pack STMicroelectronics.X-CUBE-NFC6.3.1.0: no header file found
2024-09-24 08:35:16,876 [WARN] ApiManager:304 - Cannot register API 'Board Extension:NFC08A1' from pack STMicroelectronics.X-CUBE-NFC6.3.1.0: no header file found
2024-09-24 08:35:17,235 [WARN] ApiManager:304 - Cannot register API 'Board Extension:IKS01A3' from pack STMicroelectronics.X-CUBE-MEMS1.11.0.0: no header file found
2024-09-24 08:35:17,235 [WARN] ApiManager:304 - Cannot register API 'Board Extension:IKS02A1' from pack STMicroelectronics.X-CUBE-MEMS1.11.0.0: no header file found
2024-09-24 08:35:17,235 [WARN] ApiManager:304 - Cannot register API 'Board Extension:IKS4A1' from pack STMicroelectronics.X-CUBE-MEMS1.11.0.0: no header file found
2024-09-24 08:35:17,251 [INFO] RtosManager:484 - Registered RTOS mode: class=CMSIS, group=RTOS, mode=CMSIS_V1, owner=FREERTOS
2024-09-24 08:35:17,251 [INFO] RtosManager:484 - Registered RTOS mode: class=CMSIS, group=RTOS2, mode=CMSIS_V2, owner=FREERTOS
2024-09-24 08:35:17,251 [INFO] RtosManager:484 - Registered RTOS mode: class=RTOS, group=Core, mode=CMSIS_V1, owner=FREERTOS
2024-09-24 08:35:17,251 [INFO] RtosManager:484 - Registered RTOS mode: class=RTOS, group=Core, mode=CMSIS_V2, owner=FREERTOS
2024-09-24 08:35:17,251 [WARN] ModelIntegratedComponent:181 - Missing modes for component STMicroelectronics:FreeRTOS:0.0.1:STMicroelectronics:RTOS:FreeRTOS:Core:::10.2.0:
2024-09-24 08:35:17,251 [WARN] ApiManager:304 - Cannot register API 'Board Extension:STSAFEA1' from pack STMicroelectronics.X-CUBE-SAFEA1.1.2.2: no header file found
2024-09-24 08:35:17,251 [WARN] ApiManager:304 - Cannot register API 'Board Part:STSAFEA110' from pack STMicroelectronics.X-CUBE-SAFEA1.1.2.2: no header file found
2024-09-24 08:35:17,251 [WARN] ApiManager:304 - Cannot register API 'Security:ST_Cryptolib' from pack STMicroelectronics.X-CUBE-SAFEA1.1.2.2: no header file found
2024-09-24 08:35:17,251 [WARN] ApiManager:304 - Cannot register API 'Security:MbedTLS' from pack STMicroelectronics.X-CUBE-SAFEA1.1.2.2: no header file found
2024-09-24 08:35:17,251 [WARN] ApiManager:304 - Cannot register API 'Board Extension:NFC04A1' from pack STMicroelectronics.X-CUBE-NFC4.3.0.0: no header file found
2024-09-24 08:35:17,267 [WARN] ApiManager:304 - Cannot register API 'Board Extension:S2868A1' from pack STMicroelectronics.X-CUBE-SUBG2.5.0.0: no header file found
2024-09-24 08:35:17,267 [WARN] ApiManager:304 - Cannot register API 'Board Extension:S2868A2' from pack STMicroelectronics.X-CUBE-SUBG2.5.0.0: no header file found
2024-09-24 08:35:17,267 [WARN] ApiManager:304 - Cannot register API 'Board Extension:S2915A1' from pack STMicroelectronics.X-CUBE-SUBG2.5.0.0: no header file found
2024-09-24 08:35:17,267 [WARN] ApiManager:304 - Cannot register API 'Wireless:BlueNRG-MS' from pack STMicroelectronics.X-CUBE-BLE1.7.0.0: no header file found
2024-09-24 08:35:17,267 [WARN] ApiManager:304 - Cannot register API 'Board Extension:EEPRMA2' from pack STMicroelectronics.X-CUBE-EEPRMA1.5.1.0: no header file found
2024-09-24 08:35:17,267 [WARN] ApiManager:304 - Cannot register API 'Board Extension:PGEEZ1' from pack STMicroelectronics.X-CUBE-EEPRMA1.5.1.0: no header file found
2024-09-24 08:35:17,267 [WARN] ApiManager:304 - Cannot register API 'Board Extension:EEICA1' from pack STMicroelectronics.X-CUBE-EEPRMA1.5.1.0: no header file found
2024-09-24 08:35:17,267 [WARN] ApiManager:304 - Cannot register API 'Board Part:M24' from pack STMicroelectronics.X-CUBE-EEPRMA1.5.1.0: no header file found
2024-09-24 08:35:17,267 [WARN] ApiManager:304 - Cannot register API 'Board Part:M95' from pack STMicroelectronics.X-CUBE-EEPRMA1.5.1.0: no header file found
2024-09-24 08:35:17,267 [WARN] ApiManager:304 - Cannot register API 'Board Part:M95P32' from pack STMicroelectronics.X-CUBE-EEPRMA1.5.1.0: no header file found
2024-09-24 08:35:17,267 [WARN] ApiManager:304 - Cannot register API 'Board Part:M24256E-F' from pack STMicroelectronics.X-CUBE-EEPRMA1.5.1.0: no header file found
2024-09-24 08:35:17,267 [WARN] ApiManager:304 - Cannot register API 'Board Part:M24M01E-F' from pack STMicroelectronics.X-CUBE-EEPRMA1.5.1.0: no header file found
2024-09-24 08:35:17,267 [WARN] ApiManager:304 - Cannot register API 'PGEEZ1:SPI' from pack STMicroelectronics.X-CUBE-EEPRMA1.5.1.0: no header file found
2024-09-24 08:35:17,267 [WARN] ApiManager:304 - Cannot register API 'PGEEZ1:QDSPI' from pack STMicroelectronics.X-CUBE-EEPRMA1.5.1.0: no header file found
2024-09-24 08:35:17,282 [WARN] ModelIntegratedComponent:60 - No mode defined for component null
2024-09-24 08:35:17,282 [WARN] ModelIntegratedComponent:60 - No mode defined for component null
2024-09-24 08:35:17,282 [WARN] ModelIntegratedComponent:60 - No mode defined for component null
2024-09-24 08:35:17,282 [WARN] ModelIntegratedComponent:60 - No mode defined for component null
2024-09-24 08:35:17,282 [WARN] ModelIntegratedComponent:60 - No mode defined for component null
2024-09-24 08:35:17,282 [WARN] ModelIntegratedComponent:60 - No mode defined for component null
2024-09-24 08:35:17,282 [WARN] ModelIntegratedComponent:60 - No mode defined for component null
2024-09-24 08:35:17,282 [WARN] ModelIntegratedComponent:60 - No mode defined for component null
2024-09-24 08:35:17,282 [WARN] ModelIntegratedComponent:60 - No mode defined for component null
2024-09-24 08:35:17,282 [WARN] ModelIntegratedComponent:60 - No mode defined for component null
2024-09-24 08:35:17,282 [WARN] ModelIntegratedComponent:60 - No mode defined for component null
2024-09-24 08:35:17,282 [WARN] ModelIntegratedComponent:60 - No mode defined for component null
2024-09-24 08:35:17,282 [WARN] ModelIntegratedComponent:60 - No mode defined for component null
2024-09-24 08:35:17,282 [WARN] ModelIntegratedComponent:60 - No mode defined for component null
2024-09-24 08:35:17,282 [WARN] ModelIntegratedComponent:60 - No mode defined for component null
2024-09-24 08:35:17,282 [WARN] ModelIntegratedComponent:60 - No mode defined for component null
2024-09-24 08:35:17,282 [WARN] ModelIntegratedComponent:60 - No mode defined for component null
2024-09-24 08:35:17,282 [WARN] ModelIntegratedComponent:60 - No mode defined for component null
2024-09-24 08:35:17,282 [WARN] ModelIntegratedComponent:60 - No mode defined for component null
2024-09-24 08:35:17,282 [WARN] ModelIntegratedComponent:60 - No mode defined for component null
2024-09-24 08:35:17,282 [WARN] ModelIntegratedComponent:60 - No mode defined for component null
2024-09-24 08:35:17,282 [WARN] ModelIntegratedComponent:60 - No mode defined for component null
2024-09-24 08:35:17,282 [WARN] ModelIntegratedComponent:60 - No mode defined for component null
2024-09-24 08:35:17,282 [WARN] ModelIntegratedComponent:60 - No mode defined for component null
2024-09-24 08:35:17,282 [WARN] ModelIntegratedComponent:60 - No mode defined for component null
2024-09-24 08:35:17,282 [WARN] ModelIntegratedComponent:60 - No mode defined for component null
2024-09-24 08:35:17,282 [WARN] ModelIntegratedComponent:60 - No mode defined for component null
2024-09-24 08:35:17,282 [WARN] ModelIntegratedComponent:60 - No mode defined for component null
2024-09-24 08:35:17,282 [WARN] ModelIntegratedComponent:60 - No mode defined for component null
2024-09-24 08:35:17,282 [WARN] ModelIntegratedComponent:60 - No mode defined for component null
2024-09-24 08:35:17,282 [WARN] ModelIntegratedComponent:60 - No mode defined for component null
2024-09-24 08:35:17,282 [WARN] ApiManager:304 - Cannot register API 'Board Extension:NFC07A1' from pack STMicroelectronics.X-CUBE-NFC7.1.0.1: no header file found
2024-09-24 08:35:17,298 [WARN] ApiManager:304 - Cannot register API 'Board Extension:S2868A1' from pack STMicroelectronics.X-CUBE-SFXS2LP1.4.0.0: no header file found
2024-09-24 08:35:17,298 [WARN] ApiManager:304 - Cannot register API 'Board Extension:S2868A2' from pack STMicroelectronics.X-CUBE-SFXS2LP1.4.0.0: no header file found
2024-09-24 08:35:17,298 [WARN] ApiManager:304 - Cannot register API 'Board Extension:S2915A1' from pack STMicroelectronics.X-CUBE-SFXS2LP1.4.0.0: no header file found
2024-09-24 08:35:17,298 [WARN] ApiManager:304 - Cannot register API 'Wireless:BlueNRG-2' from pack STMicroelectronics.X-CUBE-BLE2.3.3.0: no header file found
2024-09-24 08:35:20,484 [INFO] UtilMem:74 - End LoadConfig() Used Memory: 803620592 Bytes (861929472)
2024-09-24 08:35:20,500 [INFO] DbMcusXml:100 - Load MCU database from C:\Users\thuyh\STM32CubeIDE_1.7.0\STM32CubeIDE\plugins\com.st.stm32cube.common.mx_6.3.0.202107141111\\db\/mcu/families.xml
2024-09-24 08:35:22,015 [INFO] DbMcusJson:93 - JSON generation date=Tue Nov 16 23:17:54 ICT 2021 (1637079474)
2024-09-24 08:35:23,203 [INFO] DbMcus:175 - Found 1951 MCUs (1903 are supported by CubeMX, 1914 are visible in CubeMX)
2024-09-24 08:35:23,203 [INFO] ApiDb:251 - Load user favorites file C:\Users\thuyh/.stm32cubeide/favorites.mcus.txt: 0 item(s)
2024-09-24 08:35:23,203 [INFO] ApiDb:255 - User favorites MCUs=[]
2024-09-24 08:35:23,203 [INFO] DbMcus:187 - Set 0 / 0 favorites MCUs
2024-09-24 08:35:23,218 [WARN] ThirdParty:779 - waiting for thirdparty lock release [change project]
2024-09-24 08:35:23,218 [INFO] ThirdParty:781 - entering critical section [change project]
2024-09-24 08:35:23,218 [INFO] ThirdParty:967 - CMSIS Pack Vendor :STMicroelectronics X-CUBE-AZRTOS-H7 3.3.0
2024-09-24 08:35:23,218 [INFO] ThirdParty:967 - CMSIS Pack Vendor :STMicroelectronics X-CUBE-GNSS1 6.0.0
2024-09-24 08:35:23,218 [INFO] ThirdParty:967 - CMSIS Pack Vendor :STMicroelectronics USB_HOST 2.0.0
2024-09-24 08:35:23,218 [INFO] ThirdParty:967 - CMSIS Pack Vendor :STMicroelectronics X-CUBE-AZRTOS-F4 1.1.0
2024-09-24 08:35:23,218 [INFO] ThirdParty:967 - CMSIS Pack Vendor :STMicroelectronics USB_DEVICE 3.0.0
2024-09-24 08:35:23,218 [INFO] ThirdParty:967 - CMSIS Pack Vendor :STMicroelectronics X-CUBE-ISPU 2.1.0
2024-09-24 08:35:23,218 [INFO] ThirdParty:967 - CMSIS Pack Vendor :STMicroelectronics X-CUBE-AZRTOS-WB 2.0.0
2024-09-24 08:35:23,218 [INFO] ThirdParty:967 - CMSIS Pack Vendor :STMicroelectronics X-CUBE-GNSS1 7.0.0
2024-09-24 08:35:23,218 [INFO] ThirdParty:967 - CMSIS Pack Vendor :STMicroelectronics X-CUBE-AZRTOS-F7 1.1.0
2024-09-24 08:35:23,218 [INFO] ThirdParty:967 - CMSIS Pack Vendor :STMicroelectronics X-CUBE-AZRTOS-L5 2.0.0
2024-09-24 08:35:23,218 [INFO] ThirdParty:967 - CMSIS Pack Vendor :STMicroelectronics USB_DEVICE 2.0.0
2024-09-24 08:35:23,218 [INFO] ThirdParty:967 - CMSIS Pack Vendor :STMicroelectronics X-CUBE-NFC6 3.1.0
2024-09-24 08:35:23,218 [INFO] ThirdParty:967 - CMSIS Pack Vendor :STMicroelectronics X-CUBE-MEMS1 11.0.0
2024-09-24 08:35:23,218 [INFO] ThirdParty:967 - CMSIS Pack Vendor :STMicroelectronics FreeRTOS 0.0.1
2024-09-24 08:35:23,218 [INFO] ThirdParty:967 - CMSIS Pack Vendor :STMicroelectronics X-CUBE-AZRTOS-G0 1.1.0
2024-09-24 08:35:23,218 [INFO] ThirdParty:967 - CMSIS Pack Vendor :STMicroelectronics X-CUBE-SAFEA1 1.2.2
2024-09-24 08:35:23,218 [INFO] ThirdParty:967 - CMSIS Pack Vendor :STMicroelectronics X-CUBE-NFC4 3.0.0
2024-09-24 08:35:23,218 [INFO] ThirdParty:967 - CMSIS Pack Vendor :STMicroelectronics X-CUBE-SUBG2 5.0.0
2024-09-24 08:35:23,218 [INFO] ThirdParty:967 - CMSIS Pack Vendor :STMicroelectronics lwIP 2.0.3
2024-09-24 08:35:23,218 [INFO] ThirdParty:967 - CMSIS Pack Vendor :STMicroelectronics USB_HOST 1.0.0
2024-09-24 08:35:23,218 [INFO] ThirdParty:967 - CMSIS Pack Vendor :STMicroelectronics X-CUBE-AI 9.0.0
2024-09-24 08:35:23,218 [INFO] ThirdParty:967 - CMSIS Pack Vendor :STMicroelectronics X-CUBE-AZRTOS-G4 2.0.0
2024-09-24 08:35:23,218 [INFO] ThirdParty:967 - CMSIS Pack Vendor :STMicroelectronics PDM2PCM 3.1.0
2024-09-24 08:35:23,218 [INFO] ThirdParty:967 - CMSIS Pack Vendor :STMicroelectronics PDM2PCM 3.3.0
2024-09-24 08:35:23,218 [INFO] ThirdParty:967 - CMSIS Pack Vendor :STMicroelectronics X-CUBE-BLE1 7.0.0
2024-09-24 08:35:23,218 [INFO] ThirdParty:967 - CMSIS Pack Vendor :STMicroelectronics FP-ATR-SIGFOX1 3.2.0
2024-09-24 08:35:23,218 [INFO] ThirdParty:967 - CMSIS Pack Vendor :wolfSSL I-CUBE-wolfSSL 5.7.2
2024-09-24 08:35:23,218 [INFO] ThirdParty:967 - CMSIS Pack Vendor :STMicroelectronics X-CUBE-ISPU 2.0.0
2024-09-24 08:35:23,218 [INFO] ThirdParty:967 - CMSIS Pack Vendor :STMicroelectronics X-CUBE-EEPRMA1 5.1.0
2024-09-24 08:35:23,218 [INFO] ThirdParty:967 - CMSIS Pack Vendor :STMicroelectronics HAL Drivers 0.0.0
2024-09-24 08:35:23,218 [INFO] ThirdParty:967 - CMSIS Pack Vendor :STMicroelectronics MBEDTLS 2.16.2
2024-09-24 08:35:23,218 [INFO] ThirdParty:967 - CMSIS Pack Vendor :STMicroelectronics X-CUBE-NFC7 1.0.1
2024-09-24 08:35:23,218 [INFO] ThirdParty:967 - CMSIS Pack Vendor :STMicroelectronics MBEDTLS 2.14.1
2024-09-24 08:35:23,218 [INFO] ThirdParty:967 - CMSIS Pack Vendor :STMicroelectronics X-CUBE-TOUCHGFX 4.24.0
2024-09-24 08:35:23,218 [INFO] ThirdParty:967 - CMSIS Pack Vendor :wolfSSL I-CUBE-wolfTPM 3.4.0
2024-09-24 08:35:23,218 [INFO] ThirdParty:967 - CMSIS Pack Vendor :portGmbH I-Cube-SoM-uGOAL 1.1.0
2024-09-24 08:35:23,218 [INFO] ThirdParty:967 - CMSIS Pack Vendor :STMicroelectronics X-CUBE-AZRTOS-WL 2.0.0
2024-09-24 08:35:23,218 [INFO] ThirdParty:967 - CMSIS Pack Vendor :SEGGER I-CUBE-embOS 1.3.1
2024-09-24 08:35:23,218 [INFO] ThirdParty:967 - CMSIS Pack Vendor :STMicroelectronics X-CUBE-ALGOBUILD 1.4.0
2024-09-24 08:35:23,218 [INFO] ThirdParty:967 - CMSIS Pack Vendor :STMicroelectronics USB_DEVICE 1.0.0
2024-09-24 08:35:23,218 [INFO] ThirdParty:967 - CMSIS Pack Vendor :STMicroelectronics X-CUBE-AZRTOS-H7RS 1.0.0
2024-09-24 08:35:23,218 [INFO] ThirdParty:967 - CMSIS Pack Vendor :wolfSSL I-CUBE-wolfMQTT 1.19.0
2024-09-24 08:35:23,218 [INFO] ThirdParty:967 - CMSIS Pack Vendor :STMicroelectronics X-CUBE-AZRTOS-L4 2.0.0
2024-09-24 08:35:23,218 [INFO] ThirdParty:967 - CMSIS Pack Vendor :STMicroelectronics ThreadX 0.0.2
2024-09-24 08:35:23,218 [INFO] ThirdParty:967 - CMSIS Pack Vendor :WES I-CUBE-Cesium 1.3.0
2024-09-24 08:35:23,218 [INFO] ThirdParty:967 - CMSIS Pack Vendor :STMicroelectronics FP-ATR-ASTRA1 2.0.0
2024-09-24 08:35:23,218 [INFO] ThirdParty:967 - CMSIS Pack Vendor :STMicroelectronics lwIP 2.1.2
2024-09-24 08:35:23,218 [INFO] ThirdParty:967 - CMSIS Pack Vendor :STMicroelectronics X-CUBE-SFXS2LP1 4.0.0
2024-09-24 08:35:23,218 [INFO] ThirdParty:967 - CMSIS Pack Vendor :STMicroelectronics X-CUBE-BLE2 3.3.0
2024-09-24 08:35:23,218 [INFO] ThirdParty:967 - CMSIS Pack Vendor :STMicroelectronics PDM2PCM 3.2.0
2024-09-24 08:35:23,218 [INFO] ThirdParty:967 - CMSIS Pack Vendor :wolfSSL I-CUBE-wolfSSH 1.4.17
2024-09-24 08:35:23,218 [INFO] ThirdParty:787 - exiting critical section [change project]
2024-09-24 08:35:23,609 [INFO] PinOutPanel:1463 - setPackage(No Configuration,No Configuration)
2024-09-24 08:35:23,609 [INFO] PinOutPanel:1463 - setPackage(STM32F103C6Tx,LQFP48)
2024-09-24 08:35:24,296 [INFO] UtilMem:74 - Before build in PCC Used Memory: 987968512 Bytes (1003487232)
2024-09-24 08:35:25,358 [INFO] UtilMem:74 - After build in PCC Used Memory: 950283336 Bytes (1003487232)
2024-09-24 08:35:25,390 [INFO] IPUIPlugin:74 - create IPUIPlugin
2024-09-24 08:35:25,390 [INFO] IPUIPlugin:74 - create IPUIPlugin
2024-09-24 08:35:25,390 [INFO] IPUIPlugin:74 - create IPUIPlugin
2024-09-24 08:35:25,390 [INFO] IPUIPlugin:74 - create IPUIPlugin
2024-09-24 08:35:25,390 [INFO] IPUIPlugin:74 - create IPUIPlugin
2024-09-24 08:35:25,390 [INFO] IPUIPlugin:74 - create IPUIPlugin
2024-09-24 08:35:25,390 [INFO] IPUIPlugin:74 - create IPUIPlugin
2024-09-24 08:35:25,390 [INFO] IPUIPlugin:74 - create IPUIPlugin
2024-09-24 08:35:25,390 [INFO] IPUIPlugin:74 - create IPUIPlugin
2024-09-24 08:35:25,390 [INFO] IPUIPlugin:74 - create IPUIPlugin
2024-09-24 08:35:25,390 [INFO] IPUIPlugin:74 - create IPUIPlugin
2024-09-24 08:35:25,390 [INFO] IPUIPlugin:74 - create IPUIPlugin
2024-09-24 08:35:25,390 [INFO] IPUIPlugin:74 - create IPUIPlugin
2024-09-24 08:35:25,390 [INFO] IPUIPlugin:74 - create IPUIPlugin
2024-09-24 08:35:25,390 [INFO] IPUIPlugin:74 - create IPUIPlugin
2024-09-24 08:35:25,390 [INFO] IPUIPlugin:74 - create IPUIPlugin
2024-09-24 08:35:25,390 [INFO] IPUIPlugin:74 - create IPUIPlugin
2024-09-24 08:35:25,390 [INFO] IPUIPlugin:74 - create IPUIPlugin
2024-09-24 08:35:25,390 [INFO] IPUIPlugin:74 - create IPUIPlugin
2024-09-24 08:35:25,390 [INFO] IPUIPlugin:74 - create IPUIPlugin
2024-09-24 08:35:25,390 [INFO] IPUIPlugin:74 - create IPUIPlugin
2024-09-24 08:35:25,390 [INFO] IPUIPlugin:74 - create IPUIPlugin
2024-09-24 08:35:25,390 [INFO] IPUIPlugin:74 - create IPUIPlugin
2024-09-24 08:35:25,546 [INFO] OpenFileManager:333 - Restore cursor
2024-09-24 08:57:17,597 [INFO] Activator:177 - 


2024-09-24 08:57:17,597 [INFO] Activator:178 - !SESSION log4j initialized
2024-09-24 08:58:32,417 [INFO] McuFinderGlobals:39 - Set McuFinder mode to 2 (CubeIDE integrated)
2024-09-24 08:58:32,760 [INFO] ApplicationProperties:181 - Using Application install path: C:\Users\thuyh\STM32CubeIDE_1.7.0\STM32CubeIDE\plugins\com.st.stm32cube.common.mx_6.3.0.202107141111
2024-09-24 08:58:32,776 [INFO] DbMcusXml:74 - Set database path to: C:\Users\thuyh\STM32CubeIDE_1.7.0\STM32CubeIDE\plugins\com.st.stm32cube.common.mx_6.3.0.202107141111\\db\/mcu/
2024-09-24 08:58:32,792 [INFO] DbBoardsPdsc:56 - Set plugin database path to: C:\Users\thuyh\STM32CubeIDE_1.7.0\STM32CubeIDE\plugins\com.st.stm32cube.common.mx_6.3.0.202107141111\\db\/plugins/boardmanager/
2024-09-24 08:58:32,792 [INFO] DbMcus:258 - Set plugin images path to: C:\Users\thuyh\STM32CubeIDE_1.7.0\STM32CubeIDE\plugins\com.st.stm32cube.common.mx_6.3.0.202107141111\\db\/plugins/mcufinder/images/
2024-09-24 08:58:32,792 [INFO] DbBoards:264 - Set plugin images path to: C:\Users\thuyh\STM32CubeIDE_1.7.0\STM32CubeIDE\plugins\com.st.stm32cube.common.mx_6.3.0.202107141111\\db\/plugins/mcufinder/images/
2024-09-24 08:58:32,792 [INFO] DbExamples:333 - Set plugin images path to: C:\Users\thuyh\STM32CubeIDE_1.7.0\STM32CubeIDE\plugins\com.st.stm32cube.common.mx_6.3.0.202107141111\\db\/plugins/mcufinder/images/
2024-09-24 08:58:32,807 [INFO] DbMcusAds:119 - Set database path to: C:\Users\thuyh\.stmcufinder\plugins\mcufinder//mcu/
2024-09-24 08:58:32,807 [INFO] DbMcusDocs:110 - Set database path to: C:\Users\thuyh\.stmcufinder\plugins\mcufinder//mcu/
2024-09-24 08:58:32,807 [INFO] DbMcusJson:64 - Set database path to: C:\Users\thuyh\.stmcufinder\plugins\mcufinder//mcu/
2024-09-24 08:58:32,823 [INFO] DbBoardsDocs:110 - Set database path to: C:\Users\thuyh\.stmcufinder\plugins\mcufinder//mcu/
2024-09-24 08:58:32,823 [INFO] DbBoardsJson:57 - Set database path to: C:\Users\thuyh\.stmcufinder\plugins\mcufinder//mcu/
2024-09-24 08:58:33,432 [INFO] CrossReferenceDbSqlite:196 - Set database path to: C:\Users\thuyh\.stmcufinder\plugins\mcufinder//mcu/cs/
2024-09-24 08:58:33,432 [INFO] DbExamplesSqlite:767 - Set database path to: C:\Users\thuyh\.stmcufinder\plugins\mcufinder//mcu/
2024-09-24 08:58:33,588 [INFO] RulesReader:57 - Compatibility file has been processed (242 Rules)
2024-09-24 08:58:33,713 [INFO] DbMcusXml:74 - Set database path to: C:\Users\thuyh\STM32CubeIDE_1.7.0\STM32CubeIDE\plugins\com.st.stm32cube.common.mx_6.3.0.202107141111\\db\/mcu/
2024-09-24 08:58:33,713 [INFO] DbBoardsPdsc:56 - Set plugin database path to: C:\Users\thuyh\STM32CubeIDE_1.7.0\STM32CubeIDE\plugins\com.st.stm32cube.common.mx_6.3.0.202107141111\\db\/plugins/boardmanager/
2024-09-24 08:58:33,713 [INFO] DbMcus:258 - Set plugin images path to: C:\Users\thuyh\STM32CubeIDE_1.7.0\STM32CubeIDE\plugins\com.st.stm32cube.common.mx_6.3.0.202107141111\\db\/plugins/mcufinder/images/
2024-09-24 08:58:33,713 [INFO] DbBoards:264 - Set plugin images path to: C:\Users\thuyh\STM32CubeIDE_1.7.0\STM32CubeIDE\plugins\com.st.stm32cube.common.mx_6.3.0.202107141111\\db\/plugins/mcufinder/images/
2024-09-24 08:58:33,713 [INFO] DbExamples:333 - Set plugin images path to: C:\Users\thuyh\STM32CubeIDE_1.7.0\STM32CubeIDE\plugins\com.st.stm32cube.common.mx_6.3.0.202107141111\\db\/plugins/mcufinder/images/
2024-09-24 08:58:33,713 [WARN] DbFile:35 - Overriding database path with different value: C:\Users\thuyh\.stmcufinder\plugins\mcufinder/ => C:\Users\thuyh\.stmcufinder\plugins\mcufinder
2024-09-24 08:58:33,713 [INFO] DbMcusAds:119 - Set database path to: C:\Users\thuyh\.stmcufinder\plugins\mcufinder//mcu/
2024-09-24 08:58:33,713 [WARN] DbFile:35 - Overriding database path with different value: C:\Users\thuyh\.stmcufinder\plugins\mcufinder/ => C:\Users\thuyh\.stmcufinder\plugins\mcufinder
2024-09-24 08:58:33,713 [INFO] DbMcusDocs:110 - Set database path to: C:\Users\thuyh\.stmcufinder\plugins\mcufinder//mcu/
2024-09-24 08:58:33,713 [WARN] DbFile:35 - Overriding database path with different value: C:\Users\thuyh\.stmcufinder\plugins\mcufinder/ => C:\Users\thuyh\.stmcufinder\plugins\mcufinder
2024-09-24 08:58:33,713 [INFO] DbMcusJson:64 - Set database path to: C:\Users\thuyh\.stmcufinder\plugins\mcufinder//mcu/
2024-09-24 08:58:33,713 [WARN] DbFile:35 - Overriding database path with different value: C:\Users\thuyh\.stmcufinder\plugins\mcufinder/ => C:\Users\thuyh\.stmcufinder\plugins\mcufinder
2024-09-24 08:58:33,713 [INFO] DbBoardsDocs:110 - Set database path to: C:\Users\thuyh\.stmcufinder\plugins\mcufinder//mcu/
2024-09-24 08:58:33,713 [WARN] DbFile:35 - Overriding database path with different value: C:\Users\thuyh\.stmcufinder\plugins\mcufinder/ => C:\Users\thuyh\.stmcufinder\plugins\mcufinder
2024-09-24 08:58:33,713 [INFO] DbBoardsJson:57 - Set database path to: C:\Users\thuyh\.stmcufinder\plugins\mcufinder//mcu/
2024-09-24 08:58:33,713 [WARN] DbFile:35 - Overriding database path with different value: C:\Users\thuyh\.stmcufinder\plugins\mcufinder/ => C:\Users\thuyh\.stmcufinder\plugins\mcufinder
2024-09-24 08:58:33,713 [WARN] DbFile:35 - Overriding database path with different value: C:\Users\thuyh\.stmcufinder\plugins\mcufinder/ => C:\Users\thuyh\.stmcufinder\plugins\mcufinder
2024-09-24 08:58:33,729 [INFO] CrossReferenceDbSqlite:196 - Set database path to: C:\Users\thuyh\.stmcufinder\plugins\mcufinder//mcu/cs/
2024-09-24 08:58:33,729 [WARN] DbFile:35 - Overriding database path with different value: C:\Users\thuyh\.stmcufinder\plugins\mcufinder/ => C:\Users\thuyh\.stmcufinder\plugins\mcufinder
2024-09-24 08:58:33,729 [INFO] DbExamplesSqlite:767 - Set database path to: C:\Users\thuyh\.stmcufinder\plugins\mcufinder//mcu/
2024-09-24 08:58:33,823 [INFO] MainPanel:214 - HeapMemory: 293601280
2024-09-24 08:58:33,932 [INFO] DbMcusXml:74 - Set database path to: C:\Users\thuyh\STM32CubeIDE_1.7.0\STM32CubeIDE\plugins\com.st.stm32cube.common.mx_6.3.0.202107141111\\db\/mcu/
2024-09-24 08:58:33,932 [INFO] DbBoardsPdsc:56 - Set plugin database path to: C:\Users\thuyh\STM32CubeIDE_1.7.0\STM32CubeIDE\plugins\com.st.stm32cube.common.mx_6.3.0.202107141111\\db\/plugins/boardmanager/
2024-09-24 08:58:33,932 [INFO] DbMcus:258 - Set plugin images path to: C:\Users\thuyh\STM32CubeIDE_1.7.0\STM32CubeIDE\plugins\com.st.stm32cube.common.mx_6.3.0.202107141111\\db\/plugins/mcufinder/images/
2024-09-24 08:58:33,932 [INFO] DbBoards:264 - Set plugin images path to: C:\Users\thuyh\STM32CubeIDE_1.7.0\STM32CubeIDE\plugins\com.st.stm32cube.common.mx_6.3.0.202107141111\\db\/plugins/mcufinder/images/
2024-09-24 08:58:33,932 [INFO] DbExamples:333 - Set plugin images path to: C:\Users\thuyh\STM32CubeIDE_1.7.0\STM32CubeIDE\plugins\com.st.stm32cube.common.mx_6.3.0.202107141111\\db\/plugins/mcufinder/images/
2024-09-24 08:58:33,932 [WARN] DbFile:35 - Overriding database path with different value: C:\Users\thuyh\.stmcufinder\plugins\mcufinder/ => C:\Users\thuyh\.stmcufinder\plugins\mcufinder
2024-09-24 08:58:33,932 [INFO] DbMcusAds:119 - Set database path to: C:\Users\thuyh\.stmcufinder\plugins\mcufinder//mcu/
2024-09-24 08:58:33,932 [WARN] DbFile:35 - Overriding database path with different value: C:\Users\thuyh\.stmcufinder\plugins\mcufinder/ => C:\Users\thuyh\.stmcufinder\plugins\mcufinder
2024-09-24 08:58:33,932 [INFO] DbMcusDocs:110 - Set database path to: C:\Users\thuyh\.stmcufinder\plugins\mcufinder//mcu/
2024-09-24 08:58:33,932 [WARN] DbFile:35 - Overriding database path with different value: C:\Users\thuyh\.stmcufinder\plugins\mcufinder/ => C:\Users\thuyh\.stmcufinder\plugins\mcufinder
2024-09-24 08:58:33,932 [INFO] DbMcusJson:64 - Set database path to: C:\Users\thuyh\.stmcufinder\plugins\mcufinder//mcu/
2024-09-24 08:58:33,932 [WARN] DbFile:35 - Overriding database path with different value: C:\Users\thuyh\.stmcufinder\plugins\mcufinder/ => C:\Users\thuyh\.stmcufinder\plugins\mcufinder
2024-09-24 08:58:33,932 [INFO] DbBoardsDocs:110 - Set database path to: C:\Users\thuyh\.stmcufinder\plugins\mcufinder//mcu/
2024-09-24 08:58:33,932 [WARN] DbFile:35 - Overriding database path with different value: C:\Users\thuyh\.stmcufinder\plugins\mcufinder/ => C:\Users\thuyh\.stmcufinder\plugins\mcufinder
2024-09-24 08:58:33,932 [INFO] DbBoardsJson:57 - Set database path to: C:\Users\thuyh\.stmcufinder\plugins\mcufinder//mcu/
2024-09-24 08:58:33,932 [WARN] DbFile:35 - Overriding database path with different value: C:\Users\thuyh\.stmcufinder\plugins\mcufinder/ => C:\Users\thuyh\.stmcufinder\plugins\mcufinder
2024-09-24 08:58:33,932 [WARN] DbFile:35 - Overriding database path with different value: C:\Users\thuyh\.stmcufinder\plugins\mcufinder/ => C:\Users\thuyh\.stmcufinder\plugins\mcufinder
2024-09-24 08:58:33,932 [INFO] CrossReferenceDbSqlite:196 - Set database path to: C:\Users\thuyh\.stmcufinder\plugins\mcufinder//mcu/cs/
2024-09-24 08:58:33,932 [WARN] DbFile:35 - Overriding database path with different value: C:\Users\thuyh\.stmcufinder\plugins\mcufinder/ => C:\Users\thuyh\.stmcufinder\plugins\mcufinder
2024-09-24 08:58:33,932 [INFO] DbExamplesSqlite:767 - Set database path to: C:\Users\thuyh\.stmcufinder\plugins\mcufinder//mcu/
2024-09-24 08:58:33,963 [INFO] ApplicationProperties:181 - Using Application install path: C:\Users\thuyh\STM32CubeIDE_1.7.0\STM32CubeIDE\plugins\com.st.stm32cube.common.mx_6.3.0.202107141111
2024-09-24 08:58:33,963 [INFO] PluginManage:188 - Search for loadable plugins [exclusion list=, ]
2024-09-24 08:58:33,963 [INFO] PluginManage:302 - Check plugin analytics
2024-09-24 08:58:34,182 [INFO] AnalyticsPlugin:257 - Accepted Software Licenses: 
2024-09-24 08:58:34,182 [INFO] AnalyticsPlugin:259 - Accepted CMSIS Pack Licenses: 
2024-09-24 08:58:34,182 [INFO] AnalyticsPlugin:261 - Accepted Firmware Licenses: 
2024-09-24 08:58:34,182 [INFO] PluginManage:352 - Loaded plugin analytics (category:tool,tabindex:-1)
2024-09-24 08:58:34,182 [INFO] PluginManage:302 - Check plugin clock
2024-09-24 08:58:34,213 [INFO] PluginManage:352 - Loaded plugin clock (category:base,tabindex:2)
2024-09-24 08:58:34,213 [INFO] PluginManage:302 - Check plugin ddr
2024-09-24 08:58:34,213 [INFO] PluginManage:352 - Loaded plugin ddr (category:tool,tabindex:6)
2024-09-24 08:58:34,213 [INFO] PluginManage:302 - Check plugin filemanager
2024-09-24 08:58:34,416 [INFO] PluginManage:352 - Loaded plugin filemanager (category:base,tabindex:10)
2024-09-24 08:58:34,416 [INFO] PluginManage:302 - Check plugin ipmanager
2024-09-24 08:58:34,448 [INFO] PluginManage:352 - Loaded plugin ipmanager (category:base,tabindex:5)
2024-09-24 08:58:34,448 [INFO] PluginManage:302 - Check plugin pinoutandconfiguration
2024-09-24 08:58:34,494 [INFO] PluginManage:352 - Loaded plugin pinoutandconfiguration (category:base,tabindex:1)
2024-09-24 08:58:34,494 [INFO] PluginManage:302 - Check plugin pinoutconfig
2024-09-24 08:58:34,557 [INFO] PluginManage:352 - Loaded plugin pinoutconfig (category:base,tabindex:0)
2024-09-24 08:58:34,557 [INFO] PluginManage:302 - Check plugin power
2024-09-24 08:58:34,619 [INFO] PluginManage:352 - Loaded plugin power (category:power,tabindex:4)
2024-09-24 08:58:34,619 [INFO] PluginManage:302 - Check plugin projectmanager
2024-09-24 08:58:34,651 [INFO] PluginManage:352 - Loaded plugin projectmanager (category:projectmanager,tabindex:3)
2024-09-24 08:58:34,651 [INFO] PluginManage:302 - Check plugin thirdparty
2024-09-24 08:58:35,057 [WARN] IntegrityCheckThread:78 - waiting for thirdparty lock release [integrity check]
2024-09-24 08:58:35,057 [INFO] PluginManage:352 - Loaded plugin thirdparty (category:base,tabindex:-1)
2024-09-24 08:58:35,057 [INFO] IntegrityCheckThread:80 - entering critical section [integrity check]
2024-09-24 08:58:35,057 [INFO] PluginManage:302 - Check plugin tools
2024-09-24 08:58:35,057 [INFO] ThirdPartyUpdaterWithRetryManager:66 - Updater plugin not ready yet. [1/15]
2024-09-24 08:58:35,135 [INFO] PluginManage:352 - Loaded plugin tools (category:base,tabindex:7)
2024-09-24 08:58:35,135 [INFO] PluginManage:302 - Check plugin tutovideos
2024-09-24 08:58:35,479 [INFO] PluginManage:352 - Loaded plugin tutovideos (category:base,tabindex:-1)
2024-09-24 08:58:35,479 [INFO] PluginManage:302 - Check plugin updater
2024-09-24 08:58:35,494 [INFO] PluginManage:352 - Loaded plugin updater (category:base,tabindex:12)
2024-09-24 08:58:35,494 [INFO] PluginManage:275 - PluginManage : Loaded plugins [13]
2024-09-24 08:58:35,822 [INFO] PinOutPanel:1463 - setPackage(No Configuration,No Configuration)
2024-09-24 08:58:36,025 [INFO] IPUIPlugin:74 - create IPUIPlugin
2024-09-24 08:58:36,025 [INFO] PluginManager:213 - loadIPPluginJar : add adc
2024-09-24 08:58:36,103 [INFO] IPUIPlugin:74 - create IPUIPlugin
2024-09-24 08:58:36,103 [INFO] PluginManager:213 - loadIPPluginJar : add aes
2024-09-24 08:58:36,166 [INFO] IPUIPlugin:74 - create IPUIPlugin
2024-09-24 08:58:36,166 [INFO] PluginManager:213 - loadIPPluginJar : add can
2024-09-24 08:58:36,197 [INFO] IPUIPlugin:74 - create IPUIPlugin
2024-09-24 08:58:36,197 [INFO] PluginManager:213 - loadIPPluginJar : add comp
2024-09-24 08:58:36,244 [INFO] IPUIPlugin:74 - create IPUIPlugin
2024-09-24 08:58:36,244 [INFO] PluginManager:213 - loadIPPluginJar : add cryp
2024-09-24 08:58:36,306 [INFO] IPUIPlugin:74 - create IPUIPlugin
2024-09-24 08:58:36,306 [INFO] PluginManager:213 - loadIPPluginJar : add dfsdm
2024-09-24 08:58:36,322 [INFO] IPUIPlugin:74 - create IPUIPlugin
2024-09-24 08:58:36,322 [INFO] PluginManager:213 - loadIPPluginJar : add dma
2024-09-24 08:58:36,385 [INFO] IPUIPlugin:74 - create IPUIPlugin
2024-09-24 08:58:36,385 [INFO] PluginManager:213 - loadIPPluginJar : add dma3
2024-09-24 08:58:36,416 [INFO] IPUIPlugin:74 - create IPUIPlugin
2024-09-24 08:58:36,416 [INFO] PluginManager:213 - loadIPPluginJar : add fatfs
2024-09-24 08:58:36,478 [INFO] IPUIPlugin:74 - create IPUIPlugin
2024-09-24 08:58:36,478 [INFO] PluginManager:213 - loadIPPluginJar : add fmc
2024-09-24 08:58:36,510 [INFO] IPUIPlugin:74 - create IPUIPlugin
2024-09-24 08:58:36,510 [INFO] PluginManager:213 - loadIPPluginJar : add freertos
2024-09-24 08:58:36,541 [INFO] IPUIPlugin:74 - create IPUIPlugin
2024-09-24 08:58:36,541 [INFO] PluginManager:213 - loadIPPluginJar : add genericplugin
2024-09-24 08:58:36,635 [INFO] IPUIPlugin:74 - create IPUIPlugin
2024-09-24 08:58:36,635 [INFO] PluginManager:213 - loadIPPluginJar : add gfxmmu
2024-09-24 08:58:36,853 [INFO] IPUIPlugin:74 - create IPUIPlugin
2024-09-24 08:58:36,853 [INFO] PluginManager:213 - loadIPPluginJar : add gic
2024-09-24 08:58:36,869 [INFO] IPUIPlugin:74 - create IPUIPlugin
2024-09-24 08:58:36,869 [INFO] PluginManager:213 - loadIPPluginJar : add gpio
2024-09-24 08:58:36,978 [INFO] IPUIPlugin:74 - create IPUIPlugin
2024-09-24 08:58:36,978 [INFO] PluginManager:213 - loadIPPluginJar : add gtzc
2024-09-24 08:58:37,025 [INFO] IPUIPlugin:74 - create IPUIPlugin
2024-09-24 08:58:37,025 [INFO] PluginManager:213 - loadIPPluginJar : add hash
2024-09-24 08:58:37,103 [INFO] IPUIPlugin:74 - create IPUIPlugin
2024-09-24 08:58:37,103 [INFO] PluginManager:213 - loadIPPluginJar : add i2c
2024-09-24 08:58:37,150 [INFO] IPUIPlugin:74 - create IPUIPlugin
2024-09-24 08:58:37,150 [INFO] PluginManager:213 - loadIPPluginJar : add i2s
2024-09-24 08:58:37,166 [INFO] IPUIPlugin:74 - create IPUIPlugin
2024-09-24 08:58:37,166 [INFO] PluginManager:213 - loadIPPluginJar : add ipddr
2024-09-24 08:58:37,275 [INFO] IPUIPlugin:74 - create IPUIPlugin
2024-09-24 08:58:37,275 [INFO] PluginManager:213 - loadIPPluginJar : add linkedlist
2024-09-24 08:58:37,353 [INFO] IPUIPlugin:74 - create IPUIPlugin
2024-09-24 08:58:37,353 [INFO] PluginManager:213 - loadIPPluginJar : add lorawan
2024-09-24 08:58:37,400 [INFO] IPUIPlugin:74 - create IPUIPlugin
2024-09-24 08:58:37,400 [INFO] PluginManager:213 - loadIPPluginJar : add ltdc
2024-09-24 08:58:37,416 [INFO] IPUIPlugin:74 - create IPUIPlugin
2024-09-24 08:58:37,416 [INFO] PluginManager:213 - loadIPPluginJar : add mdma
2024-09-24 08:58:37,431 [INFO] IPUIPlugin:74 - create IPUIPlugin
2024-09-24 08:58:37,431 [INFO] PluginManager:213 - loadIPPluginJar : add nvic
2024-09-24 08:58:37,509 [INFO] IPUIPlugin:74 - create IPUIPlugin
2024-09-24 08:58:37,509 [INFO] PluginManager:213 - loadIPPluginJar : add opamp
2024-09-24 08:58:37,634 [INFO] IPUIPlugin:74 - create IPUIPlugin
2024-09-24 08:58:37,634 [INFO] PluginManager:213 - loadIPPluginJar : add openamp
2024-09-24 08:58:37,759 [INFO] IPUIPlugin:74 - create IPUIPlugin
2024-09-24 08:58:37,759 [INFO] PluginManager:213 - loadIPPluginJar : add pdm2pcm
2024-09-24 08:58:37,790 [INFO] IPUIPlugin:74 - create IPUIPlugin
2024-09-24 08:58:37,790 [INFO] PluginManager:213 - loadIPPluginJar : add plateformsettings
2024-09-24 08:58:37,837 [INFO] IPUIPlugin:74 - create IPUIPlugin
2024-09-24 08:58:37,837 [INFO] PluginManager:213 - loadIPPluginJar : add quadspi
2024-09-24 08:58:37,853 [INFO] IPUIPlugin:74 - create IPUIPlugin
2024-09-24 08:58:37,853 [INFO] PluginManager:213 - loadIPPluginJar : add resmgrutility
2024-09-24 08:58:37,931 [INFO] IPUIPlugin:74 - create IPUIPlugin
2024-09-24 08:58:37,931 [INFO] PluginManager:213 - loadIPPluginJar : add sai
2024-09-24 08:58:37,994 [INFO] IPUIPlugin:74 - create IPUIPlugin
2024-09-24 08:58:37,994 [INFO] PluginManager:213 - loadIPPluginJar : add spi
2024-09-24 08:58:38,056 [INFO] IPUIPlugin:74 - create IPUIPlugin
2024-09-24 08:58:38,056 [INFO] PluginManager:213 - loadIPPluginJar : add stm32_wpan
2024-09-24 08:58:38,072 [INFO] ThirdPartyUpdaterWithRetryManager:66 - Updater plugin not ready yet. [2/15]
2024-09-24 08:58:38,103 [INFO] IPUIPlugin:74 - create IPUIPlugin
2024-09-24 08:58:38,103 [INFO] PluginManager:213 - loadIPPluginJar : add tim
2024-09-24 08:58:38,165 [INFO] IPUIPlugin:74 - create IPUIPlugin
2024-09-24 08:58:38,165 [INFO] PluginManager:213 - loadIPPluginJar : add touchsensing
2024-09-24 08:58:38,212 [INFO] IPUIPlugin:74 - create IPUIPlugin
2024-09-24 08:58:38,212 [INFO] PluginManager:213 - loadIPPluginJar : add tracer_emb
2024-09-24 08:58:38,243 [INFO] IPUIPlugin:74 - create IPUIPlugin
2024-09-24 08:58:38,243 [INFO] PluginManager:213 - loadIPPluginJar : add ts
2024-09-24 08:58:38,275 [INFO] IPUIPlugin:74 - create IPUIPlugin
2024-09-24 08:58:38,275 [INFO] PluginManager:213 - loadIPPluginJar : add tsc
2024-09-24 08:58:38,322 [INFO] IPUIPlugin:74 - create IPUIPlugin
2024-09-24 08:58:38,322 [INFO] PluginManager:213 - loadIPPluginJar : add ucpd
2024-09-24 08:58:38,462 [INFO] IPUIPlugin:74 - create IPUIPlugin
2024-09-24 08:58:38,462 [INFO] PluginManager:213 - loadIPPluginJar : add usart
2024-09-24 08:58:38,587 [INFO] IPUIPlugin:74 - create IPUIPlugin
2024-09-24 08:58:38,587 [INFO] PluginManager:213 - loadIPPluginJar : add usbx
2024-09-24 08:58:38,947 [FATAL] Updater:294 - Updater called before beeing initialized
2024-09-24 08:58:39,134 [FATAL] Updater:294 - Updater called before beeing initialized
2024-09-24 08:58:39,150 [INFO] DbMcusAds:47 - JSON generation date=Fri Sep 20 20:04:23 ICT 2024 (1726837463113)
2024-09-24 08:58:39,150 [FATAL] Updater:294 - Updater called before beeing initialized
2024-09-24 08:58:39,275 [WARN] DetailPanel:314 - Failed to get advertising image, set to default
2024-09-24 08:58:39,447 [FATAL] Updater:294 - Updater called before beeing initialized
2024-09-24 08:58:39,462 [FATAL] Updater:294 - Updater called before beeing initialized
2024-09-24 08:58:39,462 [FATAL] Updater:294 - Updater called before beeing initialized
2024-09-24 08:58:39,462 [WARN] DetailPanel:314 - Failed to get advertising image, set to default
2024-09-24 08:58:39,462 [FATAL] Updater:294 - Updater called before beeing initialized
2024-09-24 08:58:39,540 [ERROR] Updater:1075 - MainUpdater not yet initialized. External WinMGr cannot be set.
2024-09-24 08:58:39,556 [INFO] Updater:1012 - Updater Version found : 6.3.0
2024-09-24 08:58:39,572 [INFO] ApplicationProperties:181 - Using Application install path: C:\Users\thuyh\STM32CubeIDE_1.7.0\STM32CubeIDE\plugins\com.st.stm32cube.common.mx_6.3.0.202107141111
2024-09-24 08:58:41,072 [INFO] ThirdPartyUpdaterWithRetryManager:66 - Updater plugin not ready yet. [3/15]
2024-09-24 08:58:42,071 [INFO] MainUpdater:2671 - connection check result : 10
2024-09-24 08:58:42,071 [INFO] MainUpdater:265 - Updater Check For Update Now.
2024-09-24 08:58:42,071 [INFO] MicroXplorer:478 - Change Database Version : DB.6.0.30
2024-09-24 08:58:42,275 [INFO] CheckServerUpdateThread:112 - End of CheckServer Thread
2024-09-24 08:58:42,321 [INFO] MainUpdater:2671 - connection check result : 10
2024-09-24 08:58:42,321 [INFO] MainUpdater:2671 - connection check result : 10
2024-09-24 08:58:42,665 [INFO] MicroXplorer:448 - Change Database Path : 
2024-09-24 08:58:42,665 [INFO] MicroXplorer:478 - Change Database Version : DB.6.0.30
2024-09-24 08:58:42,665 [WARN] ThirdParty:813 - waiting for thirdparty lock release [close project]
2024-09-24 08:58:44,259 [ERROR] Engine:463 - C:\Users\thuyh\.stm32cubemx\thirdparties\pdsc\STMicroelectronics.FP-SNS-MOTENVWB1.1.4.0.pdsc: PDSC version is not supported
2024-09-24 08:58:44,275 [ERROR] Engine:463 - C:\Users\thuyh\.stm32cubemx\thirdparties\pdsc\STMicroelectronics.X-CUBE-SMBUS.2.1.0.pdsc: PDSC version is not supported
2024-09-24 08:58:44,369 [WARN] PackLoader:238 - Cannot read IP mode file for STMicroelectronics.X-CUBE-AZRTOS-F7.1.1.0
2024-09-24 08:58:44,541 [WARN] PackLoader:238 - Cannot read IP mode file for STMicroelectronics.X-CUBE-MEMS1.11.0.0
2024-09-24 08:58:44,962 [ERROR] Engine:463 - C:\Users\thuyh\.stm32cubemx\thirdparties\pdsc\STMicroelectronics.FP-SNS-FLIGHT1.5.0.2.pdsc: PDSC version is not supported
2024-09-24 08:58:44,978 [ERROR] Engine:463 - C:\Users\thuyh\.stm32cubemx\thirdparties\pdsc\STMicroelectronics.X-CUBE-DISPLAY.3.0.0.pdsc: PDSC version is not supported
2024-09-24 08:58:44,994 [WARN] PackLoader:238 - Cannot read IP mode file for STMicroelectronics.X-CUBE-BLE1.7.0.0
2024-09-24 08:58:45,009 [ERROR] Engine:463 - C:\Users\thuyh\.stm32cubemx\thirdparties\pdsc\emotas.I-CUBE-CANOPEN.1.3.0.pdsc: PDSC version is not supported
2024-09-24 08:58:45,040 [ERROR] Engine:463 - C:\Users\thuyh\.stm32cubemx\thirdparties\pdsc\STMicroelectronics.X-CUBE-BLEMGR.3.1.0.pdsc: PDSC version is not supported
2024-09-24 08:58:45,056 [ERROR] Engine:463 - C:\Users\thuyh\.stm32cubemx\thirdparties\pdsc\STMicroelectronics.FP-SNS-SMARTAG2.1.2.0.pdsc: PDSC version is not supported
2024-09-24 08:58:45,072 [INFO] LogOutputStream:76 - [STDOUT_REDIRECT] 1 : Invalid condition id : UX_CORESTACK_Condition cause : null
2024-09-24 08:58:45,087 [INFO] LogOutputStream:76 - [STDOUT_REDIRECT] 1 : Invalid condition id : UX_CORESTACK_Condition cause : null
2024-09-24 08:58:45,087 [INFO] LogOutputStream:76 - [STDOUT_REDIRECT] 1 : Invalid condition id : UX_CORESTACK_Condition cause : null
2024-09-24 08:58:45,087 [INFO] LogOutputStream:76 - [STDOUT_REDIRECT] 1 : Invalid condition id : UX_CORESTACK_Condition cause : null
2024-09-24 08:58:45,087 [INFO] LogOutputStream:76 - [STDOUT_REDIRECT] 1 : Invalid condition id : UX_CORESTACK_Condition cause : null
2024-09-24 08:58:45,103 [WARN] PackLoader:238 - Cannot read IP mode file for STMicroelectronics.X-CUBE-AZRTOS-WL.2.0.0
2024-09-24 08:58:45,103 [ERROR] Engine:463 - C:\Users\thuyh\.stm32cubemx\thirdparties\pdsc\STMicroelectronics.FP-SNS-MOTENV1.5.0.0.pdsc: PDSC version is not supported
2024-09-24 08:58:45,119 [WARN] PackLoader:238 - Cannot read IP mode file for wolfSSL.I-CUBE-wolfMQTT.1.19.0
2024-09-24 08:58:45,134 [WARN] PackLoader:238 - Cannot read IP mode file for WES.I-CUBE-Cesium.1.3.0
2024-09-24 08:58:45,150 [WARN] PackLoader:238 - Cannot read IP mode file for STMicroelectronics.X-CUBE-BLE2.3.3.0
2024-09-24 08:58:45,165 [ERROR] Engine:463 - C:\Users\thuyh\.stm32cubemx\thirdparties\pdsc\STMicroelectronics.X-CUBE-TCPP.4.1.0.pdsc: PDSC version is not supported
2024-09-24 08:58:45,212 [WARN] PackLoader:238 - Cannot read IP mode file for STMicroelectronics.X-CUBE-AZRTOS-G0.1.1.0
2024-09-24 08:58:45,228 [WARN] PackLoader:238 - Cannot read IP mode file for STMicroelectronics.X-CUBE-SAFEA1.1.2.2
2024-09-24 08:58:45,244 [WARN] PackLoader:238 - Cannot read IP mode file for STMicroelectronics.X-CUBE-NFC4.3.0.0
2024-09-24 08:58:45,259 [ERROR] Engine:463 - C:\Users\thuyh\.stm32cubemx\thirdparties\pdsc\EmbeddedOffice.I-CUBE-FS-RTOS.1.0.1.pdsc: PDSC version is not supported
2024-09-24 08:58:45,275 [ERROR] Engine:463 - C:\Users\thuyh\.stm32cubemx\thirdparties\pdsc\RealThread.X-CUBE-RT-Thread_Nano.4.1.1.pdsc: PDSC version is not supported
2024-09-24 08:58:45,290 [WARN] PackLoader:238 - Cannot read IP mode file for STMicroelectronics.FP-ATR-SIGFOX1.3.2.0
2024-09-24 08:58:45,306 [WARN] PackLoader:238 - Cannot read IP mode file for wolfSSL.I-CUBE-wolfSSL.5.7.2
2024-09-24 08:58:45,322 [WARN] PackLoader:238 - Cannot read IP mode file for STMicroelectronics.X-CUBE-EEPRMA1.5.1.0
2024-09-24 08:58:45,353 [ERROR] Engine:463 - C:\Users\thuyh\.stm32cubemx\thirdparties\pdsc\ITTIA_DB.I-CUBE-ITTIADB.8.9.0.pdsc: PDSC version is not supported
2024-09-24 08:58:45,447 [WARN] PackLoader:238 - Cannot read IP mode file for SEGGER.I-CUBE-embOS.1.3.1
2024-09-24 08:58:45,587 [WARN] PackLoader:238 - Cannot read IP mode file for STMicroelectronics.X-CUBE-ALGOBUILD.1.4.0
2024-09-24 08:58:45,603 [WARN] PackLoader:238 - Cannot read IP mode file for STMicroelectronics.X-CUBE-GNSS1.6.0.0
2024-09-24 08:58:45,681 [WARN] PackLoader:238 - Cannot read IP mode file for STMicroelectronics.X-CUBE-AZRTOS-F4.1.1.0
2024-09-24 08:58:45,697 [WARN] PackLoader:238 - Cannot read IP mode file for STMicroelectronics.X-CUBE-ISPU.2.1.0
2024-09-24 08:58:45,712 [ERROR] Engine:463 - C:\Users\thuyh\.stm32cubemx\thirdparties\pdsc\STMicroelectronics.X-CUBE-FREERTOS.1.2.0.pdsc: PDSC version is not supported
2024-09-24 08:58:45,743 [WARN] PackLoader:238 - Cannot read IP mode file for STMicroelectronics.X-CUBE-AZRTOS-L5.2.0.0
2024-09-24 08:58:45,759 [WARN] PackLoader:238 - Cannot read IP mode file for STMicroelectronics.X-CUBE-NFC6.3.1.0
2024-09-24 08:58:45,775 [ERROR] Engine:463 - C:\Users\thuyh\.stm32cubemx\thirdparties\pdsc\STMicroelectronics.X-CUBE-DPower.1.2.0.pdsc: PDSC version is not supported
2024-09-24 08:58:45,806 [WARN] PackLoader:238 - Cannot read IP mode file for STMicroelectronics.X-CUBE-AI.9.0.0
2024-09-24 08:58:45,806 [WARN] PackLoader:238 - Cannot read IP mode file for STMicroelectronics.X-CUBE-NFC7.1.0.1
2024-09-24 08:58:45,853 [WARN] ConditionMgr:437 - getConditionDescription Invalid condition id : LAN8742 Phy interface Condition cause : null
2024-09-24 08:58:45,853 [WARN] PackLoader:238 - Cannot read IP mode file for STMicroelectronics.X-CUBE-AZRTOS-L4.2.0.0
2024-09-24 08:58:45,853 [WARN] ConditionMgr:1038 - genDependencies : Invalid condition id : LAN8742 Phy interface Condition cause : null
2024-09-24 08:58:45,853 [WARN] ConditionMgr:1038 - genDependencies : Invalid condition id : LAN8742 Phy interface Condition cause : null
2024-09-24 08:58:45,853 [WARN] ConditionMgr:1038 - genDependencies : Invalid condition id : LAN8742 Phy interface Condition cause : null
2024-09-24 08:58:45,868 [WARN] PackLoader:238 - Cannot read IP mode file for STMicroelectronics.X-CUBE-SFXS2LP1.4.0.0
2024-09-24 08:58:45,915 [WARN] PackLoader:238 - Cannot read IP mode file for STMicroelectronics.X-CUBE-AZRTOS-H7.3.3.0
2024-09-24 08:58:45,931 [WARN] ConditionMgr:437 - getConditionDescription Invalid condition id : UX DEVICE CLASS RTOS Condition cause : null
2024-09-24 08:58:45,931 [WARN] ConditionMgr:437 - getConditionDescription Invalid condition id : UX DEVICE CLASS RTOS Condition cause : null
2024-09-24 08:58:45,946 [WARN] PackLoader:238 - Cannot read IP mode file for STMicroelectronics.X-CUBE-AZRTOS-WB.2.0.0
2024-09-24 08:58:45,946 [WARN] ConditionMgr:1038 - genDependencies : Invalid condition id : UX DEVICE CLASS RTOS Condition cause : null
2024-09-24 08:58:45,946 [WARN] ConditionMgr:1038 - genDependencies : Invalid condition id : UX DEVICE CLASS RTOS Condition cause : null
2024-09-24 08:58:45,946 [WARN] ConditionMgr:1038 - genDependencies : Invalid condition id : UX DEVICE CLASS RTOS Condition cause : null
2024-09-24 08:58:45,946 [WARN] ConditionMgr:1038 - genDependencies : Invalid condition id : UX DEVICE CLASS RTOS Condition cause : null
2024-09-24 08:58:45,946 [WARN] ConditionMgr:1038 - genDependencies : Invalid condition id : UX DEVICE CLASS RTOS Condition cause : null
2024-09-24 08:58:45,962 [WARN] PackLoader:238 - Cannot read IP mode file for STMicroelectronics.X-CUBE-GNSS1.7.0.0
2024-09-24 08:58:45,978 [ERROR] Engine:463 - C:\Users\thuyh\.stm32cubemx\thirdparties\pdsc\STMicroelectronics.FP-SNS-STBOX1.2.0.0.pdsc: PDSC version is not supported
2024-09-24 08:58:46,025 [WARN] PackLoader:238 - Cannot read IP mode file for STMicroelectronics.X-CUBE-SUBG2.5.0.0
2024-09-24 08:58:46,056 [ERROR] Engine:463 - C:\Users\thuyh\.stm32cubemx\thirdparties\pdsc\Cesanta.I-CUBE-Mongoose.7.13.0.pdsc: PDSC version is not supported
2024-09-24 08:58:46,118 [WARN] PackLoader:238 - Cannot read IP mode file for STMicroelectronics.X-CUBE-AZRTOS-G4.2.0.0
2024-09-24 08:58:46,150 [WARN] PackLoader:238 - Cannot read IP mode file for STMicroelectronics.X-CUBE-ISPU.2.0.0
2024-09-24 08:58:46,181 [ERROR] Engine:463 - C:\Users\thuyh\.stm32cubemx\thirdparties\pdsc\STMicroelectronics.X-CUBE-ALS.1.0.2.pdsc: PDSC version is not supported
2024-09-24 08:58:46,196 [WARN] PackLoader:238 - Cannot read IP mode file for STMicroelectronics.X-CUBE-TOUCHGFX.4.24.0
2024-09-24 08:58:46,212 [WARN] PackLoader:238 - Cannot read IP mode file for wolfSSL.I-CUBE-wolfTPM.3.4.0
2024-09-24 08:58:46,243 [WARN] PackLoader:238 - Cannot read IP mode file for portGmbH.I-Cube-SoM-uGOAL.1.1.0
2024-09-24 08:58:46,275 [WARN] PackLoader:238 - Cannot read IP mode file for STMicroelectronics.X-CUBE-AZRTOS-H7RS.1.0.0
2024-09-24 08:58:46,290 [WARN] PackLoader:238 - Cannot read IP mode file for STMicroelectronics.FP-ATR-ASTRA1.2.0.0
2024-09-24 08:58:46,321 [ERROR] Engine:463 - C:\Users\thuyh\.stm32cubemx\thirdparties\pdsc\STMicroelectronics.X-CUBE-TOF1.3.4.2.pdsc: PDSC version is not supported
2024-09-24 08:58:46,337 [ERROR] Engine:463 - C:\Users\thuyh\.stm32cubemx\thirdparties\pdsc\Infineon.AIROC-Wi-Fi-Bluetooth-STM32.1.6.1.pdsc: PDSC version is not supported
2024-09-24 08:58:46,353 [WARN] PackLoader:238 - Cannot read IP mode file for wolfSSL.I-CUBE-wolfSSH.1.4.17
2024-09-24 08:58:46,353 [INFO] ThirdParty:915 - Integrity check success = true
2024-09-24 08:58:46,353 [INFO] IntegrityCheckThread:94 - exiting critical section [integrity check]
2024-09-24 08:58:46,353 [INFO] IntegrityCheckThread:97 - End integrity checks thread
2024-09-24 08:58:46,353 [INFO] ThirdParty:815 - entering critical section [close project]
2024-09-24 08:58:46,353 [INFO] ThirdParty:825 - exiting critical section [close project]
2024-09-24 08:58:46,353 [INFO] PinOutPanel:1463 - setPackage(No Configuration,No Configuration)
2024-09-24 08:58:46,353 [INFO] UtilMem:74 - Begin LoadConfig() Used Memory: 303840376 Bytes (449839104)
2024-09-24 08:58:46,353 [INFO] MicroXplorer:448 - Change Database Path : 
2024-09-24 08:58:46,353 [INFO] MicroXplorer:478 - Change Database Version : DB.6.0.30
2024-09-24 08:58:46,353 [INFO] OpenFileManager:313 - Change cursor
2024-09-24 08:58:47,727 [INFO] Context:592 - Trying to add GPIOservice into a context  which must be forbidden
2024-09-24 08:58:48,024 [WARN] ApiManager:304 - Cannot register API 'Board Extension:GNSS1A1' from pack STMicroelectronics.X-CUBE-GNSS1.6.0.0: no header file found
2024-09-24 08:58:48,024 [WARN] ApiManager:304 - Cannot register API 'Board Support:Custom' from pack STMicroelectronics.X-CUBE-GNSS1.6.0.0: no header file found
2024-09-24 08:58:48,024 [WARN] ApiManager:304 - Cannot register API 'Data Exchange:lib_gnss' from pack STMicroelectronics.X-CUBE-GNSS1.6.0.0: no header file found
2024-09-24 08:58:48,024 [WARN] ApiManager:304 - Cannot register API 'Board Extension:GNSS1A1' from pack STMicroelectronics.X-CUBE-GNSS1.7.0.0: no header file found
2024-09-24 08:58:48,024 [WARN] ApiManager:304 - Cannot register API 'Board Support:Custom' from pack STMicroelectronics.X-CUBE-GNSS1.7.0.0: no header file found
2024-09-24 08:58:48,024 [WARN] ApiManager:304 - Cannot register API 'Data Exchange:lib_gnss' from pack STMicroelectronics.X-CUBE-GNSS1.7.0.0: no header file found
2024-09-24 08:58:48,040 [WARN] ApiManager:304 - Cannot register API 'Board Extension:NFC06A1' from pack STMicroelectronics.X-CUBE-NFC6.3.1.0: no header file found
2024-09-24 08:58:48,040 [WARN] ApiManager:304 - Cannot register API 'Board Extension:NFC08A1' from pack STMicroelectronics.X-CUBE-NFC6.3.1.0: no header file found
2024-09-24 08:58:48,383 [WARN] ApiManager:304 - Cannot register API 'Board Extension:IKS01A3' from pack STMicroelectronics.X-CUBE-MEMS1.11.0.0: no header file found
2024-09-24 08:58:48,383 [WARN] ApiManager:304 - Cannot register API 'Board Extension:IKS02A1' from pack STMicroelectronics.X-CUBE-MEMS1.11.0.0: no header file found
2024-09-24 08:58:48,383 [WARN] ApiManager:304 - Cannot register API 'Board Extension:IKS4A1' from pack STMicroelectronics.X-CUBE-MEMS1.11.0.0: no header file found
2024-09-24 08:58:48,399 [INFO] RtosManager:484 - Registered RTOS mode: class=CMSIS, group=RTOS, mode=CMSIS_V1, owner=FREERTOS
2024-09-24 08:58:48,399 [INFO] RtosManager:484 - Registered RTOS mode: class=CMSIS, group=RTOS2, mode=CMSIS_V2, owner=FREERTOS
2024-09-24 08:58:48,399 [INFO] RtosManager:484 - Registered RTOS mode: class=RTOS, group=Core, mode=CMSIS_V1, owner=FREERTOS
2024-09-24 08:58:48,399 [INFO] RtosManager:484 - Registered RTOS mode: class=RTOS, group=Core, mode=CMSIS_V2, owner=FREERTOS
2024-09-24 08:58:48,399 [WARN] ModelIntegratedComponent:181 - Missing modes for component STMicroelectronics:FreeRTOS:0.0.1:STMicroelectronics:RTOS:FreeRTOS:Core:::10.2.0:
2024-09-24 08:58:48,399 [WARN] ApiManager:304 - Cannot register API 'Board Extension:STSAFEA1' from pack STMicroelectronics.X-CUBE-SAFEA1.1.2.2: no header file found
2024-09-24 08:58:48,399 [WARN] ApiManager:304 - Cannot register API 'Board Part:STSAFEA110' from pack STMicroelectronics.X-CUBE-SAFEA1.1.2.2: no header file found
2024-09-24 08:58:48,399 [WARN] ApiManager:304 - Cannot register API 'Security:ST_Cryptolib' from pack STMicroelectronics.X-CUBE-SAFEA1.1.2.2: no header file found
2024-09-24 08:58:48,399 [WARN] ApiManager:304 - Cannot register API 'Security:MbedTLS' from pack STMicroelectronics.X-CUBE-SAFEA1.1.2.2: no header file found
2024-09-24 08:58:48,415 [WARN] ApiManager:304 - Cannot register API 'Board Extension:NFC04A1' from pack STMicroelectronics.X-CUBE-NFC4.3.0.0: no header file found
2024-09-24 08:58:48,415 [WARN] ApiManager:304 - Cannot register API 'Board Extension:S2868A1' from pack STMicroelectronics.X-CUBE-SUBG2.5.0.0: no header file found
2024-09-24 08:58:48,415 [WARN] ApiManager:304 - Cannot register API 'Board Extension:S2868A2' from pack STMicroelectronics.X-CUBE-SUBG2.5.0.0: no header file found
2024-09-24 08:58:48,415 [WARN] ApiManager:304 - Cannot register API 'Board Extension:S2915A1' from pack STMicroelectronics.X-CUBE-SUBG2.5.0.0: no header file found
2024-09-24 08:58:48,415 [WARN] ApiManager:304 - Cannot register API 'Wireless:BlueNRG-MS' from pack STMicroelectronics.X-CUBE-BLE1.7.0.0: no header file found
2024-09-24 08:58:48,430 [WARN] ApiManager:304 - Cannot register API 'Board Extension:EEPRMA2' from pack STMicroelectronics.X-CUBE-EEPRMA1.5.1.0: no header file found
2024-09-24 08:58:48,430 [WARN] ApiManager:304 - Cannot register API 'Board Extension:PGEEZ1' from pack STMicroelectronics.X-CUBE-EEPRMA1.5.1.0: no header file found
2024-09-24 08:58:48,430 [WARN] ApiManager:304 - Cannot register API 'Board Extension:EEICA1' from pack STMicroelectronics.X-CUBE-EEPRMA1.5.1.0: no header file found
2024-09-24 08:58:48,430 [WARN] ApiManager:304 - Cannot register API 'Board Part:M24' from pack STMicroelectronics.X-CUBE-EEPRMA1.5.1.0: no header file found
2024-09-24 08:58:48,430 [WARN] ApiManager:304 - Cannot register API 'Board Part:M95' from pack STMicroelectronics.X-CUBE-EEPRMA1.5.1.0: no header file found
2024-09-24 08:58:48,430 [WARN] ApiManager:304 - Cannot register API 'Board Part:M95P32' from pack STMicroelectronics.X-CUBE-EEPRMA1.5.1.0: no header file found
2024-09-24 08:58:48,430 [WARN] ApiManager:304 - Cannot register API 'Board Part:M24256E-F' from pack STMicroelectronics.X-CUBE-EEPRMA1.5.1.0: no header file found
2024-09-24 08:58:48,430 [WARN] ApiManager:304 - Cannot register API 'Board Part:M24M01E-F' from pack STMicroelectronics.X-CUBE-EEPRMA1.5.1.0: no header file found
2024-09-24 08:58:48,430 [WARN] ApiManager:304 - Cannot register API 'PGEEZ1:SPI' from pack STMicroelectronics.X-CUBE-EEPRMA1.5.1.0: no header file found
2024-09-24 08:58:48,430 [WARN] ApiManager:304 - Cannot register API 'PGEEZ1:QDSPI' from pack STMicroelectronics.X-CUBE-EEPRMA1.5.1.0: no header file found
2024-09-24 08:58:48,430 [WARN] ModelIntegratedComponent:60 - No mode defined for component null
2024-09-24 08:58:48,430 [WARN] ModelIntegratedComponent:60 - No mode defined for component null
2024-09-24 08:58:48,430 [WARN] ModelIntegratedComponent:60 - No mode defined for component null
2024-09-24 08:58:48,430 [WARN] ModelIntegratedComponent:60 - No mode defined for component null
2024-09-24 08:58:48,430 [WARN] ModelIntegratedComponent:60 - No mode defined for component null
2024-09-24 08:58:48,430 [WARN] ModelIntegratedComponent:60 - No mode defined for component null
2024-09-24 08:58:48,430 [WARN] ModelIntegratedComponent:60 - No mode defined for component null
2024-09-24 08:58:48,430 [WARN] ModelIntegratedComponent:60 - No mode defined for component null
2024-09-24 08:58:48,430 [WARN] ModelIntegratedComponent:60 - No mode defined for component null
2024-09-24 08:58:48,430 [WARN] ModelIntegratedComponent:60 - No mode defined for component null
2024-09-24 08:58:48,430 [WARN] ModelIntegratedComponent:60 - No mode defined for component null
2024-09-24 08:58:48,430 [WARN] ModelIntegratedComponent:60 - No mode defined for component null
2024-09-24 08:58:48,430 [WARN] ModelIntegratedComponent:60 - No mode defined for component null
2024-09-24 08:58:48,430 [WARN] ModelIntegratedComponent:60 - No mode defined for component null
2024-09-24 08:58:48,430 [WARN] ModelIntegratedComponent:60 - No mode defined for component null
2024-09-24 08:58:48,430 [WARN] ModelIntegratedComponent:60 - No mode defined for component null
2024-09-24 08:58:48,430 [WARN] ModelIntegratedComponent:60 - No mode defined for component null
2024-09-24 08:58:48,430 [WARN] ModelIntegratedComponent:60 - No mode defined for component null
2024-09-24 08:58:48,430 [WARN] ModelIntegratedComponent:60 - No mode defined for component null
2024-09-24 08:58:48,430 [WARN] ModelIntegratedComponent:60 - No mode defined for component null
2024-09-24 08:58:48,430 [WARN] ModelIntegratedComponent:60 - No mode defined for component null
2024-09-24 08:58:48,430 [WARN] ModelIntegratedComponent:60 - No mode defined for component null
2024-09-24 08:58:48,430 [WARN] ModelIntegratedComponent:60 - No mode defined for component null
2024-09-24 08:58:48,430 [WARN] ModelIntegratedComponent:60 - No mode defined for component null
2024-09-24 08:58:48,430 [WARN] ModelIntegratedComponent:60 - No mode defined for component null
2024-09-24 08:58:48,430 [WARN] ModelIntegratedComponent:60 - No mode defined for component null
2024-09-24 08:58:48,430 [WARN] ModelIntegratedComponent:60 - No mode defined for component null
2024-09-24 08:58:48,430 [WARN] ModelIntegratedComponent:60 - No mode defined for component null
2024-09-24 08:58:48,430 [WARN] ModelIntegratedComponent:60 - No mode defined for component null
2024-09-24 08:58:48,430 [WARN] ModelIntegratedComponent:60 - No mode defined for component null
2024-09-24 08:58:48,430 [WARN] ModelIntegratedComponent:60 - No mode defined for component null
2024-09-24 08:58:48,430 [WARN] ApiManager:304 - Cannot register API 'Board Extension:NFC07A1' from pack STMicroelectronics.X-CUBE-NFC7.1.0.1: no header file found
2024-09-24 08:58:48,446 [WARN] ApiManager:304 - Cannot register API 'Board Extension:S2868A1' from pack STMicroelectronics.X-CUBE-SFXS2LP1.4.0.0: no header file found
2024-09-24 08:58:48,446 [WARN] ApiManager:304 - Cannot register API 'Board Extension:S2868A2' from pack STMicroelectronics.X-CUBE-SFXS2LP1.4.0.0: no header file found
2024-09-24 08:58:48,446 [WARN] ApiManager:304 - Cannot register API 'Board Extension:S2915A1' from pack STMicroelectronics.X-CUBE-SFXS2LP1.4.0.0: no header file found
2024-09-24 08:58:48,446 [WARN] ApiManager:304 - Cannot register API 'Wireless:BlueNRG-2' from pack STMicroelectronics.X-CUBE-BLE2.3.3.0: no header file found
2024-09-24 08:58:51,367 [INFO] UtilMem:74 - End LoadConfig() Used Memory: 258086064 Bytes (493879296)
2024-09-24 08:58:51,383 [INFO] DbMcusXml:100 - Load MCU database from C:\Users\thuyh\STM32CubeIDE_1.7.0\STM32CubeIDE\plugins\com.st.stm32cube.common.mx_6.3.0.202107141111\\db\/mcu/families.xml
2024-09-24 08:58:53,688 [INFO] DbMcusJson:93 - JSON generation date=Tue Nov 16 23:17:54 ICT 2021 (1637079474)
2024-09-24 08:58:55,141 [INFO] DbMcus:175 - Found 1951 MCUs (1903 are supported by CubeMX, 1914 are visible in CubeMX)
2024-09-24 08:58:55,141 [INFO] ApiDb:251 - Load user favorites file C:\Users\thuyh/.stm32cubeide/favorites.mcus.txt: 0 item(s)
2024-09-24 08:58:55,141 [INFO] ApiDb:255 - User favorites MCUs=[]
2024-09-24 08:58:55,141 [INFO] DbMcus:187 - Set 0 / 0 favorites MCUs
2024-09-24 08:58:55,156 [WARN] ThirdParty:779 - waiting for thirdparty lock release [change project]
2024-09-24 08:58:55,156 [INFO] ThirdParty:781 - entering critical section [change project]
2024-09-24 08:58:55,156 [INFO] ThirdParty:967 - CMSIS Pack Vendor :STMicroelectronics X-CUBE-AZRTOS-H7 3.3.0
2024-09-24 08:58:55,156 [INFO] ThirdParty:967 - CMSIS Pack Vendor :STMicroelectronics X-CUBE-GNSS1 6.0.0
2024-09-24 08:58:55,156 [INFO] ThirdParty:967 - CMSIS Pack Vendor :STMicroelectronics USB_HOST 2.0.0
2024-09-24 08:58:55,156 [INFO] ThirdParty:967 - CMSIS Pack Vendor :STMicroelectronics X-CUBE-AZRTOS-F4 1.1.0
2024-09-24 08:58:55,156 [INFO] ThirdParty:967 - CMSIS Pack Vendor :STMicroelectronics USB_DEVICE 3.0.0
2024-09-24 08:58:55,156 [INFO] ThirdParty:967 - CMSIS Pack Vendor :STMicroelectronics X-CUBE-ISPU 2.1.0
2024-09-24 08:58:55,156 [INFO] ThirdParty:967 - CMSIS Pack Vendor :STMicroelectronics X-CUBE-AZRTOS-WB 2.0.0
2024-09-24 08:58:55,156 [INFO] ThirdParty:967 - CMSIS Pack Vendor :STMicroelectronics X-CUBE-GNSS1 7.0.0
2024-09-24 08:58:55,156 [INFO] ThirdParty:967 - CMSIS Pack Vendor :STMicroelectronics X-CUBE-AZRTOS-F7 1.1.0
2024-09-24 08:58:55,156 [INFO] ThirdParty:967 - CMSIS Pack Vendor :STMicroelectronics X-CUBE-AZRTOS-L5 2.0.0
2024-09-24 08:58:55,156 [INFO] ThirdParty:967 - CMSIS Pack Vendor :STMicroelectronics USB_DEVICE 2.0.0
2024-09-24 08:58:55,156 [INFO] ThirdParty:967 - CMSIS Pack Vendor :STMicroelectronics X-CUBE-NFC6 3.1.0
2024-09-24 08:58:55,156 [INFO] ThirdParty:967 - CMSIS Pack Vendor :STMicroelectronics X-CUBE-MEMS1 11.0.0
2024-09-24 08:58:55,156 [INFO] ThirdParty:967 - CMSIS Pack Vendor :STMicroelectronics FreeRTOS 0.0.1
2024-09-24 08:58:55,156 [INFO] ThirdParty:967 - CMSIS Pack Vendor :STMicroelectronics X-CUBE-AZRTOS-G0 1.1.0
2024-09-24 08:58:55,156 [INFO] ThirdParty:967 - CMSIS Pack Vendor :STMicroelectronics X-CUBE-SAFEA1 1.2.2
2024-09-24 08:58:55,156 [INFO] ThirdParty:967 - CMSIS Pack Vendor :STMicroelectronics X-CUBE-NFC4 3.0.0
2024-09-24 08:58:55,156 [INFO] ThirdParty:967 - CMSIS Pack Vendor :STMicroelectronics X-CUBE-SUBG2 5.0.0
2024-09-24 08:58:55,156 [INFO] ThirdParty:967 - CMSIS Pack Vendor :STMicroelectronics lwIP 2.0.3
2024-09-24 08:58:55,172 [INFO] ThirdParty:967 - CMSIS Pack Vendor :STMicroelectronics USB_HOST 1.0.0
2024-09-24 08:58:55,172 [INFO] ThirdParty:967 - CMSIS Pack Vendor :STMicroelectronics X-CUBE-AI 9.0.0
2024-09-24 08:58:55,172 [INFO] ThirdParty:967 - CMSIS Pack Vendor :STMicroelectronics X-CUBE-AZRTOS-G4 2.0.0
2024-09-24 08:58:55,172 [INFO] ThirdParty:967 - CMSIS Pack Vendor :STMicroelectronics PDM2PCM 3.1.0
2024-09-24 08:58:55,172 [INFO] ThirdParty:967 - CMSIS Pack Vendor :STMicroelectronics PDM2PCM 3.3.0
2024-09-24 08:58:55,172 [INFO] ThirdParty:967 - CMSIS Pack Vendor :STMicroelectronics X-CUBE-BLE1 7.0.0
2024-09-24 08:58:55,172 [INFO] ThirdParty:967 - CMSIS Pack Vendor :STMicroelectronics FP-ATR-SIGFOX1 3.2.0
2024-09-24 08:58:55,172 [INFO] ThirdParty:967 - CMSIS Pack Vendor :wolfSSL I-CUBE-wolfSSL 5.7.2
2024-09-24 08:58:55,172 [INFO] ThirdParty:967 - CMSIS Pack Vendor :STMicroelectronics X-CUBE-ISPU 2.0.0
2024-09-24 08:58:55,172 [INFO] ThirdParty:967 - CMSIS Pack Vendor :STMicroelectronics X-CUBE-EEPRMA1 5.1.0
2024-09-24 08:58:55,172 [INFO] ThirdParty:967 - CMSIS Pack Vendor :STMicroelectronics HAL Drivers 0.0.0
2024-09-24 08:58:55,172 [INFO] ThirdParty:967 - CMSIS Pack Vendor :STMicroelectronics MBEDTLS 2.16.2
2024-09-24 08:58:55,172 [INFO] ThirdParty:967 - CMSIS Pack Vendor :STMicroelectronics X-CUBE-NFC7 1.0.1
2024-09-24 08:58:55,172 [INFO] ThirdParty:967 - CMSIS Pack Vendor :STMicroelectronics MBEDTLS 2.14.1
2024-09-24 08:58:55,172 [INFO] ThirdParty:967 - CMSIS Pack Vendor :STMicroelectronics X-CUBE-TOUCHGFX 4.24.0
2024-09-24 08:58:55,172 [INFO] ThirdParty:967 - CMSIS Pack Vendor :wolfSSL I-CUBE-wolfTPM 3.4.0
2024-09-24 08:58:55,172 [INFO] ThirdParty:967 - CMSIS Pack Vendor :portGmbH I-Cube-SoM-uGOAL 1.1.0
2024-09-24 08:58:55,172 [INFO] ThirdParty:967 - CMSIS Pack Vendor :STMicroelectronics X-CUBE-AZRTOS-WL 2.0.0
2024-09-24 08:58:55,172 [INFO] ThirdParty:967 - CMSIS Pack Vendor :SEGGER I-CUBE-embOS 1.3.1
2024-09-24 08:58:55,172 [INFO] ThirdParty:967 - CMSIS Pack Vendor :STMicroelectronics X-CUBE-ALGOBUILD 1.4.0
2024-09-24 08:58:55,172 [INFO] ThirdParty:967 - CMSIS Pack Vendor :STMicroelectronics USB_DEVICE 1.0.0
2024-09-24 08:58:55,172 [INFO] ThirdParty:967 - CMSIS Pack Vendor :STMicroelectronics X-CUBE-AZRTOS-H7RS 1.0.0
2024-09-24 08:58:55,172 [INFO] ThirdParty:967 - CMSIS Pack Vendor :wolfSSL I-CUBE-wolfMQTT 1.19.0
2024-09-24 08:58:55,172 [INFO] ThirdParty:967 - CMSIS Pack Vendor :STMicroelectronics X-CUBE-AZRTOS-L4 2.0.0
2024-09-24 08:58:55,172 [INFO] ThirdParty:967 - CMSIS Pack Vendor :STMicroelectronics ThreadX 0.0.2
2024-09-24 08:58:55,172 [INFO] ThirdParty:967 - CMSIS Pack Vendor :WES I-CUBE-Cesium 1.3.0
2024-09-24 08:58:55,172 [INFO] ThirdParty:967 - CMSIS Pack Vendor :STMicroelectronics FP-ATR-ASTRA1 2.0.0
2024-09-24 08:58:55,172 [INFO] ThirdParty:967 - CMSIS Pack Vendor :STMicroelectronics lwIP 2.1.2
2024-09-24 08:58:55,172 [INFO] ThirdParty:967 - CMSIS Pack Vendor :STMicroelectronics X-CUBE-SFXS2LP1 4.0.0
2024-09-24 08:58:55,172 [INFO] ThirdParty:967 - CMSIS Pack Vendor :STMicroelectronics X-CUBE-BLE2 3.3.0
2024-09-24 08:58:55,172 [INFO] ThirdParty:967 - CMSIS Pack Vendor :STMicroelectronics PDM2PCM 3.2.0
2024-09-24 08:58:55,172 [INFO] ThirdParty:967 - CMSIS Pack Vendor :wolfSSL I-CUBE-wolfSSH 1.4.17
2024-09-24 08:58:55,172 [INFO] ThirdParty:787 - exiting critical section [change project]
2024-09-24 08:58:56,266 [INFO] PinOutPanel:1463 - setPackage(No Configuration,No Configuration)
2024-09-24 08:58:56,266 [INFO] PinOutPanel:1463 - setPackage(STM32F103C6Tx,LQFP48)
2024-09-24 08:58:57,258 [INFO] UtilMem:74 - Before build in PCC Used Memory: 355827736 Bytes (596639744)
2024-09-24 08:58:59,785 [INFO] UtilMem:74 - After build in PCC Used Memory: 386976632 Bytes (596639744)
2024-09-24 08:58:59,894 [INFO] IPUIPlugin:74 - create IPUIPlugin
2024-09-24 08:58:59,894 [INFO] IPUIPlugin:74 - create IPUIPlugin
2024-09-24 08:58:59,894 [INFO] IPUIPlugin:74 - create IPUIPlugin
2024-09-24 08:58:59,894 [INFO] IPUIPlugin:74 - create IPUIPlugin
2024-09-24 08:58:59,894 [INFO] IPUIPlugin:74 - create IPUIPlugin
2024-09-24 08:58:59,894 [INFO] IPUIPlugin:74 - create IPUIPlugin
2024-09-24 08:58:59,894 [INFO] IPUIPlugin:74 - create IPUIPlugin
2024-09-24 08:58:59,894 [INFO] IPUIPlugin:74 - create IPUIPlugin
2024-09-24 08:58:59,894 [INFO] IPUIPlugin:74 - create IPUIPlugin
2024-09-24 08:58:59,894 [INFO] IPUIPlugin:74 - create IPUIPlugin
2024-09-24 08:58:59,894 [INFO] IPUIPlugin:74 - create IPUIPlugin
2024-09-24 08:58:59,894 [INFO] IPUIPlugin:74 - create IPUIPlugin
2024-09-24 08:58:59,894 [INFO] IPUIPlugin:74 - create IPUIPlugin
2024-09-24 08:58:59,894 [INFO] IPUIPlugin:74 - create IPUIPlugin
2024-09-24 08:58:59,894 [INFO] IPUIPlugin:74 - create IPUIPlugin
2024-09-24 08:58:59,894 [INFO] IPUIPlugin:74 - create IPUIPlugin
2024-09-24 08:58:59,894 [INFO] IPUIPlugin:74 - create IPUIPlugin
2024-09-24 08:58:59,894 [INFO] IPUIPlugin:74 - create IPUIPlugin
2024-09-24 08:58:59,894 [INFO] IPUIPlugin:74 - create IPUIPlugin
2024-09-24 08:58:59,910 [INFO] IPUIPlugin:74 - create IPUIPlugin
2024-09-24 08:58:59,910 [INFO] IPUIPlugin:74 - create IPUIPlugin
2024-09-24 08:58:59,910 [INFO] IPUIPlugin:74 - create IPUIPlugin
2024-09-24 08:58:59,910 [INFO] IPUIPlugin:74 - create IPUIPlugin
2024-09-24 08:59:00,506 [INFO] OpenFileManager:333 - Restore cursor
2024-09-24 09:01:13,263 [INFO] UtilMem:74 - End SaveConfig() Used Memory: 582524592 Bytes (653262848)
2024-09-24 09:01:14,450 [INFO] UtilMem:74 - End SaveConfig() Used Memory: 584098872 Bytes (653262848)
2024-09-24 09:01:16,777 [INFO] UtilMem:74 - End SaveConfig() Used Memory: 605300808 Bytes (653262848)
2024-09-24 09:01:17,447 [INFO] BlockDiagram:2740 - set Specific Code input for plugin: NVIC
2024-09-24 09:01:17,447 [INFO] BlockDiagram:2740 - set Specific Code input for plugin: SYS
2024-09-24 09:01:17,448 [INFO] BlockDiagram:2740 - set Specific Code input for plugin: GPIO
2024-09-24 09:01:17,448 [INFO] BlockDiagram:2740 - set Specific Code input for plugin: RCC
2024-09-24 09:01:17,448 [INFO] CodeGenerator:663 - code generatio: config db path: C:\Users\thuyh\STM32CubeIDE_1.7.0\STM32CubeIDE\plugins\com.st.stm32cube.common.mx_6.3.0.202107141111\\db\
2024-09-24 09:01:18,059 [INFO] CodeEngine:239 - oldGeneratedFile, E:\microprocessor_ReportLab3\lab3_project\MXTmpFiles\license.tmp_save
2024-09-24 09:01:18,612 [INFO] CodeEngine:257 - Generated code: E:\microprocessor_ReportLab3\lab3_project\MXTmpFiles\license.tmp
2024-09-24 09:01:18,825 [INFO] CodeEngine:239 - oldGeneratedFile, E:\microprocessor_ReportLab3\lab3_project\MXTmpFiles\gpio.tmp_save
2024-09-24 09:01:18,973 [INFO] CodeEngine:257 - Generated code: E:\microprocessor_ReportLab3\lab3_project\MXTmpFiles\gpio.tmp
2024-09-24 09:01:19,084 [INFO] CodeEngine:239 - oldGeneratedFile, E:\microprocessor_ReportLab3\lab3_project\Core\Src\stm32f1xx_it.c_save
2024-09-24 09:01:19,323 [INFO] CodeEngine:257 - Generated code: E:\microprocessor_ReportLab3\lab3_project\Core\Src\stm32f1xx_it.c
2024-09-24 09:01:19,355 [INFO] CodeEngine:239 - oldGeneratedFile, E:\microprocessor_ReportLab3\lab3_project\Core\Inc\stm32f1xx_it.h_save
2024-09-24 09:01:19,574 [INFO] CodeEngine:257 - Generated code: E:\microprocessor_ReportLab3\lab3_project\Core\Inc\stm32f1xx_it.h
2024-09-24 09:01:19,623 [INFO] CodeEngine:239 - oldGeneratedFile, E:\microprocessor_ReportLab3\lab3_project\Core\Src\stm32f1xx_hal_msp.c_save
2024-09-24 09:01:19,852 [INFO] CodeEngine:257 - Generated code: E:\microprocessor_ReportLab3\lab3_project\Core\Src\stm32f1xx_hal_msp.c
2024-09-24 09:01:19,872 [INFO] CodeEngine:239 - oldGeneratedFile, E:\microprocessor_ReportLab3\lab3_project\MXTmpFiles\system.tmp_save
2024-09-24 09:01:19,997 [INFO] CodeEngine:257 - Generated code: E:\microprocessor_ReportLab3\lab3_project\MXTmpFiles\system.tmp
2024-09-24 09:01:20,051 [INFO] CodeEngine:239 - oldGeneratedFile, E:\microprocessor_ReportLab3\lab3_project\Core\Inc\stm32f1xx_hal_conf.h_save
2024-09-24 09:01:20,199 [INFO] CodeEngine:257 - Generated code: E:\microprocessor_ReportLab3\lab3_project\Core\Inc\stm32f1xx_hal_conf.h
2024-09-24 09:01:20,294 [INFO] CodeEngine:239 - oldGeneratedFile, E:\microprocessor_ReportLab3\lab3_project\Core\Inc\main.h_save
2024-09-24 09:01:20,478 [INFO] CodeEngine:257 - Generated code: E:\microprocessor_ReportLab3\lab3_project\Core\Inc\main.h
2024-09-24 09:01:20,508 [INFO] CodeEngine:239 - oldGeneratedFile, E:\microprocessor_ReportLab3\lab3_project\Core\Src\main.c_save
2024-09-24 09:01:20,668 [INFO] CodeEngine:257 - Generated code: E:\microprocessor_ReportLab3\lab3_project\Core\Src\main.c
2024-09-24 09:01:22,215 [INFO] ProjectBuilder:2578 - Time for Copy HAL[1] : 140mS.
2024-09-24 09:01:22,215 [INFO] ProjectBuilder:3622 - Project Generator version: 3.14.1
2024-09-24 09:01:22,837 [INFO] ConfigFileManager:1271 - The Die is : DIE412
2024-09-24 09:01:22,871 [INFO] ApiDbMcu:468 - Load IP Config File for FATFS
2024-09-24 09:01:22,940 [INFO] ApiDbMcu:468 - Load IP Config File for FREERTOS
2024-09-24 09:01:22,981 [INFO] ApiDbMcu:468 - Load IP Config File for USB_DEVICE
2024-09-24 09:01:27,755 [INFO] ProjectBuilder:3789 - Time for Generating toolchain IDE Files: 5540mS.
2024-09-24 09:01:27,755 [INFO] ProjectBuilder:2457 - Time for Copy CMSIS : 0mS.
2024-09-24 09:01:27,755 [INFO] ProjectBuilder:2457 - Time for Copy CMSIS : 0mS.
2024-09-24 10:44:23,259 [INFO] Activator:177 - 


2024-09-24 10:44:23,259 [INFO] Activator:178 - !SESSION log4j initialized
2024-09-24 10:59:00,145 [INFO] McuFinderGlobals:39 - Set McuFinder mode to 2 (CubeIDE integrated)
2024-09-24 10:59:00,505 [INFO] ApplicationProperties:181 - Using Application install path: C:\Users\thuyh\STM32CubeIDE_1.7.0\STM32CubeIDE\plugins\com.st.stm32cube.common.mx_6.3.0.202107141111
2024-09-24 10:59:00,520 [INFO] DbMcusXml:74 - Set database path to: C:\Users\thuyh\STM32CubeIDE_1.7.0\STM32CubeIDE\plugins\com.st.stm32cube.common.mx_6.3.0.202107141111\\db\/mcu/
2024-09-24 10:59:00,536 [INFO] DbBoardsPdsc:56 - Set plugin database path to: C:\Users\thuyh\STM32CubeIDE_1.7.0\STM32CubeIDE\plugins\com.st.stm32cube.common.mx_6.3.0.202107141111\\db\/plugins/boardmanager/
2024-09-24 10:59:00,536 [INFO] DbMcus:258 - Set plugin images path to: C:\Users\thuyh\STM32CubeIDE_1.7.0\STM32CubeIDE\plugins\com.st.stm32cube.common.mx_6.3.0.202107141111\\db\/plugins/mcufinder/images/
2024-09-24 10:59:00,536 [INFO] DbBoards:264 - Set plugin images path to: C:\Users\thuyh\STM32CubeIDE_1.7.0\STM32CubeIDE\plugins\com.st.stm32cube.common.mx_6.3.0.202107141111\\db\/plugins/mcufinder/images/
2024-09-24 10:59:00,536 [INFO] DbExamples:333 - Set plugin images path to: C:\Users\thuyh\STM32CubeIDE_1.7.0\STM32CubeIDE\plugins\com.st.stm32cube.common.mx_6.3.0.202107141111\\db\/plugins/mcufinder/images/
2024-09-24 10:59:00,536 [INFO] DbMcusAds:119 - Set database path to: C:\Users\thuyh\.stmcufinder\plugins\mcufinder//mcu/
2024-09-24 10:59:00,536 [INFO] DbMcusDocs:110 - Set database path to: C:\Users\thuyh\.stmcufinder\plugins\mcufinder//mcu/
2024-09-24 10:59:00,551 [INFO] DbMcusJson:64 - Set database path to: C:\Users\thuyh\.stmcufinder\plugins\mcufinder//mcu/
2024-09-24 10:59:00,551 [INFO] DbBoardsDocs:110 - Set database path to: C:\Users\thuyh\.stmcufinder\plugins\mcufinder//mcu/
2024-09-24 10:59:00,551 [INFO] DbBoardsJson:57 - Set database path to: C:\Users\thuyh\.stmcufinder\plugins\mcufinder//mcu/
2024-09-24 10:59:00,551 [INFO] CrossReferenceDbSqlite:196 - Set database path to: C:\Users\thuyh\.stmcufinder\plugins\mcufinder//mcu/cs/
2024-09-24 10:59:00,551 [INFO] DbExamplesSqlite:767 - Set database path to: C:\Users\thuyh\.stmcufinder\plugins\mcufinder//mcu/
2024-09-24 10:59:00,661 [INFO] RulesReader:57 - Compatibility file has been processed (242 Rules)
2024-09-24 10:59:00,770 [INFO] DbMcusXml:74 - Set database path to: C:\Users\thuyh\STM32CubeIDE_1.7.0\STM32CubeIDE\plugins\com.st.stm32cube.common.mx_6.3.0.202107141111\\db\/mcu/
2024-09-24 10:59:00,770 [INFO] DbBoardsPdsc:56 - Set plugin database path to: C:\Users\thuyh\STM32CubeIDE_1.7.0\STM32CubeIDE\plugins\com.st.stm32cube.common.mx_6.3.0.202107141111\\db\/plugins/boardmanager/
2024-09-24 10:59:00,770 [INFO] DbMcus:258 - Set plugin images path to: C:\Users\thuyh\STM32CubeIDE_1.7.0\STM32CubeIDE\plugins\com.st.stm32cube.common.mx_6.3.0.202107141111\\db\/plugins/mcufinder/images/
2024-09-24 10:59:00,770 [INFO] DbBoards:264 - Set plugin images path to: C:\Users\thuyh\STM32CubeIDE_1.7.0\STM32CubeIDE\plugins\com.st.stm32cube.common.mx_6.3.0.202107141111\\db\/plugins/mcufinder/images/
2024-09-24 10:59:00,770 [INFO] DbExamples:333 - Set plugin images path to: C:\Users\thuyh\STM32CubeIDE_1.7.0\STM32CubeIDE\plugins\com.st.stm32cube.common.mx_6.3.0.202107141111\\db\/plugins/mcufinder/images/
2024-09-24 10:59:00,770 [WARN] DbFile:35 - Overriding database path with different value: C:\Users\thuyh\.stmcufinder\plugins\mcufinder/ => C:\Users\thuyh\.stmcufinder\plugins\mcufinder
2024-09-24 10:59:00,770 [INFO] DbMcusAds:119 - Set database path to: C:\Users\thuyh\.stmcufinder\plugins\mcufinder//mcu/
2024-09-24 10:59:00,770 [WARN] DbFile:35 - Overriding database path with different value: C:\Users\thuyh\.stmcufinder\plugins\mcufinder/ => C:\Users\thuyh\.stmcufinder\plugins\mcufinder
2024-09-24 10:59:00,770 [INFO] DbMcusDocs:110 - Set database path to: C:\Users\thuyh\.stmcufinder\plugins\mcufinder//mcu/
2024-09-24 10:59:00,770 [WARN] DbFile:35 - Overriding database path with different value: C:\Users\thuyh\.stmcufinder\plugins\mcufinder/ => C:\Users\thuyh\.stmcufinder\plugins\mcufinder
2024-09-24 10:59:00,770 [INFO] DbMcusJson:64 - Set database path to: C:\Users\thuyh\.stmcufinder\plugins\mcufinder//mcu/
2024-09-24 10:59:00,770 [WARN] DbFile:35 - Overriding database path with different value: C:\Users\thuyh\.stmcufinder\plugins\mcufinder/ => C:\Users\thuyh\.stmcufinder\plugins\mcufinder
2024-09-24 10:59:00,770 [INFO] DbBoardsDocs:110 - Set database path to: C:\Users\thuyh\.stmcufinder\plugins\mcufinder//mcu/
2024-09-24 10:59:00,770 [WARN] DbFile:35 - Overriding database path with different value: C:\Users\thuyh\.stmcufinder\plugins\mcufinder/ => C:\Users\thuyh\.stmcufinder\plugins\mcufinder
2024-09-24 10:59:00,770 [INFO] DbBoardsJson:57 - Set database path to: C:\Users\thuyh\.stmcufinder\plugins\mcufinder//mcu/
2024-09-24 10:59:00,770 [WARN] DbFile:35 - Overriding database path with different value: C:\Users\thuyh\.stmcufinder\plugins\mcufinder/ => C:\Users\thuyh\.stmcufinder\plugins\mcufinder
2024-09-24 10:59:00,770 [WARN] DbFile:35 - Overriding database path with different value: C:\Users\thuyh\.stmcufinder\plugins\mcufinder/ => C:\Users\thuyh\.stmcufinder\plugins\mcufinder
2024-09-24 10:59:00,770 [INFO] CrossReferenceDbSqlite:196 - Set database path to: C:\Users\thuyh\.stmcufinder\plugins\mcufinder//mcu/cs/
2024-09-24 10:59:00,770 [WARN] DbFile:35 - Overriding database path with different value: C:\Users\thuyh\.stmcufinder\plugins\mcufinder/ => C:\Users\thuyh\.stmcufinder\plugins\mcufinder
2024-09-24 10:59:00,770 [INFO] DbExamplesSqlite:767 - Set database path to: C:\Users\thuyh\.stmcufinder\plugins\mcufinder//mcu/
2024-09-24 10:59:00,848 [INFO] MainPanel:214 - HeapMemory: 268435456
2024-09-24 10:59:00,989 [INFO] DbMcusXml:74 - Set database path to: C:\Users\thuyh\STM32CubeIDE_1.7.0\STM32CubeIDE\plugins\com.st.stm32cube.common.mx_6.3.0.202107141111\\db\/mcu/
2024-09-24 10:59:00,989 [INFO] DbBoardsPdsc:56 - Set plugin database path to: C:\Users\thuyh\STM32CubeIDE_1.7.0\STM32CubeIDE\plugins\com.st.stm32cube.common.mx_6.3.0.202107141111\\db\/plugins/boardmanager/
2024-09-24 10:59:00,989 [INFO] DbMcus:258 - Set plugin images path to: C:\Users\thuyh\STM32CubeIDE_1.7.0\STM32CubeIDE\plugins\com.st.stm32cube.common.mx_6.3.0.202107141111\\db\/plugins/mcufinder/images/
2024-09-24 10:59:00,989 [INFO] DbBoards:264 - Set plugin images path to: C:\Users\thuyh\STM32CubeIDE_1.7.0\STM32CubeIDE\plugins\com.st.stm32cube.common.mx_6.3.0.202107141111\\db\/plugins/mcufinder/images/
2024-09-24 10:59:00,989 [INFO] DbExamples:333 - Set plugin images path to: C:\Users\thuyh\STM32CubeIDE_1.7.0\STM32CubeIDE\plugins\com.st.stm32cube.common.mx_6.3.0.202107141111\\db\/plugins/mcufinder/images/
2024-09-24 10:59:00,989 [WARN] DbFile:35 - Overriding database path with different value: C:\Users\thuyh\.stmcufinder\plugins\mcufinder/ => C:\Users\thuyh\.stmcufinder\plugins\mcufinder
2024-09-24 10:59:00,989 [INFO] DbMcusAds:119 - Set database path to: C:\Users\thuyh\.stmcufinder\plugins\mcufinder//mcu/
2024-09-24 10:59:00,989 [WARN] DbFile:35 - Overriding database path with different value: C:\Users\thuyh\.stmcufinder\plugins\mcufinder/ => C:\Users\thuyh\.stmcufinder\plugins\mcufinder
2024-09-24 10:59:00,989 [INFO] DbMcusDocs:110 - Set database path to: C:\Users\thuyh\.stmcufinder\plugins\mcufinder//mcu/
2024-09-24 10:59:00,989 [WARN] DbFile:35 - Overriding database path with different value: C:\Users\thuyh\.stmcufinder\plugins\mcufinder/ => C:\Users\thuyh\.stmcufinder\plugins\mcufinder
2024-09-24 10:59:00,989 [INFO] DbMcusJson:64 - Set database path to: C:\Users\thuyh\.stmcufinder\plugins\mcufinder//mcu/
2024-09-24 10:59:00,989 [WARN] DbFile:35 - Overriding database path with different value: C:\Users\thuyh\.stmcufinder\plugins\mcufinder/ => C:\Users\thuyh\.stmcufinder\plugins\mcufinder
2024-09-24 10:59:00,989 [INFO] DbBoardsDocs:110 - Set database path to: C:\Users\thuyh\.stmcufinder\plugins\mcufinder//mcu/
2024-09-24 10:59:00,989 [WARN] DbFile:35 - Overriding database path with different value: C:\Users\thuyh\.stmcufinder\plugins\mcufinder/ => C:\Users\thuyh\.stmcufinder\plugins\mcufinder
2024-09-24 10:59:00,989 [INFO] DbBoardsJson:57 - Set database path to: C:\Users\thuyh\.stmcufinder\plugins\mcufinder//mcu/
2024-09-24 10:59:00,989 [WARN] DbFile:35 - Overriding database path with different value: C:\Users\thuyh\.stmcufinder\plugins\mcufinder/ => C:\Users\thuyh\.stmcufinder\plugins\mcufinder
2024-09-24 10:59:00,989 [WARN] DbFile:35 - Overriding database path with different value: C:\Users\thuyh\.stmcufinder\plugins\mcufinder/ => C:\Users\thuyh\.stmcufinder\plugins\mcufinder
2024-09-24 10:59:00,989 [INFO] CrossReferenceDbSqlite:196 - Set database path to: C:\Users\thuyh\.stmcufinder\plugins\mcufinder//mcu/cs/
2024-09-24 10:59:00,989 [WARN] DbFile:35 - Overriding database path with different value: C:\Users\thuyh\.stmcufinder\plugins\mcufinder/ => C:\Users\thuyh\.stmcufinder\plugins\mcufinder
2024-09-24 10:59:00,989 [INFO] DbExamplesSqlite:767 - Set database path to: C:\Users\thuyh\.stmcufinder\plugins\mcufinder//mcu/
2024-09-24 10:59:01,004 [INFO] ApplicationProperties:181 - Using Application install path: C:\Users\thuyh\STM32CubeIDE_1.7.0\STM32CubeIDE\plugins\com.st.stm32cube.common.mx_6.3.0.202107141111
2024-09-24 10:59:01,004 [INFO] PluginManage:188 - Search for loadable plugins [exclusion list=, ]
2024-09-24 10:59:01,020 [INFO] PluginManage:302 - Check plugin analytics
2024-09-24 10:59:01,207 [INFO] AnalyticsPlugin:257 - Accepted Software Licenses: 
2024-09-24 10:59:01,207 [INFO] AnalyticsPlugin:259 - Accepted CMSIS Pack Licenses: 
2024-09-24 10:59:01,207 [INFO] AnalyticsPlugin:261 - Accepted Firmware Licenses: 
2024-09-24 10:59:01,207 [INFO] PluginManage:352 - Loaded plugin analytics (category:tool,tabindex:-1)
2024-09-24 10:59:01,207 [INFO] PluginManage:302 - Check plugin clock
2024-09-24 10:59:01,239 [INFO] PluginManage:352 - Loaded plugin clock (category:base,tabindex:2)
2024-09-24 10:59:01,239 [INFO] PluginManage:302 - Check plugin ddr
2024-09-24 10:59:01,239 [INFO] PluginManage:352 - Loaded plugin ddr (category:tool,tabindex:6)
2024-09-24 10:59:01,239 [INFO] PluginManage:302 - Check plugin filemanager
2024-09-24 10:59:01,379 [INFO] PluginManage:352 - Loaded plugin filemanager (category:base,tabindex:10)
2024-09-24 10:59:01,379 [INFO] PluginManage:302 - Check plugin ipmanager
2024-09-24 10:59:01,395 [INFO] PluginManage:352 - Loaded plugin ipmanager (category:base,tabindex:5)
2024-09-24 10:59:01,395 [INFO] PluginManage:302 - Check plugin pinoutandconfiguration
2024-09-24 10:59:01,442 [INFO] PluginManage:352 - Loaded plugin pinoutandconfiguration (category:base,tabindex:1)
2024-09-24 10:59:01,442 [INFO] PluginManage:302 - Check plugin pinoutconfig
2024-09-24 10:59:01,489 [INFO] PluginManage:352 - Loaded plugin pinoutconfig (category:base,tabindex:0)
2024-09-24 10:59:01,489 [INFO] PluginManage:302 - Check plugin power
2024-09-24 10:59:01,520 [INFO] PluginManage:352 - Loaded plugin power (category:power,tabindex:4)
2024-09-24 10:59:01,520 [INFO] PluginManage:302 - Check plugin projectmanager
2024-09-24 10:59:01,535 [INFO] PluginManage:352 - Loaded plugin projectmanager (category:projectmanager,tabindex:3)
2024-09-24 10:59:01,535 [INFO] PluginManage:302 - Check plugin thirdparty
2024-09-24 10:59:01,817 [WARN] IntegrityCheckThread:78 - waiting for thirdparty lock release [integrity check]
2024-09-24 10:59:01,817 [INFO] IntegrityCheckThread:80 - entering critical section [integrity check]
2024-09-24 10:59:01,817 [INFO] PluginManage:352 - Loaded plugin thirdparty (category:base,tabindex:-1)
2024-09-24 10:59:01,817 [INFO] PluginManage:302 - Check plugin tools
2024-09-24 10:59:01,817 [INFO] ThirdPartyUpdaterWithRetryManager:66 - Updater plugin not ready yet. [1/15]
2024-09-24 10:59:01,879 [INFO] PluginManage:352 - Loaded plugin tools (category:base,tabindex:7)
2024-09-24 10:59:01,895 [INFO] PluginManage:302 - Check plugin tutovideos
2024-09-24 10:59:02,145 [INFO] PluginManage:352 - Loaded plugin tutovideos (category:base,tabindex:-1)
2024-09-24 10:59:02,145 [INFO] PluginManage:302 - Check plugin updater
2024-09-24 10:59:02,160 [INFO] PluginManage:352 - Loaded plugin updater (category:base,tabindex:12)
2024-09-24 10:59:02,160 [INFO] PluginManage:275 - PluginManage : Loaded plugins [13]
2024-09-24 10:59:02,379 [INFO] PinOutPanel:1463 - setPackage(No Configuration,No Configuration)
2024-09-24 10:59:02,488 [INFO] IPUIPlugin:74 - create IPUIPlugin
2024-09-24 10:59:02,488 [INFO] PluginManager:213 - loadIPPluginJar : add adc
2024-09-24 10:59:02,535 [INFO] IPUIPlugin:74 - create IPUIPlugin
2024-09-24 10:59:02,535 [INFO] PluginManager:213 - loadIPPluginJar : add aes
2024-09-24 10:59:02,598 [INFO] IPUIPlugin:74 - create IPUIPlugin
2024-09-24 10:59:02,598 [INFO] PluginManager:213 - loadIPPluginJar : add can
2024-09-24 10:59:02,629 [INFO] IPUIPlugin:74 - create IPUIPlugin
2024-09-24 10:59:02,629 [INFO] PluginManager:213 - loadIPPluginJar : add comp
2024-09-24 10:59:02,660 [INFO] IPUIPlugin:74 - create IPUIPlugin
2024-09-24 10:59:02,660 [INFO] PluginManager:213 - loadIPPluginJar : add cryp
2024-09-24 10:59:02,707 [INFO] IPUIPlugin:74 - create IPUIPlugin
2024-09-24 10:59:02,707 [INFO] PluginManager:213 - loadIPPluginJar : add dfsdm
2024-09-24 10:59:02,723 [INFO] IPUIPlugin:74 - create IPUIPlugin
2024-09-24 10:59:02,723 [INFO] PluginManager:213 - loadIPPluginJar : add dma
2024-09-24 10:59:02,770 [INFO] IPUIPlugin:74 - create IPUIPlugin
2024-09-24 10:59:02,770 [INFO] PluginManager:213 - loadIPPluginJar : add dma3
2024-09-24 10:59:02,801 [INFO] IPUIPlugin:74 - create IPUIPlugin
2024-09-24 10:59:02,801 [INFO] PluginManager:213 - loadIPPluginJar : add fatfs
2024-09-24 10:59:02,863 [INFO] IPUIPlugin:74 - create IPUIPlugin
2024-09-24 10:59:02,863 [INFO] PluginManager:213 - loadIPPluginJar : add fmc
2024-09-24 10:59:02,879 [INFO] IPUIPlugin:74 - create IPUIPlugin
2024-09-24 10:59:02,879 [INFO] PluginManager:213 - loadIPPluginJar : add freertos
2024-09-24 10:59:02,910 [INFO] IPUIPlugin:74 - create IPUIPlugin
2024-09-24 10:59:02,910 [INFO] PluginManager:213 - loadIPPluginJar : add genericplugin
2024-09-24 10:59:03,020 [INFO] IPUIPlugin:74 - create IPUIPlugin
2024-09-24 10:59:03,020 [INFO] PluginManager:213 - loadIPPluginJar : add gfxmmu
2024-09-24 10:59:03,160 [INFO] IPUIPlugin:74 - create IPUIPlugin
2024-09-24 10:59:03,160 [INFO] PluginManager:213 - loadIPPluginJar : add gic
2024-09-24 10:59:03,176 [INFO] IPUIPlugin:74 - create IPUIPlugin
2024-09-24 10:59:03,176 [INFO] PluginManager:213 - loadIPPluginJar : add gpio
2024-09-24 10:59:03,270 [INFO] IPUIPlugin:74 - create IPUIPlugin
2024-09-24 10:59:03,270 [INFO] PluginManager:213 - loadIPPluginJar : add gtzc
2024-09-24 10:59:03,316 [INFO] IPUIPlugin:74 - create IPUIPlugin
2024-09-24 10:59:03,316 [INFO] PluginManager:213 - loadIPPluginJar : add hash
2024-09-24 10:59:03,379 [INFO] IPUIPlugin:74 - create IPUIPlugin
2024-09-24 10:59:03,379 [INFO] PluginManager:213 - loadIPPluginJar : add i2c
2024-09-24 10:59:03,441 [INFO] IPUIPlugin:74 - create IPUIPlugin
2024-09-24 10:59:03,441 [INFO] PluginManager:213 - loadIPPluginJar : add i2s
2024-09-24 10:59:03,457 [INFO] IPUIPlugin:74 - create IPUIPlugin
2024-09-24 10:59:03,457 [INFO] PluginManager:213 - loadIPPluginJar : add ipddr
2024-09-24 10:59:03,566 [INFO] IPUIPlugin:74 - create IPUIPlugin
2024-09-24 10:59:03,566 [INFO] PluginManager:213 - loadIPPluginJar : add linkedlist
2024-09-24 10:59:03,613 [INFO] IPUIPlugin:74 - create IPUIPlugin
2024-09-24 10:59:03,613 [INFO] PluginManager:213 - loadIPPluginJar : add lorawan
2024-09-24 10:59:03,660 [INFO] IPUIPlugin:74 - create IPUIPlugin
2024-09-24 10:59:03,660 [INFO] PluginManager:213 - loadIPPluginJar : add ltdc
2024-09-24 10:59:03,676 [INFO] IPUIPlugin:74 - create IPUIPlugin
2024-09-24 10:59:03,676 [INFO] PluginManager:213 - loadIPPluginJar : add mdma
2024-09-24 10:59:03,691 [INFO] IPUIPlugin:74 - create IPUIPlugin
2024-09-24 10:59:03,691 [INFO] PluginManager:213 - loadIPPluginJar : add nvic
2024-09-24 10:59:03,738 [INFO] IPUIPlugin:74 - create IPUIPlugin
2024-09-24 10:59:03,738 [INFO] PluginManager:213 - loadIPPluginJar : add opamp
2024-09-24 10:59:03,801 [INFO] IPUIPlugin:74 - create IPUIPlugin
2024-09-24 10:59:03,801 [INFO] PluginManager:213 - loadIPPluginJar : add openamp
2024-09-24 10:59:03,863 [INFO] IPUIPlugin:74 - create IPUIPlugin
2024-09-24 10:59:03,863 [INFO] PluginManager:213 - loadIPPluginJar : add pdm2pcm
2024-09-24 10:59:03,879 [INFO] IPUIPlugin:74 - create IPUIPlugin
2024-09-24 10:59:03,879 [INFO] PluginManager:213 - loadIPPluginJar : add plateformsettings
2024-09-24 10:59:03,910 [INFO] IPUIPlugin:74 - create IPUIPlugin
2024-09-24 10:59:03,910 [INFO] PluginManager:213 - loadIPPluginJar : add quadspi
2024-09-24 10:59:03,926 [INFO] IPUIPlugin:74 - create IPUIPlugin
2024-09-24 10:59:03,926 [INFO] PluginManager:213 - loadIPPluginJar : add resmgrutility
2024-09-24 10:59:03,988 [INFO] IPUIPlugin:74 - create IPUIPlugin
2024-09-24 10:59:03,988 [INFO] PluginManager:213 - loadIPPluginJar : add sai
2024-09-24 10:59:04,035 [INFO] IPUIPlugin:74 - create IPUIPlugin
2024-09-24 10:59:04,035 [INFO] PluginManager:213 - loadIPPluginJar : add spi
2024-09-24 10:59:04,097 [INFO] IPUIPlugin:74 - create IPUIPlugin
2024-09-24 10:59:04,097 [INFO] PluginManager:213 - loadIPPluginJar : add stm32_wpan
2024-09-24 10:59:04,129 [INFO] IPUIPlugin:74 - create IPUIPlugin
2024-09-24 10:59:04,129 [INFO] PluginManager:213 - loadIPPluginJar : add tim
2024-09-24 10:59:04,222 [INFO] IPUIPlugin:74 - create IPUIPlugin
2024-09-24 10:59:04,222 [INFO] PluginManager:213 - loadIPPluginJar : add touchsensing
2024-09-24 10:59:04,254 [INFO] IPUIPlugin:74 - create IPUIPlugin
2024-09-24 10:59:04,254 [INFO] PluginManager:213 - loadIPPluginJar : add tracer_emb
2024-09-24 10:59:04,285 [INFO] IPUIPlugin:74 - create IPUIPlugin
2024-09-24 10:59:04,285 [INFO] PluginManager:213 - loadIPPluginJar : add ts
2024-09-24 10:59:04,316 [INFO] IPUIPlugin:74 - create IPUIPlugin
2024-09-24 10:59:04,316 [INFO] PluginManager:213 - loadIPPluginJar : add tsc
2024-09-24 10:59:04,363 [INFO] IPUIPlugin:74 - create IPUIPlugin
2024-09-24 10:59:04,363 [INFO] PluginManager:213 - loadIPPluginJar : add ucpd
2024-09-24 10:59:04,410 [INFO] IPUIPlugin:74 - create IPUIPlugin
2024-09-24 10:59:04,410 [INFO] PluginManager:213 - loadIPPluginJar : add usart
2024-09-24 10:59:04,472 [INFO] IPUIPlugin:74 - create IPUIPlugin
2024-09-24 10:59:04,472 [INFO] PluginManager:213 - loadIPPluginJar : add usbx
2024-09-24 10:59:04,831 [INFO] ThirdPartyUpdaterWithRetryManager:66 - Updater plugin not ready yet. [2/15]
2024-09-24 10:59:04,847 [FATAL] Updater:294 - Updater called before beeing initialized
2024-09-24 10:59:05,050 [FATAL] Updater:294 - Updater called before beeing initialized
2024-09-24 10:59:05,065 [INFO] DbMcusAds:47 - JSON generation date=Fri Sep 20 20:04:23 ICT 2024 (1726837463113)
2024-09-24 10:59:05,065 [FATAL] Updater:294 - Updater called before beeing initialized
2024-09-24 10:59:05,159 [WARN] DetailPanel:314 - Failed to get advertising image, set to default
2024-09-24 10:59:05,253 [FATAL] Updater:294 - Updater called before beeing initialized
2024-09-24 10:59:05,253 [FATAL] Updater:294 - Updater called before beeing initialized
2024-09-24 10:59:05,253 [FATAL] Updater:294 - Updater called before beeing initialized
2024-09-24 10:59:05,253 [WARN] DetailPanel:314 - Failed to get advertising image, set to default
2024-09-24 10:59:05,268 [FATAL] Updater:294 - Updater called before beeing initialized
2024-09-24 10:59:05,346 [ERROR] Updater:1075 - MainUpdater not yet initialized. External WinMGr cannot be set.
2024-09-24 10:59:05,362 [INFO] Updater:1012 - Updater Version found : 6.3.0
2024-09-24 10:59:05,378 [INFO] ApplicationProperties:181 - Using Application install path: C:\Users\thuyh\STM32CubeIDE_1.7.0\STM32CubeIDE\plugins\com.st.stm32cube.common.mx_6.3.0.202107141111
2024-09-24 10:59:05,503 [ERROR] ServerAccessManage:1031 - Warning during Server Connexion :  Unknown host sw-center.st.com
2024-09-24 10:59:05,503 [ERROR] ServerAccessManage:1031 - Warning during Server Connexion :  Unknown host www.ebuc23.com
2024-09-24 10:59:05,503 [INFO] MainUpdater:2671 - connection check result : 22
2024-09-24 10:59:05,503 [INFO] MainUpdater:265 - Updater Check For Update Now.
2024-09-24 10:59:05,503 [INFO] MicroXplorer:478 - Change Database Version : DB.6.0.30
2024-09-24 10:59:05,737 [INFO] CheckServerUpdateThread:112 - End of CheckServer Thread
2024-09-24 10:59:05,769 [INFO] MainUpdater:2671 - connection check result : 22
2024-09-24 10:59:05,769 [INFO] MainUpdater:2671 - connection check result : 22
2024-09-24 10:59:08,049 [ERROR] Engine:463 - C:\Users\thuyh\.stm32cubemx\thirdparties\pdsc\STMicroelectronics.FP-SNS-MOTENVWB1.1.4.0.pdsc: PDSC version is not supported
2024-09-24 10:59:08,065 [ERROR] Engine:463 - C:\Users\thuyh\.stm32cubemx\thirdparties\pdsc\STMicroelectronics.X-CUBE-SMBUS.2.1.0.pdsc: PDSC version is not supported
2024-09-24 10:59:08,144 [WARN] PackLoader:238 - Cannot read IP mode file for STMicroelectronics.X-CUBE-AZRTOS-F7.1.1.0
2024-09-24 10:59:08,237 [WARN] PackLoader:238 - Cannot read IP mode file for STMicroelectronics.X-CUBE-MEMS1.11.0.0
2024-09-24 10:59:08,597 [ERROR] Engine:463 - C:\Users\thuyh\.stm32cubemx\thirdparties\pdsc\STMicroelectronics.FP-SNS-FLIGHT1.5.0.2.pdsc: PDSC version is not supported
2024-09-24 10:59:08,612 [ERROR] Engine:463 - C:\Users\thuyh\.stm32cubemx\thirdparties\pdsc\STMicroelectronics.X-CUBE-DISPLAY.3.0.0.pdsc: PDSC version is not supported
2024-09-24 10:59:08,628 [WARN] PackLoader:238 - Cannot read IP mode file for STMicroelectronics.X-CUBE-BLE1.7.0.0
2024-09-24 10:59:08,644 [ERROR] Engine:463 - C:\Users\thuyh\.stm32cubemx\thirdparties\pdsc\emotas.I-CUBE-CANOPEN.1.3.0.pdsc: PDSC version is not supported
2024-09-24 10:59:08,659 [ERROR] Engine:463 - C:\Users\thuyh\.stm32cubemx\thirdparties\pdsc\STMicroelectronics.X-CUBE-BLEMGR.3.1.0.pdsc: PDSC version is not supported
2024-09-24 10:59:08,675 [ERROR] Engine:463 - C:\Users\thuyh\.stm32cubemx\thirdparties\pdsc\STMicroelectronics.FP-SNS-SMARTAG2.1.2.0.pdsc: PDSC version is not supported
2024-09-24 10:59:08,706 [INFO] LogOutputStream:76 - [STDOUT_REDIRECT] 1 : Invalid condition id : UX_CORESTACK_Condition cause : null
2024-09-24 10:59:08,706 [INFO] LogOutputStream:76 - [STDOUT_REDIRECT] 1 : Invalid condition id : UX_CORESTACK_Condition cause : null
2024-09-24 10:59:08,722 [INFO] LogOutputStream:76 - [STDOUT_REDIRECT] 1 : Invalid condition id : UX_CORESTACK_Condition cause : null
2024-09-24 10:59:08,722 [INFO] LogOutputStream:76 - [STDOUT_REDIRECT] 1 : Invalid condition id : UX_CORESTACK_Condition cause : null
2024-09-24 10:59:08,737 [INFO] LogOutputStream:76 - [STDOUT_REDIRECT] 1 : Invalid condition id : UX_CORESTACK_Condition cause : null
2024-09-24 10:59:08,737 [WARN] PackLoader:238 - Cannot read IP mode file for STMicroelectronics.X-CUBE-AZRTOS-WL.2.0.0
2024-09-24 10:59:08,753 [ERROR] Engine:463 - C:\Users\thuyh\.stm32cubemx\thirdparties\pdsc\STMicroelectronics.FP-SNS-MOTENV1.5.0.0.pdsc: PDSC version is not supported
2024-09-24 10:59:08,768 [WARN] PackLoader:238 - Cannot read IP mode file for wolfSSL.I-CUBE-wolfMQTT.1.19.0
2024-09-24 10:59:08,800 [WARN] PackLoader:238 - Cannot read IP mode file for WES.I-CUBE-Cesium.1.3.0
2024-09-24 10:59:08,815 [WARN] PackLoader:238 - Cannot read IP mode file for STMicroelectronics.X-CUBE-BLE2.3.3.0
2024-09-24 10:59:08,831 [ERROR] Engine:463 - C:\Users\thuyh\.stm32cubemx\thirdparties\pdsc\STMicroelectronics.X-CUBE-TCPP.4.1.0.pdsc: PDSC version is not supported
2024-09-24 10:59:08,862 [WARN] PackLoader:238 - Cannot read IP mode file for STMicroelectronics.X-CUBE-AZRTOS-G0.1.1.0
2024-09-24 10:59:08,893 [WARN] PackLoader:238 - Cannot read IP mode file for STMicroelectronics.X-CUBE-SAFEA1.1.2.2
2024-09-24 10:59:08,909 [WARN] PackLoader:238 - Cannot read IP mode file for STMicroelectronics.X-CUBE-NFC4.3.0.0
2024-09-24 10:59:08,925 [ERROR] Engine:463 - C:\Users\thuyh\.stm32cubemx\thirdparties\pdsc\EmbeddedOffice.I-CUBE-FS-RTOS.1.0.1.pdsc: PDSC version is not supported
2024-09-24 10:59:08,925 [ERROR] Engine:463 - C:\Users\thuyh\.stm32cubemx\thirdparties\pdsc\RealThread.X-CUBE-RT-Thread_Nano.4.1.1.pdsc: PDSC version is not supported
2024-09-24 10:59:08,940 [WARN] PackLoader:238 - Cannot read IP mode file for STMicroelectronics.FP-ATR-SIGFOX1.3.2.0
2024-09-24 10:59:08,956 [WARN] PackLoader:238 - Cannot read IP mode file for wolfSSL.I-CUBE-wolfSSL.5.7.2
2024-09-24 10:59:08,987 [WARN] PackLoader:238 - Cannot read IP mode file for STMicroelectronics.X-CUBE-EEPRMA1.5.1.0
2024-09-24 10:59:08,987 [ERROR] Engine:463 - C:\Users\thuyh\.stm32cubemx\thirdparties\pdsc\ITTIA_DB.I-CUBE-ITTIADB.8.9.0.pdsc: PDSC version is not supported
2024-09-24 10:59:09,050 [WARN] PackLoader:238 - Cannot read IP mode file for SEGGER.I-CUBE-embOS.1.3.1
2024-09-24 10:59:09,143 [WARN] PackLoader:238 - Cannot read IP mode file for STMicroelectronics.X-CUBE-ALGOBUILD.1.4.0
2024-09-24 10:59:09,159 [WARN] PackLoader:238 - Cannot read IP mode file for STMicroelectronics.X-CUBE-GNSS1.6.0.0
2024-09-24 10:59:09,221 [WARN] PackLoader:238 - Cannot read IP mode file for STMicroelectronics.X-CUBE-AZRTOS-F4.1.1.0
2024-09-24 10:59:09,253 [WARN] PackLoader:238 - Cannot read IP mode file for STMicroelectronics.X-CUBE-ISPU.2.1.0
2024-09-24 10:59:09,268 [ERROR] Engine:463 - C:\Users\thuyh\.stm32cubemx\thirdparties\pdsc\STMicroelectronics.X-CUBE-FREERTOS.1.2.0.pdsc: PDSC version is not supported
2024-09-24 10:59:09,331 [WARN] PackLoader:238 - Cannot read IP mode file for STMicroelectronics.X-CUBE-AZRTOS-L5.2.0.0
2024-09-24 10:59:09,362 [WARN] PackLoader:238 - Cannot read IP mode file for STMicroelectronics.X-CUBE-NFC6.3.1.0
2024-09-24 10:59:09,362 [ERROR] ServerAccessManage:1031 - Warning during Server Connexion :  Unknown host sw-center.st.com
2024-09-24 10:59:09,362 [ERROR] ServerAccessManage:1031 - Warning during Server Connexion :  Unknown host www.ebuc23.com
2024-09-24 10:59:09,378 [INFO] MainUpdater:2671 - connection check result : 22
2024-09-24 10:59:09,393 [ERROR] Engine:463 - C:\Users\thuyh\.stm32cubemx\thirdparties\pdsc\STMicroelectronics.X-CUBE-DPower.1.2.0.pdsc: PDSC version is not supported
2024-09-24 10:59:09,409 [WARN] PackLoader:238 - Cannot read IP mode file for STMicroelectronics.X-CUBE-AI.9.0.0
2024-09-24 10:59:09,425 [WARN] PackLoader:238 - Cannot read IP mode file for STMicroelectronics.X-CUBE-NFC7.1.0.1
2024-09-24 10:59:09,487 [WARN] ConditionMgr:437 - getConditionDescription Invalid condition id : LAN8742 Phy interface Condition cause : null
2024-09-24 10:59:09,487 [WARN] PackLoader:238 - Cannot read IP mode file for STMicroelectronics.X-CUBE-AZRTOS-L4.2.0.0
2024-09-24 10:59:09,487 [WARN] ConditionMgr:1038 - genDependencies : Invalid condition id : LAN8742 Phy interface Condition cause : null
2024-09-24 10:59:09,487 [WARN] ConditionMgr:1038 - genDependencies : Invalid condition id : LAN8742 Phy interface Condition cause : null
2024-09-24 10:59:09,487 [WARN] ConditionMgr:1038 - genDependencies : Invalid condition id : LAN8742 Phy interface Condition cause : null
2024-09-24 10:59:09,518 [WARN] PackLoader:238 - Cannot read IP mode file for STMicroelectronics.X-CUBE-SFXS2LP1.4.0.0
2024-09-24 10:59:09,565 [WARN] PackLoader:238 - Cannot read IP mode file for STMicroelectronics.X-CUBE-AZRTOS-H7.3.3.0
2024-09-24 10:59:09,628 [WARN] ConditionMgr:437 - getConditionDescription Invalid condition id : UX DEVICE CLASS RTOS Condition cause : null
2024-09-24 10:59:09,628 [WARN] ConditionMgr:437 - getConditionDescription Invalid condition id : UX DEVICE CLASS RTOS Condition cause : null
2024-09-24 10:59:09,628 [WARN] PackLoader:238 - Cannot read IP mode file for STMicroelectronics.X-CUBE-AZRTOS-WB.2.0.0
2024-09-24 10:59:09,628 [WARN] ConditionMgr:1038 - genDependencies : Invalid condition id : UX DEVICE CLASS RTOS Condition cause : null
2024-09-24 10:59:09,628 [WARN] ConditionMgr:1038 - genDependencies : Invalid condition id : UX DEVICE CLASS RTOS Condition cause : null
2024-09-24 10:59:09,628 [WARN] ConditionMgr:1038 - genDependencies : Invalid condition id : UX DEVICE CLASS RTOS Condition cause : null
2024-09-24 10:59:09,643 [WARN] ConditionMgr:1038 - genDependencies : Invalid condition id : UX DEVICE CLASS RTOS Condition cause : null
2024-09-24 10:59:09,643 [WARN] ConditionMgr:1038 - genDependencies : Invalid condition id : UX DEVICE CLASS RTOS Condition cause : null
2024-09-24 10:59:09,659 [WARN] PackLoader:238 - Cannot read IP mode file for STMicroelectronics.X-CUBE-GNSS1.7.0.0
2024-09-24 10:59:09,690 [ERROR] Engine:463 - C:\Users\thuyh\.stm32cubemx\thirdparties\pdsc\STMicroelectronics.FP-SNS-STBOX1.2.0.0.pdsc: PDSC version is not supported
2024-09-24 10:59:09,721 [WARN] PackLoader:238 - Cannot read IP mode file for STMicroelectronics.X-CUBE-SUBG2.5.0.0
2024-09-24 10:59:09,753 [ERROR] Engine:463 - C:\Users\thuyh\.stm32cubemx\thirdparties\pdsc\Cesanta.I-CUBE-Mongoose.7.13.0.pdsc: PDSC version is not supported
2024-09-24 10:59:09,799 [WARN] PackLoader:238 - Cannot read IP mode file for STMicroelectronics.X-CUBE-AZRTOS-G4.2.0.0
2024-09-24 10:59:09,815 [WARN] PackLoader:238 - Cannot read IP mode file for STMicroelectronics.X-CUBE-ISPU.2.0.0
2024-09-24 10:59:09,831 [ERROR] Engine:463 - C:\Users\thuyh\.stm32cubemx\thirdparties\pdsc\STMicroelectronics.X-CUBE-ALS.1.0.2.pdsc: PDSC version is not supported
2024-09-24 10:59:09,846 [WARN] PackLoader:238 - Cannot read IP mode file for STMicroelectronics.X-CUBE-TOUCHGFX.4.24.0
2024-09-24 10:59:09,862 [WARN] PackLoader:238 - Cannot read IP mode file for wolfSSL.I-CUBE-wolfTPM.3.4.0
2024-09-24 10:59:09,878 [WARN] PackLoader:238 - Cannot read IP mode file for portGmbH.I-Cube-SoM-uGOAL.1.1.0
2024-09-24 10:59:09,909 [WARN] PackLoader:238 - Cannot read IP mode file for STMicroelectronics.X-CUBE-AZRTOS-H7RS.1.0.0
2024-09-24 10:59:09,924 [WARN] PackLoader:238 - Cannot read IP mode file for STMicroelectronics.FP-ATR-ASTRA1.2.0.0
2024-09-24 10:59:09,940 [ERROR] Engine:463 - C:\Users\thuyh\.stm32cubemx\thirdparties\pdsc\STMicroelectronics.X-CUBE-TOF1.3.4.2.pdsc: PDSC version is not supported
2024-09-24 10:59:09,971 [ERROR] Engine:463 - C:\Users\thuyh\.stm32cubemx\thirdparties\pdsc\Infineon.AIROC-Wi-Fi-Bluetooth-STM32.1.6.1.pdsc: PDSC version is not supported
2024-09-24 10:59:09,987 [WARN] PackLoader:238 - Cannot read IP mode file for wolfSSL.I-CUBE-wolfSSH.1.4.17
2024-09-24 10:59:09,987 [INFO] ThirdParty:915 - Integrity check success = true
2024-09-24 10:59:09,987 [INFO] IntegrityCheckThread:94 - exiting critical section [integrity check]
2024-09-24 10:59:09,987 [INFO] IntegrityCheckThread:97 - End integrity checks thread
2024-09-24 10:59:13,026 [ERROR] ServerAccessManage:1031 - Warning during Server Connexion :  Unknown host sw-center.st.com
2024-09-24 10:59:13,026 [ERROR] ServerAccessManage:1031 - Warning during Server Connexion :  Unknown host www.ebuc23.com
2024-09-24 10:59:13,026 [INFO] MainUpdater:2671 - connection check result : 22
2024-09-24 10:59:14,298 [INFO] MicroXplorer:448 - Change Database Path : 
2024-09-24 10:59:14,298 [INFO] MicroXplorer:478 - Change Database Version : DB.6.0.30
2024-09-24 10:59:14,298 [WARN] ThirdParty:813 - waiting for thirdparty lock release [close project]
2024-09-24 10:59:14,298 [INFO] ThirdParty:815 - entering critical section [close project]
2024-09-24 10:59:14,298 [INFO] ThirdParty:825 - exiting critical section [close project]
2024-09-24 10:59:14,313 [INFO] PinOutPanel:1463 - setPackage(No Configuration,No Configuration)
2024-09-24 10:59:14,313 [INFO] UtilMem:74 - Begin LoadConfig() Used Memory: 167051704 Bytes (268435456)
2024-09-24 10:59:14,313 [INFO] MicroXplorer:448 - Change Database Path : 
2024-09-24 10:59:14,313 [INFO] MicroXplorer:478 - Change Database Version : DB.6.0.30
2024-09-24 10:59:14,313 [INFO] OpenFileManager:313 - Change cursor
2024-09-24 10:59:15,610 [INFO] Context:592 - Trying to add GPIOservice into a context  which must be forbidden
2024-09-24 10:59:15,985 [WARN] ApiManager:304 - Cannot register API 'Board Extension:GNSS1A1' from pack STMicroelectronics.X-CUBE-GNSS1.6.0.0: no header file found
2024-09-24 10:59:15,985 [WARN] ApiManager:304 - Cannot register API 'Board Support:Custom' from pack STMicroelectronics.X-CUBE-GNSS1.6.0.0: no header file found
2024-09-24 10:59:15,985 [WARN] ApiManager:304 - Cannot register API 'Data Exchange:lib_gnss' from pack STMicroelectronics.X-CUBE-GNSS1.6.0.0: no header file found
2024-09-24 10:59:16,000 [WARN] ApiManager:304 - Cannot register API 'Board Extension:GNSS1A1' from pack STMicroelectronics.X-CUBE-GNSS1.7.0.0: no header file found
2024-09-24 10:59:16,000 [WARN] ApiManager:304 - Cannot register API 'Board Support:Custom' from pack STMicroelectronics.X-CUBE-GNSS1.7.0.0: no header file found
2024-09-24 10:59:16,000 [WARN] ApiManager:304 - Cannot register API 'Data Exchange:lib_gnss' from pack STMicroelectronics.X-CUBE-GNSS1.7.0.0: no header file found
2024-09-24 10:59:16,000 [WARN] ApiManager:304 - Cannot register API 'Board Extension:NFC06A1' from pack STMicroelectronics.X-CUBE-NFC6.3.1.0: no header file found
2024-09-24 10:59:16,000 [WARN] ApiManager:304 - Cannot register API 'Board Extension:NFC08A1' from pack STMicroelectronics.X-CUBE-NFC6.3.1.0: no header file found
2024-09-24 10:59:16,219 [WARN] ApiManager:304 - Cannot register API 'Board Extension:IKS01A3' from pack STMicroelectronics.X-CUBE-MEMS1.11.0.0: no header file found
2024-09-24 10:59:16,219 [WARN] ApiManager:304 - Cannot register API 'Board Extension:IKS02A1' from pack STMicroelectronics.X-CUBE-MEMS1.11.0.0: no header file found
2024-09-24 10:59:16,219 [WARN] ApiManager:304 - Cannot register API 'Board Extension:IKS4A1' from pack STMicroelectronics.X-CUBE-MEMS1.11.0.0: no header file found
2024-09-24 10:59:16,235 [INFO] RtosManager:484 - Registered RTOS mode: class=CMSIS, group=RTOS, mode=CMSIS_V1, owner=FREERTOS
2024-09-24 10:59:16,235 [INFO] RtosManager:484 - Registered RTOS mode: class=CMSIS, group=RTOS2, mode=CMSIS_V2, owner=FREERTOS
2024-09-24 10:59:16,235 [INFO] RtosManager:484 - Registered RTOS mode: class=RTOS, group=Core, mode=CMSIS_V1, owner=FREERTOS
2024-09-24 10:59:16,235 [INFO] RtosManager:484 - Registered RTOS mode: class=RTOS, group=Core, mode=CMSIS_V2, owner=FREERTOS
2024-09-24 10:59:16,235 [WARN] ModelIntegratedComponent:181 - Missing modes for component STMicroelectronics:FreeRTOS:0.0.1:STMicroelectronics:RTOS:FreeRTOS:Core:::10.2.0:
2024-09-24 10:59:16,235 [WARN] ApiManager:304 - Cannot register API 'Board Extension:STSAFEA1' from pack STMicroelectronics.X-CUBE-SAFEA1.1.2.2: no header file found
2024-09-24 10:59:16,235 [WARN] ApiManager:304 - Cannot register API 'Board Part:STSAFEA110' from pack STMicroelectronics.X-CUBE-SAFEA1.1.2.2: no header file found
2024-09-24 10:59:16,235 [WARN] ApiManager:304 - Cannot register API 'Security:ST_Cryptolib' from pack STMicroelectronics.X-CUBE-SAFEA1.1.2.2: no header file found
2024-09-24 10:59:16,235 [WARN] ApiManager:304 - Cannot register API 'Security:MbedTLS' from pack STMicroelectronics.X-CUBE-SAFEA1.1.2.2: no header file found
2024-09-24 10:59:16,235 [WARN] ApiManager:304 - Cannot register API 'Board Extension:NFC04A1' from pack STMicroelectronics.X-CUBE-NFC4.3.0.0: no header file found
2024-09-24 10:59:16,235 [WARN] ApiManager:304 - Cannot register API 'Board Extension:S2868A1' from pack STMicroelectronics.X-CUBE-SUBG2.5.0.0: no header file found
2024-09-24 10:59:16,235 [WARN] ApiManager:304 - Cannot register API 'Board Extension:S2868A2' from pack STMicroelectronics.X-CUBE-SUBG2.5.0.0: no header file found
2024-09-24 10:59:16,235 [WARN] ApiManager:304 - Cannot register API 'Board Extension:S2915A1' from pack STMicroelectronics.X-CUBE-SUBG2.5.0.0: no header file found
2024-09-24 10:59:16,235 [WARN] ApiManager:304 - Cannot register API 'Wireless:BlueNRG-MS' from pack STMicroelectronics.X-CUBE-BLE1.7.0.0: no header file found
2024-09-24 10:59:16,235 [WARN] ApiManager:304 - Cannot register API 'Board Extension:EEPRMA2' from pack STMicroelectronics.X-CUBE-EEPRMA1.5.1.0: no header file found
2024-09-24 10:59:16,235 [WARN] ApiManager:304 - Cannot register API 'Board Extension:PGEEZ1' from pack STMicroelectronics.X-CUBE-EEPRMA1.5.1.0: no header file found
2024-09-24 10:59:16,235 [WARN] ApiManager:304 - Cannot register API 'Board Extension:EEICA1' from pack STMicroelectronics.X-CUBE-EEPRMA1.5.1.0: no header file found
2024-09-24 10:59:16,235 [WARN] ApiManager:304 - Cannot register API 'Board Part:M24' from pack STMicroelectronics.X-CUBE-EEPRMA1.5.1.0: no header file found
2024-09-24 10:59:16,235 [WARN] ApiManager:304 - Cannot register API 'Board Part:M95' from pack STMicroelectronics.X-CUBE-EEPRMA1.5.1.0: no header file found
2024-09-24 10:59:16,235 [WARN] ApiManager:304 - Cannot register API 'Board Part:M95P32' from pack STMicroelectronics.X-CUBE-EEPRMA1.5.1.0: no header file found
2024-09-24 10:59:16,235 [WARN] ApiManager:304 - Cannot register API 'Board Part:M24256E-F' from pack STMicroelectronics.X-CUBE-EEPRMA1.5.1.0: no header file found
2024-09-24 10:59:16,235 [WARN] ApiManager:304 - Cannot register API 'Board Part:M24M01E-F' from pack STMicroelectronics.X-CUBE-EEPRMA1.5.1.0: no header file found
2024-09-24 10:59:16,235 [WARN] ApiManager:304 - Cannot register API 'PGEEZ1:SPI' from pack STMicroelectronics.X-CUBE-EEPRMA1.5.1.0: no header file found
2024-09-24 10:59:16,235 [WARN] ApiManager:304 - Cannot register API 'PGEEZ1:QDSPI' from pack STMicroelectronics.X-CUBE-EEPRMA1.5.1.0: no header file found
2024-09-24 10:59:16,235 [WARN] ModelIntegratedComponent:60 - No mode defined for component null
2024-09-24 10:59:16,235 [WARN] ModelIntegratedComponent:60 - No mode defined for component null
2024-09-24 10:59:16,235 [WARN] ModelIntegratedComponent:60 - No mode defined for component null
2024-09-24 10:59:16,235 [WARN] ModelIntegratedComponent:60 - No mode defined for component null
2024-09-24 10:59:16,235 [WARN] ModelIntegratedComponent:60 - No mode defined for component null
2024-09-24 10:59:16,235 [WARN] ModelIntegratedComponent:60 - No mode defined for component null
2024-09-24 10:59:16,235 [WARN] ModelIntegratedComponent:60 - No mode defined for component null
2024-09-24 10:59:16,235 [WARN] ModelIntegratedComponent:60 - No mode defined for component null
2024-09-24 10:59:16,235 [WARN] ModelIntegratedComponent:60 - No mode defined for component null
2024-09-24 10:59:16,235 [WARN] ModelIntegratedComponent:60 - No mode defined for component null
2024-09-24 10:59:16,235 [WARN] ModelIntegratedComponent:60 - No mode defined for component null
2024-09-24 10:59:16,235 [WARN] ModelIntegratedComponent:60 - No mode defined for component null
2024-09-24 10:59:16,235 [WARN] ModelIntegratedComponent:60 - No mode defined for component null
2024-09-24 10:59:16,235 [WARN] ModelIntegratedComponent:60 - No mode defined for component null
2024-09-24 10:59:16,235 [WARN] ModelIntegratedComponent:60 - No mode defined for component null
2024-09-24 10:59:16,235 [WARN] ModelIntegratedComponent:60 - No mode defined for component null
2024-09-24 10:59:16,235 [WARN] ModelIntegratedComponent:60 - No mode defined for component null
2024-09-24 10:59:16,235 [WARN] ModelIntegratedComponent:60 - No mode defined for component null
2024-09-24 10:59:16,235 [WARN] ModelIntegratedComponent:60 - No mode defined for component null
2024-09-24 10:59:16,235 [WARN] ModelIntegratedComponent:60 - No mode defined for component null
2024-09-24 10:59:16,235 [WARN] ModelIntegratedComponent:60 - No mode defined for component null
2024-09-24 10:59:16,235 [WARN] ModelIntegratedComponent:60 - No mode defined for component null
2024-09-24 10:59:16,235 [WARN] ModelIntegratedComponent:60 - No mode defined for component null
2024-09-24 10:59:16,235 [WARN] ModelIntegratedComponent:60 - No mode defined for component null
2024-09-24 10:59:16,235 [WARN] ModelIntegratedComponent:60 - No mode defined for component null
2024-09-24 10:59:16,235 [WARN] ModelIntegratedComponent:60 - No mode defined for component null
2024-09-24 10:59:16,235 [WARN] ModelIntegratedComponent:60 - No mode defined for component null
2024-09-24 10:59:16,235 [WARN] ModelIntegratedComponent:60 - No mode defined for component null
2024-09-24 10:59:16,235 [WARN] ModelIntegratedComponent:60 - No mode defined for component null
2024-09-24 10:59:16,235 [WARN] ModelIntegratedComponent:60 - No mode defined for component null
2024-09-24 10:59:16,235 [WARN] ModelIntegratedComponent:60 - No mode defined for component null
2024-09-24 10:59:16,250 [WARN] ApiManager:304 - Cannot register API 'Board Extension:NFC07A1' from pack STMicroelectronics.X-CUBE-NFC7.1.0.1: no header file found
2024-09-24 10:59:16,266 [WARN] ApiManager:304 - Cannot register API 'Board Extension:S2868A1' from pack STMicroelectronics.X-CUBE-SFXS2LP1.4.0.0: no header file found
2024-09-24 10:59:16,266 [WARN] ApiManager:304 - Cannot register API 'Board Extension:S2868A2' from pack STMicroelectronics.X-CUBE-SFXS2LP1.4.0.0: no header file found
2024-09-24 10:59:16,266 [WARN] ApiManager:304 - Cannot register API 'Board Extension:S2915A1' from pack STMicroelectronics.X-CUBE-SFXS2LP1.4.0.0: no header file found
2024-09-24 10:59:16,266 [WARN] ApiManager:304 - Cannot register API 'Wireless:BlueNRG-2' from pack STMicroelectronics.X-CUBE-BLE2.3.3.0: no header file found
2024-09-24 10:59:18,781 [INFO] UtilMem:74 - End LoadConfig() Used Memory: 219258968 Bytes (332398592)
2024-09-24 10:59:18,781 [INFO] DbMcusXml:100 - Load MCU database from C:\Users\thuyh\STM32CubeIDE_1.7.0\STM32CubeIDE\plugins\com.st.stm32cube.common.mx_6.3.0.202107141111\\db\/mcu/families.xml
2024-09-24 10:59:19,999 [INFO] DbMcusJson:93 - JSON generation date=Tue Nov 16 23:17:54 ICT 2021 (1637079474)
2024-09-24 10:59:20,858 [INFO] DbMcus:175 - Found 1951 MCUs (1903 are supported by CubeMX, 1914 are visible in CubeMX)
2024-09-24 10:59:20,858 [INFO] ApiDb:251 - Load user favorites file C:\Users\thuyh/.stm32cubeide/favorites.mcus.txt: 0 item(s)
2024-09-24 10:59:20,858 [INFO] ApiDb:255 - User favorites MCUs=[]
2024-09-24 10:59:20,858 [INFO] DbMcus:187 - Set 0 / 0 favorites MCUs
2024-09-24 10:59:20,874 [WARN] ThirdParty:779 - waiting for thirdparty lock release [change project]
2024-09-24 10:59:20,874 [INFO] ThirdParty:781 - entering critical section [change project]
2024-09-24 10:59:20,874 [INFO] ThirdParty:967 - CMSIS Pack Vendor :STMicroelectronics X-CUBE-AZRTOS-H7 3.3.0
2024-09-24 10:59:20,874 [INFO] ThirdParty:967 - CMSIS Pack Vendor :STMicroelectronics X-CUBE-GNSS1 6.0.0
2024-09-24 10:59:20,874 [INFO] ThirdParty:967 - CMSIS Pack Vendor :STMicroelectronics USB_HOST 2.0.0
2024-09-24 10:59:20,874 [INFO] ThirdParty:967 - CMSIS Pack Vendor :STMicroelectronics X-CUBE-AZRTOS-F4 1.1.0
2024-09-24 10:59:20,874 [INFO] ThirdParty:967 - CMSIS Pack Vendor :STMicroelectronics USB_DEVICE 3.0.0
2024-09-24 10:59:20,874 [INFO] ThirdParty:967 - CMSIS Pack Vendor :STMicroelectronics X-CUBE-ISPU 2.1.0
2024-09-24 10:59:20,874 [INFO] ThirdParty:967 - CMSIS Pack Vendor :STMicroelectronics X-CUBE-AZRTOS-WB 2.0.0
2024-09-24 10:59:20,874 [INFO] ThirdParty:967 - CMSIS Pack Vendor :STMicroelectronics X-CUBE-GNSS1 7.0.0
2024-09-24 10:59:20,874 [INFO] ThirdParty:967 - CMSIS Pack Vendor :STMicroelectronics X-CUBE-AZRTOS-F7 1.1.0
2024-09-24 10:59:20,874 [INFO] ThirdParty:967 - CMSIS Pack Vendor :STMicroelectronics X-CUBE-AZRTOS-L5 2.0.0
2024-09-24 10:59:20,874 [INFO] ThirdParty:967 - CMSIS Pack Vendor :STMicroelectronics USB_DEVICE 2.0.0
2024-09-24 10:59:20,874 [INFO] ThirdParty:967 - CMSIS Pack Vendor :STMicroelectronics X-CUBE-NFC6 3.1.0
2024-09-24 10:59:20,874 [INFO] ThirdParty:967 - CMSIS Pack Vendor :STMicroelectronics X-CUBE-MEMS1 11.0.0
2024-09-24 10:59:20,874 [INFO] ThirdParty:967 - CMSIS Pack Vendor :STMicroelectronics FreeRTOS 0.0.1
2024-09-24 10:59:20,874 [INFO] ThirdParty:967 - CMSIS Pack Vendor :STMicroelectronics X-CUBE-AZRTOS-G0 1.1.0
2024-09-24 10:59:20,874 [INFO] ThirdParty:967 - CMSIS Pack Vendor :STMicroelectronics X-CUBE-SAFEA1 1.2.2
2024-09-24 10:59:20,874 [INFO] ThirdParty:967 - CMSIS Pack Vendor :STMicroelectronics X-CUBE-NFC4 3.0.0
2024-09-24 10:59:20,874 [INFO] ThirdParty:967 - CMSIS Pack Vendor :STMicroelectronics X-CUBE-SUBG2 5.0.0
2024-09-24 10:59:20,874 [INFO] ThirdParty:967 - CMSIS Pack Vendor :STMicroelectronics lwIP 2.0.3
2024-09-24 10:59:20,874 [INFO] ThirdParty:967 - CMSIS Pack Vendor :STMicroelectronics USB_HOST 1.0.0
2024-09-24 10:59:20,874 [INFO] ThirdParty:967 - CMSIS Pack Vendor :STMicroelectronics X-CUBE-AI 9.0.0
2024-09-24 10:59:20,874 [INFO] ThirdParty:967 - CMSIS Pack Vendor :STMicroelectronics X-CUBE-AZRTOS-G4 2.0.0
2024-09-24 10:59:20,874 [INFO] ThirdParty:967 - CMSIS Pack Vendor :STMicroelectronics PDM2PCM 3.1.0
2024-09-24 10:59:20,874 [INFO] ThirdParty:967 - CMSIS Pack Vendor :STMicroelectronics PDM2PCM 3.3.0
2024-09-24 10:59:20,874 [INFO] ThirdParty:967 - CMSIS Pack Vendor :STMicroelectronics X-CUBE-BLE1 7.0.0
2024-09-24 10:59:20,874 [INFO] ThirdParty:967 - CMSIS Pack Vendor :STMicroelectronics FP-ATR-SIGFOX1 3.2.0
2024-09-24 10:59:20,874 [INFO] ThirdParty:967 - CMSIS Pack Vendor :wolfSSL I-CUBE-wolfSSL 5.7.2
2024-09-24 10:59:20,874 [INFO] ThirdParty:967 - CMSIS Pack Vendor :STMicroelectronics X-CUBE-ISPU 2.0.0
2024-09-24 10:59:20,874 [INFO] ThirdParty:967 - CMSIS Pack Vendor :STMicroelectronics X-CUBE-EEPRMA1 5.1.0
2024-09-24 10:59:20,874 [INFO] ThirdParty:967 - CMSIS Pack Vendor :STMicroelectronics HAL Drivers 0.0.0
2024-09-24 10:59:20,874 [INFO] ThirdParty:967 - CMSIS Pack Vendor :STMicroelectronics MBEDTLS 2.16.2
2024-09-24 10:59:20,874 [INFO] ThirdParty:967 - CMSIS Pack Vendor :STMicroelectronics X-CUBE-NFC7 1.0.1
2024-09-24 10:59:20,874 [INFO] ThirdParty:967 - CMSIS Pack Vendor :STMicroelectronics MBEDTLS 2.14.1
2024-09-24 10:59:20,874 [INFO] ThirdParty:967 - CMSIS Pack Vendor :STMicroelectronics X-CUBE-TOUCHGFX 4.24.0
2024-09-24 10:59:20,874 [INFO] ThirdParty:967 - CMSIS Pack Vendor :wolfSSL I-CUBE-wolfTPM 3.4.0
2024-09-24 10:59:20,874 [INFO] ThirdParty:967 - CMSIS Pack Vendor :portGmbH I-Cube-SoM-uGOAL 1.1.0
2024-09-24 10:59:20,874 [INFO] ThirdParty:967 - CMSIS Pack Vendor :STMicroelectronics X-CUBE-AZRTOS-WL 2.0.0
2024-09-24 10:59:20,874 [INFO] ThirdParty:967 - CMSIS Pack Vendor :SEGGER I-CUBE-embOS 1.3.1
2024-09-24 10:59:20,874 [INFO] ThirdParty:967 - CMSIS Pack Vendor :STMicroelectronics X-CUBE-ALGOBUILD 1.4.0
2024-09-24 10:59:20,874 [INFO] ThirdParty:967 - CMSIS Pack Vendor :STMicroelectronics USB_DEVICE 1.0.0
2024-09-24 10:59:20,874 [INFO] ThirdParty:967 - CMSIS Pack Vendor :STMicroelectronics X-CUBE-AZRTOS-H7RS 1.0.0
2024-09-24 10:59:20,874 [INFO] ThirdParty:967 - CMSIS Pack Vendor :wolfSSL I-CUBE-wolfMQTT 1.19.0
2024-09-24 10:59:20,874 [INFO] ThirdParty:967 - CMSIS Pack Vendor :STMicroelectronics X-CUBE-AZRTOS-L4 2.0.0
2024-09-24 10:59:20,874 [INFO] ThirdParty:967 - CMSIS Pack Vendor :STMicroelectronics ThreadX 0.0.2
2024-09-24 10:59:20,874 [INFO] ThirdParty:967 - CMSIS Pack Vendor :WES I-CUBE-Cesium 1.3.0
2024-09-24 10:59:20,874 [INFO] ThirdParty:967 - CMSIS Pack Vendor :STMicroelectronics FP-ATR-ASTRA1 2.0.0
2024-09-24 10:59:20,874 [INFO] ThirdParty:967 - CMSIS Pack Vendor :STMicroelectronics lwIP 2.1.2
2024-09-24 10:59:20,874 [INFO] ThirdParty:967 - CMSIS Pack Vendor :STMicroelectronics X-CUBE-SFXS2LP1 4.0.0
2024-09-24 10:59:20,874 [INFO] ThirdParty:967 - CMSIS Pack Vendor :STMicroelectronics X-CUBE-BLE2 3.3.0
2024-09-24 10:59:20,874 [INFO] ThirdParty:967 - CMSIS Pack Vendor :STMicroelectronics PDM2PCM 3.2.0
2024-09-24 10:59:20,874 [INFO] ThirdParty:967 - CMSIS Pack Vendor :wolfSSL I-CUBE-wolfSSH 1.4.17
2024-09-24 10:59:20,890 [INFO] ThirdParty:787 - exiting critical section [change project]
2024-09-24 10:59:21,265 [INFO] PinOutPanel:1463 - setPackage(No Configuration,No Configuration)
2024-09-24 10:59:21,265 [INFO] PinOutPanel:1463 - setPackage(STM32F103C6Tx,LQFP48)
2024-09-24 10:59:21,843 [INFO] UtilMem:74 - Before build in PCC Used Memory: 292759384 Bytes (535822336)
2024-09-24 10:59:22,561 [INFO] UtilMem:74 - After build in PCC Used Memory: 371924824 Bytes (535822336)
2024-09-24 10:59:22,577 [INFO] IPUIPlugin:74 - create IPUIPlugin
2024-09-24 10:59:22,577 [INFO] IPUIPlugin:74 - create IPUIPlugin
2024-09-24 10:59:22,577 [INFO] IPUIPlugin:74 - create IPUIPlugin
2024-09-24 10:59:22,577 [INFO] IPUIPlugin:74 - create IPUIPlugin
2024-09-24 10:59:22,577 [INFO] IPUIPlugin:74 - create IPUIPlugin
2024-09-24 10:59:22,592 [INFO] IPUIPlugin:74 - create IPUIPlugin
2024-09-24 10:59:22,592 [INFO] IPUIPlugin:74 - create IPUIPlugin
2024-09-24 10:59:22,592 [INFO] IPUIPlugin:74 - create IPUIPlugin
2024-09-24 10:59:22,592 [INFO] IPUIPlugin:74 - create IPUIPlugin
2024-09-24 10:59:22,592 [INFO] IPUIPlugin:74 - create IPUIPlugin
2024-09-24 10:59:22,592 [INFO] IPUIPlugin:74 - create IPUIPlugin
2024-09-24 10:59:22,592 [INFO] IPUIPlugin:74 - create IPUIPlugin
2024-09-24 10:59:22,592 [INFO] IPUIPlugin:74 - create IPUIPlugin
2024-09-24 10:59:22,592 [INFO] IPUIPlugin:74 - create IPUIPlugin
2024-09-24 10:59:22,592 [INFO] IPUIPlugin:74 - create IPUIPlugin
2024-09-24 10:59:22,592 [INFO] IPUIPlugin:74 - create IPUIPlugin
2024-09-24 10:59:22,592 [INFO] IPUIPlugin:74 - create IPUIPlugin
2024-09-24 10:59:22,592 [INFO] IPUIPlugin:74 - create IPUIPlugin
2024-09-24 10:59:22,592 [INFO] IPUIPlugin:74 - create IPUIPlugin
2024-09-24 10:59:22,592 [INFO] IPUIPlugin:74 - create IPUIPlugin
2024-09-24 10:59:22,592 [INFO] IPUIPlugin:74 - create IPUIPlugin
2024-09-24 10:59:22,592 [INFO] IPUIPlugin:74 - create IPUIPlugin
2024-09-24 10:59:22,592 [INFO] IPUIPlugin:74 - create IPUIPlugin
2024-09-24 10:59:22,765 [INFO] OpenFileManager:333 - Restore cursor
2024-09-24 11:04:13,949 [INFO] NvicIntPanel:96 - NVIC parent = com.st.microxplorer.plugins.ip.nvic.MultiNvicIntPanel[,0,0,0x0,invalid,layout=javax.swing.BoxLayout,alignmentX=0.0,alignmentY=0.0,border=,flags=9,maximumSize=,minimumSize=,preferredSize=]
2024-09-24 11:04:34,930 [INFO] NvicIntPanel:96 - NVIC parent = com.st.microxplorer.plugins.ip.nvic.MultiNvicIntPanel[,0,0,520x247,layout=javax.swing.BoxLayout,alignmentX=0.0,alignmentY=0.0,border=,flags=9,maximumSize=,minimumSize=,preferredSize=]
2024-09-24 11:04:41,209 [INFO] UtilMem:74 - End SaveConfig() Used Memory: 389631976 Bytes (535822336)
2024-09-24 11:04:42,537 [INFO] UtilMem:74 - End SaveConfig() Used Memory: 222994120 Bytes (535822336)
2024-09-24 11:04:44,256 [INFO] UtilMem:74 - End SaveConfig() Used Memory: 241409688 Bytes (535822336)
2024-09-24 11:04:44,849 [INFO] BlockDiagram:2740 - set Specific Code input for plugin: NVIC
2024-09-24 11:04:44,849 [INFO] BlockDiagram:2740 - set Specific Code input for plugin: SYS
2024-09-24 11:04:44,849 [INFO] BlockDiagram:2740 - set Specific Code input for plugin: GPIO
2024-09-24 11:04:44,849 [INFO] BlockDiagram:2740 - set Specific Code input for plugin: RCC
2024-09-24 11:04:44,849 [INFO] BlockDiagram:2740 - set Specific Code input for plugin: TIM1_8F1
2024-09-24 11:04:44,849 [INFO] CodeGenerator:663 - code generatio: config db path: C:\Users\thuyh\STM32CubeIDE_1.7.0\STM32CubeIDE\plugins\com.st.stm32cube.common.mx_6.3.0.202107141111\\db\
2024-09-24 11:04:45,224 [INFO] CodeEngine:239 - oldGeneratedFile, E:\microprocessor_ReportLab3\lab3_project\MXTmpFiles\license.tmp_save
2024-09-24 11:04:45,552 [INFO] CodeEngine:257 - Generated code: E:\microprocessor_ReportLab3\lab3_project\MXTmpFiles\license.tmp
2024-09-24 11:04:45,818 [INFO] CodeEngine:239 - oldGeneratedFile, E:\microprocessor_ReportLab3\lab3_project\MXTmpFiles\gpio.tmp_save
2024-09-24 11:04:45,943 [INFO] CodeEngine:257 - Generated code: E:\microprocessor_ReportLab3\lab3_project\MXTmpFiles\gpio.tmp
2024-09-24 11:04:46,177 [INFO] CodeEngine:239 - oldGeneratedFile, E:\microprocessor_ReportLab3\lab3_project\Core\Src\stm32f1xx_it.c_save
2024-09-24 11:04:46,333 [INFO] CodeEngine:257 - Generated code: E:\microprocessor_ReportLab3\lab3_project\Core\Src\stm32f1xx_it.c
2024-09-24 11:04:46,364 [INFO] CodeEngine:239 - oldGeneratedFile, E:\microprocessor_ReportLab3\lab3_project\Core\Inc\stm32f1xx_it.h_save
2024-09-24 11:04:46,505 [INFO] CodeEngine:257 - Generated code: E:\microprocessor_ReportLab3\lab3_project\Core\Inc\stm32f1xx_it.h
2024-09-24 11:04:46,552 [INFO] CodeEngine:239 - oldGeneratedFile, E:\microprocessor_ReportLab3\lab3_project\Core\Src\stm32f1xx_hal_msp.c_save
2024-09-24 11:04:46,786 [INFO] CodeEngine:257 - Generated code: E:\microprocessor_ReportLab3\lab3_project\Core\Src\stm32f1xx_hal_msp.c
2024-09-24 11:04:46,802 [INFO] CodeEngine:239 - oldGeneratedFile, E:\microprocessor_ReportLab3\lab3_project\MXTmpFiles\system.tmp_save
2024-09-24 11:04:46,864 [INFO] CodeEngine:257 - Generated code: E:\microprocessor_ReportLab3\lab3_project\MXTmpFiles\system.tmp
2024-09-24 11:04:46,896 [INFO] CodeEngine:239 - oldGeneratedFile, E:\microprocessor_ReportLab3\lab3_project\Core\Inc\stm32f1xx_hal_conf.h_save
2024-09-24 11:04:47,005 [INFO] CodeEngine:257 - Generated code: E:\microprocessor_ReportLab3\lab3_project\Core\Inc\stm32f1xx_hal_conf.h
2024-09-24 11:04:47,036 [WARN] IPConfigManager:3148 - IP not found : TIM
2024-09-24 11:04:47,036 [WARN] CodeGenerator:3268 - IP not found : null
2024-09-24 11:04:47,067 [INFO] CodeEngine:239 - oldGeneratedFile, E:\microprocessor_ReportLab3\lab3_project\Core\Inc\main.h_save
2024-09-24 11:04:47,161 [INFO] CodeEngine:257 - Generated code: E:\microprocessor_ReportLab3\lab3_project\Core\Inc\main.h
2024-09-24 11:04:47,192 [INFO] CodeEngine:239 - oldGeneratedFile, E:\microprocessor_ReportLab3\lab3_project\Core\Src\main.c_save
2024-09-24 11:04:47,364 [INFO] CodeEngine:257 - Generated code: E:\microprocessor_ReportLab3\lab3_project\Core\Src\main.c
2024-09-24 11:04:48,598 [INFO] ProjectBuilder:2578 - Time for Copy HAL[1] : 140mS.
2024-09-24 11:04:48,614 [INFO] ProjectBuilder:3622 - Project Generator version: 3.14.1
2024-09-24 11:04:49,286 [INFO] ConfigFileManager:1271 - The Die is : DIE412
2024-09-24 11:04:49,317 [INFO] ApiDbMcu:468 - Load IP Config File for FATFS
2024-09-24 11:04:49,379 [INFO] ApiDbMcu:468 - Load IP Config File for FREERTOS
2024-09-24 11:04:49,426 [INFO] ApiDbMcu:468 - Load IP Config File for USB_DEVICE
2024-09-24 11:04:53,753 [INFO] ProjectBuilder:3789 - Time for Generating toolchain IDE Files: 5139mS.
2024-09-24 11:04:53,753 [INFO] ProjectBuilder:2457 - Time for Copy CMSIS : 0mS.
2024-09-24 11:04:53,753 [INFO] ProjectBuilder:2457 - Time for Copy CMSIS : 0mS.
2024-09-24 11:48:17,126 [INFO] DbMcusDocs:143 - JSON generation date=Tue Nov 16 23:17:54 ICT 2021 (1637079474)
2024-09-24 11:48:17,661 [INFO] DbMcusDocs:79 - Found 682 MCUs documents
2024-09-24 11:48:23,397 [INFO] Gpio:254 - dependency for GPIO []
2024-09-24 11:48:28,763 [INFO] UtilMem:74 - End SaveConfig() Used Memory: 501951784 Bytes (771751936)
2024-09-24 11:48:29,763 [INFO] UtilMem:74 - End SaveConfig() Used Memory: 537603368 Bytes (771751936)
2024-09-24 11:48:31,803 [INFO] UtilMem:74 - End SaveConfig() Used Memory: 631975208 Bytes (771751936)
2024-09-24 11:48:32,422 [INFO] BlockDiagram:2740 - set Specific Code input for plugin: NVIC
2024-09-24 11:48:32,423 [INFO] BlockDiagram:2740 - set Specific Code input for plugin: SYS
2024-09-24 11:48:32,423 [INFO] BlockDiagram:2740 - set Specific Code input for plugin: GPIO
2024-09-24 11:48:32,423 [INFO] BlockDiagram:2740 - set Specific Code input for plugin: RCC
2024-09-24 11:48:32,423 [INFO] BlockDiagram:2740 - set Specific Code input for plugin: TIM1_8F1
2024-09-24 11:48:32,424 [INFO] CodeGenerator:663 - code generatio: config db path: C:\Users\thuyh\STM32CubeIDE_1.7.0\STM32CubeIDE\plugins\com.st.stm32cube.common.mx_6.3.0.202107141111\\db\
2024-09-24 11:48:32,737 [INFO] CodeEngine:239 - oldGeneratedFile, E:\microprocessor_ReportLab3\lab3_project\MXTmpFiles\license.tmp_save
2024-09-24 11:48:32,809 [INFO] CodeEngine:257 - Generated code: E:\microprocessor_ReportLab3\lab3_project\MXTmpFiles\license.tmp
2024-09-24 11:48:32,842 [INFO] CodeEngine:239 - oldGeneratedFile, E:\microprocessor_ReportLab3\lab3_project\MXTmpFiles\gpio.tmp_save
2024-09-24 11:48:32,925 [INFO] CodeEngine:257 - Generated code: E:\microprocessor_ReportLab3\lab3_project\MXTmpFiles\gpio.tmp
2024-09-24 11:48:33,067 [INFO] CodeEngine:239 - oldGeneratedFile, E:\microprocessor_ReportLab3\lab3_project\Core\Src\stm32f1xx_it.c_save
2024-09-24 11:48:33,177 [INFO] CodeEngine:257 - Generated code: E:\microprocessor_ReportLab3\lab3_project\Core\Src\stm32f1xx_it.c
2024-09-24 11:48:33,183 [INFO] CodeEngine:239 - oldGeneratedFile, E:\microprocessor_ReportLab3\lab3_project\Core\Inc\stm32f1xx_it.h_save
2024-09-24 11:48:33,258 [INFO] CodeEngine:257 - Generated code: E:\microprocessor_ReportLab3\lab3_project\Core\Inc\stm32f1xx_it.h
2024-09-24 11:48:33,284 [INFO] CodeEngine:239 - oldGeneratedFile, E:\microprocessor_ReportLab3\lab3_project\Core\Src\stm32f1xx_hal_msp.c_save
2024-09-24 11:48:33,400 [INFO] CodeEngine:257 - Generated code: E:\microprocessor_ReportLab3\lab3_project\Core\Src\stm32f1xx_hal_msp.c
2024-09-24 11:48:33,403 [INFO] CodeEngine:239 - oldGeneratedFile, E:\microprocessor_ReportLab3\lab3_project\MXTmpFiles\system.tmp_save
2024-09-24 11:48:33,474 [INFO] CodeEngine:257 - Generated code: E:\microprocessor_ReportLab3\lab3_project\MXTmpFiles\system.tmp
2024-09-24 11:48:33,495 [INFO] CodeEngine:239 - oldGeneratedFile, E:\microprocessor_ReportLab3\lab3_project\Core\Inc\stm32f1xx_hal_conf.h_save
2024-09-24 11:48:33,617 [INFO] CodeEngine:257 - Generated code: E:\microprocessor_ReportLab3\lab3_project\Core\Inc\stm32f1xx_hal_conf.h
2024-09-24 11:48:33,648 [WARN] IPConfigManager:3148 - IP not found : TIM
2024-09-24 11:48:33,648 [WARN] CodeGenerator:3268 - IP not found : null
2024-09-24 11:48:33,667 [INFO] CodeEngine:239 - oldGeneratedFile, E:\microprocessor_ReportLab3\lab3_project\Core\Inc\main.h_save
2024-09-24 11:48:33,760 [INFO] CodeEngine:257 - Generated code: E:\microprocessor_ReportLab3\lab3_project\Core\Inc\main.h
2024-09-24 11:48:33,773 [INFO] CodeEngine:239 - oldGeneratedFile, E:\microprocessor_ReportLab3\lab3_project\Core\Src\main.c_save
2024-09-24 11:48:34,053 [INFO] CodeEngine:257 - Generated code: E:\microprocessor_ReportLab3\lab3_project\Core\Src\main.c
2024-09-24 11:48:35,004 [INFO] ProjectBuilder:2578 - Time for Copy HAL[1] : 83mS.
2024-09-24 11:48:35,008 [INFO] ProjectBuilder:3622 - Project Generator version: 3.14.1
2024-09-24 11:48:35,719 [INFO] ConfigFileManager:1271 - The Die is : DIE412
2024-09-24 11:48:38,184 [INFO] ProjectBuilder:3789 - Time for Generating toolchain IDE Files: 3176mS.
2024-09-24 11:48:38,184 [INFO] ProjectBuilder:2457 - Time for Copy CMSIS : 0mS.
2024-09-24 11:48:38,187 [INFO] ProjectBuilder:2457 - Time for Copy CMSIS : 0mS.
2024-09-24 11:49:00,835 [INFO] UtilMem:74 - End SaveConfig() Used Memory: 450200376 Bytes (804257792)
2024-09-24 11:49:01,981 [INFO] UtilMem:74 - End SaveConfig() Used Memory: 477989688 Bytes (804257792)
2024-09-24 11:49:03,745 [INFO] UtilMem:74 - End SaveConfig() Used Memory: 570788664 Bytes (804257792)
2024-09-24 11:49:04,333 [INFO] BlockDiagram:2740 - set Specific Code input for plugin: NVIC
2024-09-24 11:49:04,333 [INFO] BlockDiagram:2740 - set Specific Code input for plugin: SYS
2024-09-24 11:49:04,335 [INFO] BlockDiagram:2740 - set Specific Code input for plugin: GPIO
2024-09-24 11:49:04,335 [INFO] BlockDiagram:2740 - set Specific Code input for plugin: RCC
2024-09-24 11:49:04,335 [INFO] BlockDiagram:2740 - set Specific Code input for plugin: TIM1_8F1
2024-09-24 11:49:04,335 [INFO] CodeGenerator:663 - code generatio: config db path: C:\Users\thuyh\STM32CubeIDE_1.7.0\STM32CubeIDE\plugins\com.st.stm32cube.common.mx_6.3.0.202107141111\\db\
2024-09-24 11:49:04,710 [INFO] CodeEngine:239 - oldGeneratedFile, E:\microprocessor_ReportLab3\lab3_project\MXTmpFiles\license.tmp_save
2024-09-24 11:49:04,766 [INFO] CodeEngine:257 - Generated code: E:\microprocessor_ReportLab3\lab3_project\MXTmpFiles\license.tmp
2024-09-24 11:49:04,800 [INFO] CodeEngine:239 - oldGeneratedFile, E:\microprocessor_ReportLab3\lab3_project\MXTmpFiles\gpio.tmp_save
2024-09-24 11:49:04,882 [INFO] CodeEngine:257 - Generated code: E:\microprocessor_ReportLab3\lab3_project\MXTmpFiles\gpio.tmp
2024-09-24 11:49:05,017 [INFO] CodeEngine:239 - oldGeneratedFile, E:\microprocessor_ReportLab3\lab3_project\Core\Src\stm32f1xx_it.c_save
2024-09-24 11:49:05,225 [INFO] CodeEngine:257 - Generated code: E:\microprocessor_ReportLab3\lab3_project\Core\Src\stm32f1xx_it.c
2024-09-24 11:49:05,230 [INFO] CodeEngine:239 - oldGeneratedFile, E:\microprocessor_ReportLab3\lab3_project\Core\Inc\stm32f1xx_it.h_save
2024-09-24 11:49:05,292 [INFO] CodeEngine:257 - Generated code: E:\microprocessor_ReportLab3\lab3_project\Core\Inc\stm32f1xx_it.h
2024-09-24 11:49:05,315 [INFO] CodeEngine:239 - oldGeneratedFile, E:\microprocessor_ReportLab3\lab3_project\Core\Src\stm32f1xx_hal_msp.c_save
2024-09-24 11:49:05,431 [INFO] CodeEngine:257 - Generated code: E:\microprocessor_ReportLab3\lab3_project\Core\Src\stm32f1xx_hal_msp.c
2024-09-24 11:49:05,436 [INFO] CodeEngine:239 - oldGeneratedFile, E:\microprocessor_ReportLab3\lab3_project\MXTmpFiles\system.tmp_save
2024-09-24 11:49:05,486 [INFO] CodeEngine:257 - Generated code: E:\microprocessor_ReportLab3\lab3_project\MXTmpFiles\system.tmp
2024-09-24 11:49:05,508 [INFO] CodeEngine:239 - oldGeneratedFile, E:\microprocessor_ReportLab3\lab3_project\Core\Inc\stm32f1xx_hal_conf.h_save
2024-09-24 11:49:05,636 [INFO] CodeEngine:257 - Generated code: E:\microprocessor_ReportLab3\lab3_project\Core\Inc\stm32f1xx_hal_conf.h
2024-09-24 11:49:05,666 [WARN] IPConfigManager:3148 - IP not found : TIM
2024-09-24 11:49:05,666 [WARN] CodeGenerator:3268 - IP not found : null
2024-09-24 11:49:05,683 [INFO] CodeEngine:239 - oldGeneratedFile, E:\microprocessor_ReportLab3\lab3_project\Core\Inc\main.h_save
2024-09-24 11:49:05,781 [INFO] CodeEngine:257 - Generated code: E:\microprocessor_ReportLab3\lab3_project\Core\Inc\main.h
2024-09-24 11:49:05,797 [INFO] CodeEngine:239 - oldGeneratedFile, E:\microprocessor_ReportLab3\lab3_project\Core\Src\main.c_save
2024-09-24 11:49:05,938 [INFO] CodeEngine:257 - Generated code: E:\microprocessor_ReportLab3\lab3_project\Core\Src\main.c
2024-09-24 11:49:07,205 [INFO] ProjectBuilder:2578 - Time for Copy HAL[1] : 89mS.
2024-09-24 11:49:07,209 [INFO] ProjectBuilder:3622 - Project Generator version: 3.14.1
2024-09-24 11:49:08,009 [INFO] ConfigFileManager:1271 - The Die is : DIE412
2024-09-24 11:49:10,287 [INFO] ProjectBuilder:3789 - Time for Generating toolchain IDE Files: 3078mS.
2024-09-24 11:49:10,288 [INFO] ProjectBuilder:2457 - Time for Copy CMSIS : 0mS.
2024-09-24 11:49:10,291 [INFO] ProjectBuilder:2457 - Time for Copy CMSIS : 0mS.
2024-09-27 09:19:34,856 [INFO] Activator:177 - 


2024-09-27 09:19:34,859 [INFO] Activator:178 - !SESSION log4j initialized
2024-09-27 11:38:47,476 [INFO] McuFinderGlobals:39 - Set McuFinder mode to 2 (CubeIDE integrated)
2024-09-27 11:38:48,502 [INFO] ApplicationProperties:181 - Using Application install path: C:\Users\thuyh\STM32CubeIDE_1.7.0\STM32CubeIDE\plugins\com.st.stm32cube.common.mx_6.3.0.202107141111
2024-09-27 11:38:48,537 [INFO] DbMcusXml:74 - Set database path to: C:\Users\thuyh\STM32CubeIDE_1.7.0\STM32CubeIDE\plugins\com.st.stm32cube.common.mx_6.3.0.202107141111\\db\/mcu/
2024-09-27 11:38:48,546 [INFO] DbBoardsPdsc:56 - Set plugin database path to: C:\Users\thuyh\STM32CubeIDE_1.7.0\STM32CubeIDE\plugins\com.st.stm32cube.common.mx_6.3.0.202107141111\\db\/plugins/boardmanager/
2024-09-27 11:38:48,550 [INFO] DbMcus:258 - Set plugin images path to: C:\Users\thuyh\STM32CubeIDE_1.7.0\STM32CubeIDE\plugins\com.st.stm32cube.common.mx_6.3.0.202107141111\\db\/plugins/mcufinder/images/
2024-09-27 11:38:48,550 [INFO] DbBoards:264 - Set plugin images path to: C:\Users\thuyh\STM32CubeIDE_1.7.0\STM32CubeIDE\plugins\com.st.stm32cube.common.mx_6.3.0.202107141111\\db\/plugins/mcufinder/images/
2024-09-27 11:38:48,555 [INFO] DbExamples:333 - Set plugin images path to: C:\Users\thuyh\STM32CubeIDE_1.7.0\STM32CubeIDE\plugins\com.st.stm32cube.common.mx_6.3.0.202107141111\\db\/plugins/mcufinder/images/
2024-09-27 11:38:48,566 [INFO] DbMcusAds:119 - Set database path to: C:\Users\thuyh\.stmcufinder\plugins\mcufinder//mcu/
2024-09-27 11:38:48,566 [INFO] DbMcusDocs:110 - Set database path to: C:\Users\thuyh\.stmcufinder\plugins\mcufinder//mcu/
2024-09-27 11:38:48,578 [INFO] DbMcusJson:64 - Set database path to: C:\Users\thuyh\.stmcufinder\plugins\mcufinder//mcu/
2024-09-27 11:38:48,578 [INFO] DbBoardsDocs:110 - Set database path to: C:\Users\thuyh\.stmcufinder\plugins\mcufinder//mcu/
2024-09-27 11:38:48,581 [INFO] DbBoardsJson:57 - Set database path to: C:\Users\thuyh\.stmcufinder\plugins\mcufinder//mcu/
2024-09-27 11:38:59,056 [INFO] CrossReferenceDbSqlite:196 - Set database path to: C:\Users\thuyh\.stmcufinder\plugins\mcufinder//mcu/cs/
2024-09-27 11:38:59,058 [INFO] DbExamplesSqlite:767 - Set database path to: C:\Users\thuyh\.stmcufinder\plugins\mcufinder//mcu/
2024-09-27 11:38:59,596 [INFO] RulesReader:57 - Compatibility file has been processed (242 Rules)
2024-09-27 11:38:59,768 [INFO] DbMcusXml:74 - Set database path to: C:\Users\thuyh\STM32CubeIDE_1.7.0\STM32CubeIDE\plugins\com.st.stm32cube.common.mx_6.3.0.202107141111\\db\/mcu/
2024-09-27 11:38:59,776 [INFO] DbBoardsPdsc:56 - Set plugin database path to: C:\Users\thuyh\STM32CubeIDE_1.7.0\STM32CubeIDE\plugins\com.st.stm32cube.common.mx_6.3.0.202107141111\\db\/plugins/boardmanager/
2024-09-27 11:38:59,776 [INFO] DbMcus:258 - Set plugin images path to: C:\Users\thuyh\STM32CubeIDE_1.7.0\STM32CubeIDE\plugins\com.st.stm32cube.common.mx_6.3.0.202107141111\\db\/plugins/mcufinder/images/
2024-09-27 11:38:59,776 [INFO] DbBoards:264 - Set plugin images path to: C:\Users\thuyh\STM32CubeIDE_1.7.0\STM32CubeIDE\plugins\com.st.stm32cube.common.mx_6.3.0.202107141111\\db\/plugins/mcufinder/images/
2024-09-27 11:38:59,778 [INFO] DbExamples:333 - Set plugin images path to: C:\Users\thuyh\STM32CubeIDE_1.7.0\STM32CubeIDE\plugins\com.st.stm32cube.common.mx_6.3.0.202107141111\\db\/plugins/mcufinder/images/
2024-09-27 11:38:59,778 [WARN] DbFile:35 - Overriding database path with different value: C:\Users\thuyh\.stmcufinder\plugins\mcufinder/ => C:\Users\thuyh\.stmcufinder\plugins\mcufinder
2024-09-27 11:38:59,778 [INFO] DbMcusAds:119 - Set database path to: C:\Users\thuyh\.stmcufinder\plugins\mcufinder//mcu/
2024-09-27 11:38:59,778 [WARN] DbFile:35 - Overriding database path with different value: C:\Users\thuyh\.stmcufinder\plugins\mcufinder/ => C:\Users\thuyh\.stmcufinder\plugins\mcufinder
2024-09-27 11:38:59,778 [INFO] DbMcusDocs:110 - Set database path to: C:\Users\thuyh\.stmcufinder\plugins\mcufinder//mcu/
2024-09-27 11:38:59,778 [WARN] DbFile:35 - Overriding database path with different value: C:\Users\thuyh\.stmcufinder\plugins\mcufinder/ => C:\Users\thuyh\.stmcufinder\plugins\mcufinder
2024-09-27 11:38:59,778 [INFO] DbMcusJson:64 - Set database path to: C:\Users\thuyh\.stmcufinder\plugins\mcufinder//mcu/
2024-09-27 11:38:59,778 [WARN] DbFile:35 - Overriding database path with different value: C:\Users\thuyh\.stmcufinder\plugins\mcufinder/ => C:\Users\thuyh\.stmcufinder\plugins\mcufinder
2024-09-27 11:38:59,778 [INFO] DbBoardsDocs:110 - Set database path to: C:\Users\thuyh\.stmcufinder\plugins\mcufinder//mcu/
2024-09-27 11:38:59,778 [WARN] DbFile:35 - Overriding database path with different value: C:\Users\thuyh\.stmcufinder\plugins\mcufinder/ => C:\Users\thuyh\.stmcufinder\plugins\mcufinder
2024-09-27 11:38:59,778 [INFO] DbBoardsJson:57 - Set database path to: C:\Users\thuyh\.stmcufinder\plugins\mcufinder//mcu/
2024-09-27 11:38:59,778 [WARN] DbFile:35 - Overriding database path with different value: C:\Users\thuyh\.stmcufinder\plugins\mcufinder/ => C:\Users\thuyh\.stmcufinder\plugins\mcufinder
2024-09-27 11:38:59,778 [WARN] DbFile:35 - Overriding database path with different value: C:\Users\thuyh\.stmcufinder\plugins\mcufinder/ => C:\Users\thuyh\.stmcufinder\plugins\mcufinder
2024-09-27 11:38:59,778 [INFO] CrossReferenceDbSqlite:196 - Set database path to: C:\Users\thuyh\.stmcufinder\plugins\mcufinder//mcu/cs/
2024-09-27 11:38:59,778 [WARN] DbFile:35 - Overriding database path with different value: C:\Users\thuyh\.stmcufinder\plugins\mcufinder/ => C:\Users\thuyh\.stmcufinder\plugins\mcufinder
2024-09-27 11:38:59,778 [INFO] DbExamplesSqlite:767 - Set database path to: C:\Users\thuyh\.stmcufinder\plugins\mcufinder//mcu/
2024-09-27 11:38:59,876 [INFO] MainPanel:214 - HeapMemory: 864026624
2024-09-27 11:39:00,021 [INFO] DbMcusXml:74 - Set database path to: C:\Users\thuyh\STM32CubeIDE_1.7.0\STM32CubeIDE\plugins\com.st.stm32cube.common.mx_6.3.0.202107141111\\db\/mcu/
2024-09-27 11:39:00,021 [INFO] DbBoardsPdsc:56 - Set plugin database path to: C:\Users\thuyh\STM32CubeIDE_1.7.0\STM32CubeIDE\plugins\com.st.stm32cube.common.mx_6.3.0.202107141111\\db\/plugins/boardmanager/
2024-09-27 11:39:00,021 [INFO] DbMcus:258 - Set plugin images path to: C:\Users\thuyh\STM32CubeIDE_1.7.0\STM32CubeIDE\plugins\com.st.stm32cube.common.mx_6.3.0.202107141111\\db\/plugins/mcufinder/images/
2024-09-27 11:39:00,025 [INFO] DbBoards:264 - Set plugin images path to: C:\Users\thuyh\STM32CubeIDE_1.7.0\STM32CubeIDE\plugins\com.st.stm32cube.common.mx_6.3.0.202107141111\\db\/plugins/mcufinder/images/
2024-09-27 11:39:00,025 [INFO] DbExamples:333 - Set plugin images path to: C:\Users\thuyh\STM32CubeIDE_1.7.0\STM32CubeIDE\plugins\com.st.stm32cube.common.mx_6.3.0.202107141111\\db\/plugins/mcufinder/images/
2024-09-27 11:39:00,026 [WARN] DbFile:35 - Overriding database path with different value: C:\Users\thuyh\.stmcufinder\plugins\mcufinder/ => C:\Users\thuyh\.stmcufinder\plugins\mcufinder
2024-09-27 11:39:00,026 [INFO] DbMcusAds:119 - Set database path to: C:\Users\thuyh\.stmcufinder\plugins\mcufinder//mcu/
2024-09-27 11:39:00,026 [WARN] DbFile:35 - Overriding database path with different value: C:\Users\thuyh\.stmcufinder\plugins\mcufinder/ => C:\Users\thuyh\.stmcufinder\plugins\mcufinder
2024-09-27 11:39:00,026 [INFO] DbMcusDocs:110 - Set database path to: C:\Users\thuyh\.stmcufinder\plugins\mcufinder//mcu/
2024-09-27 11:39:00,026 [WARN] DbFile:35 - Overriding database path with different value: C:\Users\thuyh\.stmcufinder\plugins\mcufinder/ => C:\Users\thuyh\.stmcufinder\plugins\mcufinder
2024-09-27 11:39:00,026 [INFO] DbMcusJson:64 - Set database path to: C:\Users\thuyh\.stmcufinder\plugins\mcufinder//mcu/
2024-09-27 11:39:00,026 [WARN] DbFile:35 - Overriding database path with different value: C:\Users\thuyh\.stmcufinder\plugins\mcufinder/ => C:\Users\thuyh\.stmcufinder\plugins\mcufinder
2024-09-27 11:39:00,026 [INFO] DbBoardsDocs:110 - Set database path to: C:\Users\thuyh\.stmcufinder\plugins\mcufinder//mcu/
2024-09-27 11:39:00,026 [WARN] DbFile:35 - Overriding database path with different value: C:\Users\thuyh\.stmcufinder\plugins\mcufinder/ => C:\Users\thuyh\.stmcufinder\plugins\mcufinder
2024-09-27 11:39:00,026 [INFO] DbBoardsJson:57 - Set database path to: C:\Users\thuyh\.stmcufinder\plugins\mcufinder//mcu/
2024-09-27 11:39:00,026 [WARN] DbFile:35 - Overriding database path with different value: C:\Users\thuyh\.stmcufinder\plugins\mcufinder/ => C:\Users\thuyh\.stmcufinder\plugins\mcufinder
2024-09-27 11:39:00,026 [WARN] DbFile:35 - Overriding database path with different value: C:\Users\thuyh\.stmcufinder\plugins\mcufinder/ => C:\Users\thuyh\.stmcufinder\plugins\mcufinder
2024-09-27 11:39:00,026 [INFO] CrossReferenceDbSqlite:196 - Set database path to: C:\Users\thuyh\.stmcufinder\plugins\mcufinder//mcu/cs/
2024-09-27 11:39:00,026 [WARN] DbFile:35 - Overriding database path with different value: C:\Users\thuyh\.stmcufinder\plugins\mcufinder/ => C:\Users\thuyh\.stmcufinder\plugins\mcufinder
2024-09-27 11:39:00,026 [INFO] DbExamplesSqlite:767 - Set database path to: C:\Users\thuyh\.stmcufinder\plugins\mcufinder//mcu/
2024-09-27 11:39:00,052 [INFO] ApplicationProperties:181 - Using Application install path: C:\Users\thuyh\STM32CubeIDE_1.7.0\STM32CubeIDE\plugins\com.st.stm32cube.common.mx_6.3.0.202107141111
2024-09-27 11:39:00,052 [INFO] PluginManage:188 - Search for loadable plugins [exclusion list=, ]
2024-09-27 11:39:00,052 [INFO] PluginManage:302 - Check plugin analytics
2024-09-27 11:39:00,298 [INFO] AnalyticsPlugin:257 - Accepted Software Licenses: 
2024-09-27 11:39:00,307 [INFO] AnalyticsPlugin:259 - Accepted CMSIS Pack Licenses: 
2024-09-27 11:39:00,307 [INFO] AnalyticsPlugin:261 - Accepted Firmware Licenses: 
2024-09-27 11:39:00,307 [INFO] PluginManage:352 - Loaded plugin analytics (category:tool,tabindex:-1)
2024-09-27 11:39:00,307 [INFO] PluginManage:302 - Check plugin clock
2024-09-27 11:39:00,345 [INFO] PluginManage:352 - Loaded plugin clock (category:base,tabindex:2)
2024-09-27 11:39:00,345 [INFO] PluginManage:302 - Check plugin ddr
2024-09-27 11:39:00,346 [INFO] PluginManage:352 - Loaded plugin ddr (category:tool,tabindex:6)
2024-09-27 11:39:00,346 [INFO] PluginManage:302 - Check plugin filemanager
2024-09-27 11:39:00,536 [INFO] PluginManage:352 - Loaded plugin filemanager (category:base,tabindex:10)
2024-09-27 11:39:00,536 [INFO] PluginManage:302 - Check plugin ipmanager
2024-09-27 11:39:00,556 [INFO] PluginManage:352 - Loaded plugin ipmanager (category:base,tabindex:5)
2024-09-27 11:39:00,556 [INFO] PluginManage:302 - Check plugin pinoutandconfiguration
2024-09-27 11:39:00,585 [INFO] PluginManage:352 - Loaded plugin pinoutandconfiguration (category:base,tabindex:1)
2024-09-27 11:39:00,585 [INFO] PluginManage:302 - Check plugin pinoutconfig
2024-09-27 11:39:00,637 [INFO] PluginManage:352 - Loaded plugin pinoutconfig (category:base,tabindex:0)
2024-09-27 11:39:00,637 [INFO] PluginManage:302 - Check plugin power
2024-09-27 11:39:00,666 [INFO] PluginManage:352 - Loaded plugin power (category:power,tabindex:4)
2024-09-27 11:39:00,666 [INFO] PluginManage:302 - Check plugin projectmanager
2024-09-27 11:39:00,696 [INFO] PluginManage:352 - Loaded plugin projectmanager (category:projectmanager,tabindex:3)
2024-09-27 11:39:00,696 [INFO] PluginManage:302 - Check plugin thirdparty
2024-09-27 11:39:01,136 [WARN] IntegrityCheckThread:78 - waiting for thirdparty lock release [integrity check]
2024-09-27 11:39:01,145 [INFO] PluginManage:352 - Loaded plugin thirdparty (category:base,tabindex:-1)
2024-09-27 11:39:01,156 [INFO] IntegrityCheckThread:80 - entering critical section [integrity check]
2024-09-27 11:39:01,156 [INFO] PluginManage:302 - Check plugin tools
2024-09-27 11:39:01,156 [INFO] ThirdPartyUpdaterWithRetryManager:66 - Updater plugin not ready yet. [1/15]
2024-09-27 11:39:01,317 [INFO] PluginManage:352 - Loaded plugin tools (category:base,tabindex:7)
2024-09-27 11:39:01,317 [INFO] PluginManage:302 - Check plugin tutovideos
2024-09-27 11:39:02,107 [INFO] PluginManage:352 - Loaded plugin tutovideos (category:base,tabindex:-1)
2024-09-27 11:39:02,107 [INFO] PluginManage:302 - Check plugin updater
2024-09-27 11:39:02,196 [INFO] PluginManage:352 - Loaded plugin updater (category:base,tabindex:12)
2024-09-27 11:39:02,200 [INFO] PluginManage:275 - PluginManage : Loaded plugins [13]
2024-09-27 11:39:02,760 [INFO] PinOutPanel:1463 - setPackage(No Configuration,No Configuration)
2024-09-27 11:39:03,147 [INFO] IPUIPlugin:74 - create IPUIPlugin
2024-09-27 11:39:03,147 [INFO] PluginManager:213 - loadIPPluginJar : add adc
2024-09-27 11:39:03,305 [INFO] IPUIPlugin:74 - create IPUIPlugin
2024-09-27 11:39:03,306 [INFO] PluginManager:213 - loadIPPluginJar : add aes
2024-09-27 11:39:03,447 [INFO] IPUIPlugin:74 - create IPUIPlugin
2024-09-27 11:39:03,447 [INFO] PluginManager:213 - loadIPPluginJar : add can
2024-09-27 11:39:03,546 [INFO] IPUIPlugin:74 - create IPUIPlugin
2024-09-27 11:39:03,546 [INFO] PluginManager:213 - loadIPPluginJar : add comp
2024-09-27 11:39:03,685 [INFO] IPUIPlugin:74 - create IPUIPlugin
2024-09-27 11:39:03,687 [INFO] PluginManager:213 - loadIPPluginJar : add cryp
2024-09-27 11:39:03,898 [INFO] IPUIPlugin:74 - create IPUIPlugin
2024-09-27 11:39:03,898 [INFO] PluginManager:213 - loadIPPluginJar : add dfsdm
2024-09-27 11:39:03,988 [INFO] IPUIPlugin:74 - create IPUIPlugin
2024-09-27 11:39:03,988 [INFO] PluginManager:213 - loadIPPluginJar : add dma
2024-09-27 11:39:04,186 [INFO] ThirdPartyUpdaterWithRetryManager:66 - Updater plugin not ready yet. [2/15]
2024-09-27 11:39:04,238 [INFO] IPUIPlugin:74 - create IPUIPlugin
2024-09-27 11:39:04,239 [INFO] PluginManager:213 - loadIPPluginJar : add dma3
2024-09-27 11:39:04,339 [INFO] IPUIPlugin:74 - create IPUIPlugin
2024-09-27 11:39:04,339 [INFO] PluginManager:213 - loadIPPluginJar : add fatfs
2024-09-27 11:39:04,566 [INFO] IPUIPlugin:74 - create IPUIPlugin
2024-09-27 11:39:04,566 [INFO] PluginManager:213 - loadIPPluginJar : add fmc
2024-09-27 11:39:04,613 [INFO] IPUIPlugin:74 - create IPUIPlugin
2024-09-27 11:39:04,616 [INFO] PluginManager:213 - loadIPPluginJar : add freertos
2024-09-27 11:39:04,708 [INFO] IPUIPlugin:74 - create IPUIPlugin
2024-09-27 11:39:04,708 [INFO] PluginManager:213 - loadIPPluginJar : add genericplugin
2024-09-27 11:39:05,267 [INFO] IPUIPlugin:74 - create IPUIPlugin
2024-09-27 11:39:05,267 [INFO] PluginManager:213 - loadIPPluginJar : add gfxmmu
2024-09-27 11:39:05,948 [INFO] IPUIPlugin:74 - create IPUIPlugin
2024-09-27 11:39:05,948 [INFO] PluginManager:213 - loadIPPluginJar : add gic
2024-09-27 11:39:06,210 [INFO] IPUIPlugin:74 - create IPUIPlugin
2024-09-27 11:39:06,213 [INFO] PluginManager:213 - loadIPPluginJar : add gpio
2024-09-27 11:39:07,147 [INFO] IPUIPlugin:74 - create IPUIPlugin
2024-09-27 11:39:07,158 [INFO] PluginManager:213 - loadIPPluginJar : add gtzc
2024-09-27 11:39:07,200 [INFO] ThirdPartyUpdaterWithRetryManager:66 - Updater plugin not ready yet. [3/15]
2024-09-27 11:39:07,466 [INFO] IPUIPlugin:74 - create IPUIPlugin
2024-09-27 11:39:07,466 [INFO] PluginManager:213 - loadIPPluginJar : add hash
2024-09-27 11:39:07,666 [INFO] IPUIPlugin:74 - create IPUIPlugin
2024-09-27 11:39:07,666 [INFO] PluginManager:213 - loadIPPluginJar : add i2c
2024-09-27 11:39:07,828 [INFO] IPUIPlugin:74 - create IPUIPlugin
2024-09-27 11:39:07,835 [INFO] PluginManager:213 - loadIPPluginJar : add i2s
2024-09-27 11:39:07,895 [INFO] IPUIPlugin:74 - create IPUIPlugin
2024-09-27 11:39:07,896 [INFO] PluginManager:213 - loadIPPluginJar : add ipddr
2024-09-27 11:39:08,567 [INFO] IPUIPlugin:74 - create IPUIPlugin
2024-09-27 11:39:08,567 [INFO] PluginManager:213 - loadIPPluginJar : add linkedlist
2024-09-27 11:39:08,758 [INFO] IPUIPlugin:74 - create IPUIPlugin
2024-09-27 11:39:08,758 [INFO] PluginManager:213 - loadIPPluginJar : add lorawan
2024-09-27 11:39:09,065 [INFO] IPUIPlugin:74 - create IPUIPlugin
2024-09-27 11:39:09,066 [INFO] PluginManager:213 - loadIPPluginJar : add ltdc
2024-09-27 11:39:09,148 [INFO] IPUIPlugin:74 - create IPUIPlugin
2024-09-27 11:39:09,148 [INFO] PluginManager:213 - loadIPPluginJar : add mdma
2024-09-27 11:39:09,187 [INFO] IPUIPlugin:74 - create IPUIPlugin
2024-09-27 11:39:09,195 [INFO] PluginManager:213 - loadIPPluginJar : add nvic
2024-09-27 11:39:09,378 [INFO] IPUIPlugin:74 - create IPUIPlugin
2024-09-27 11:39:09,386 [INFO] PluginManager:213 - loadIPPluginJar : add opamp
2024-09-27 11:39:09,748 [INFO] IPUIPlugin:74 - create IPUIPlugin
2024-09-27 11:39:09,748 [INFO] PluginManager:213 - loadIPPluginJar : add openamp
2024-09-27 11:39:09,979 [INFO] IPUIPlugin:74 - create IPUIPlugin
2024-09-27 11:39:09,985 [INFO] PluginManager:213 - loadIPPluginJar : add pdm2pcm
2024-09-27 11:39:10,076 [INFO] IPUIPlugin:74 - create IPUIPlugin
2024-09-27 11:39:10,096 [INFO] PluginManager:213 - loadIPPluginJar : add plateformsettings
2024-09-27 11:39:10,196 [INFO] IPUIPlugin:74 - create IPUIPlugin
2024-09-27 11:39:10,199 [INFO] PluginManager:213 - loadIPPluginJar : add quadspi
2024-09-27 11:39:10,238 [INFO] IPUIPlugin:74 - create IPUIPlugin
2024-09-27 11:39:10,241 [INFO] PluginManager:213 - loadIPPluginJar : add resmgrutility
2024-09-27 11:39:10,445 [INFO] IPUIPlugin:74 - create IPUIPlugin
2024-09-27 11:39:10,446 [INFO] PluginManager:213 - loadIPPluginJar : add sai
2024-09-27 11:39:10,566 [INFO] ThirdPartyUpdaterWithRetryManager:66 - Updater plugin not ready yet. [4/15]
2024-09-27 11:39:10,590 [INFO] IPUIPlugin:74 - create IPUIPlugin
2024-09-27 11:39:10,595 [INFO] PluginManager:213 - loadIPPluginJar : add spi
2024-09-27 11:39:10,878 [INFO] IPUIPlugin:74 - create IPUIPlugin
2024-09-27 11:39:10,886 [INFO] PluginManager:213 - loadIPPluginJar : add stm32_wpan
2024-09-27 11:39:11,116 [INFO] IPUIPlugin:74 - create IPUIPlugin
2024-09-27 11:39:11,120 [INFO] PluginManager:213 - loadIPPluginJar : add tim
2024-09-27 11:39:11,356 [INFO] IPUIPlugin:74 - create IPUIPlugin
2024-09-27 11:39:11,356 [INFO] PluginManager:213 - loadIPPluginJar : add touchsensing
2024-09-27 11:39:11,456 [INFO] IPUIPlugin:74 - create IPUIPlugin
2024-09-27 11:39:11,456 [INFO] PluginManager:213 - loadIPPluginJar : add tracer_emb
2024-09-27 11:39:11,518 [INFO] IPUIPlugin:74 - create IPUIPlugin
2024-09-27 11:39:11,518 [INFO] PluginManager:213 - loadIPPluginJar : add ts
2024-09-27 11:39:11,595 [INFO] IPUIPlugin:74 - create IPUIPlugin
2024-09-27 11:39:11,596 [INFO] PluginManager:213 - loadIPPluginJar : add tsc
2024-09-27 11:39:11,675 [INFO] IPUIPlugin:74 - create IPUIPlugin
2024-09-27 11:39:11,676 [INFO] PluginManager:213 - loadIPPluginJar : add ucpd
2024-09-27 11:39:11,788 [INFO] IPUIPlugin:74 - create IPUIPlugin
2024-09-27 11:39:11,788 [INFO] PluginManager:213 - loadIPPluginJar : add usart
2024-09-27 11:39:11,878 [INFO] IPUIPlugin:74 - create IPUIPlugin
2024-09-27 11:39:11,878 [INFO] PluginManager:213 - loadIPPluginJar : add usbx
2024-09-27 11:39:12,466 [FATAL] Updater:294 - Updater called before beeing initialized
2024-09-27 11:39:12,636 [FATAL] Updater:294 - Updater called before beeing initialized
2024-09-27 11:39:12,648 [INFO] DbMcusAds:47 - JSON generation date=Fri Sep 20 20:04:23 ICT 2024 (1726837463113)
2024-09-27 11:39:12,652 [FATAL] Updater:294 - Updater called before beeing initialized
2024-09-27 11:39:12,806 [WARN] DetailPanel:314 - Failed to get advertising image, set to default
2024-09-27 11:39:13,086 [FATAL] Updater:294 - Updater called before beeing initialized
2024-09-27 11:39:13,086 [FATAL] Updater:294 - Updater called before beeing initialized
2024-09-27 11:39:13,086 [FATAL] Updater:294 - Updater called before beeing initialized
2024-09-27 11:39:13,086 [WARN] DetailPanel:314 - Failed to get advertising image, set to default
2024-09-27 11:39:13,086 [FATAL] Updater:294 - Updater called before beeing initialized
2024-09-27 11:39:13,226 [ERROR] Updater:1075 - MainUpdater not yet initialized. External WinMGr cannot be set.
2024-09-27 11:39:13,245 [INFO] Updater:1012 - Updater Version found : 6.3.0
2024-09-27 11:39:13,276 [INFO] ApplicationProperties:181 - Using Application install path: C:\Users\thuyh\STM32CubeIDE_1.7.0\STM32CubeIDE\plugins\com.st.stm32cube.common.mx_6.3.0.202107141111
2024-09-27 11:39:13,585 [INFO] ThirdPartyUpdaterWithRetryManager:66 - Updater plugin not ready yet. [5/15]
2024-09-27 11:39:13,715 [INFO] MainUpdater:2671 - connection check result : 10
2024-09-27 11:39:13,716 [INFO] MainUpdater:265 - Updater Check For Update Now.
2024-09-27 11:39:13,716 [INFO] MicroXplorer:478 - Change Database Version : DB.6.0.30
2024-09-27 11:39:13,950 [INFO] CheckServerUpdateThread:112 - End of CheckServer Thread
2024-09-27 11:39:13,981 [INFO] MainUpdater:2671 - connection check result : 10
2024-09-27 11:39:13,987 [INFO] MainUpdater:2671 - connection check result : 10
2024-09-27 11:39:14,596 [INFO] MicroXplorer:448 - Change Database Path : 
2024-09-27 11:39:14,605 [INFO] MicroXplorer:478 - Change Database Version : DB.6.0.30
2024-09-27 11:39:14,606 [WARN] ThirdParty:813 - waiting for thirdparty lock release [close project]
2024-09-27 11:39:17,188 [ERROR] Engine:463 - C:\Users\thuyh\.stm32cubemx\thirdparties\pdsc\STMicroelectronics.FP-SNS-MOTENVWB1.1.4.0.pdsc: PDSC version is not supported
2024-09-27 11:39:17,216 [ERROR] Engine:463 - C:\Users\thuyh\.stm32cubemx\thirdparties\pdsc\STMicroelectronics.X-CUBE-SMBUS.2.1.0.pdsc: PDSC version is not supported
2024-09-27 11:39:17,405 [WARN] PackLoader:238 - Cannot read IP mode file for STMicroelectronics.X-CUBE-AZRTOS-F7.1.1.0
2024-09-27 11:39:17,718 [WARN] PackLoader:238 - Cannot read IP mode file for STMicroelectronics.X-CUBE-MEMS1.11.0.0
2024-09-27 11:39:19,567 [ERROR] Engine:463 - C:\Users\thuyh\.stm32cubemx\thirdparties\pdsc\STMicroelectronics.FP-SNS-FLIGHT1.5.0.2.pdsc: PDSC version is not supported
2024-09-27 11:39:19,626 [ERROR] Engine:463 - C:\Users\thuyh\.stm32cubemx\thirdparties\pdsc\STMicroelectronics.X-CUBE-DISPLAY.3.0.0.pdsc: PDSC version is not supported
2024-09-27 11:39:19,910 [WARN] PackLoader:238 - Cannot read IP mode file for STMicroelectronics.X-CUBE-BLE1.7.0.0
2024-09-27 11:39:19,937 [ERROR] Engine:463 - C:\Users\thuyh\.stm32cubemx\thirdparties\pdsc\emotas.I-CUBE-CANOPEN.1.3.0.pdsc: PDSC version is not supported
2024-09-27 11:39:20,008 [ERROR] Engine:463 - C:\Users\thuyh\.stm32cubemx\thirdparties\pdsc\STMicroelectronics.X-CUBE-BLEMGR.3.1.0.pdsc: PDSC version is not supported
2024-09-27 11:39:20,047 [ERROR] Engine:463 - C:\Users\thuyh\.stm32cubemx\thirdparties\pdsc\STMicroelectronics.FP-SNS-SMARTAG2.1.2.0.pdsc: PDSC version is not supported
2024-09-27 11:39:20,096 [INFO] LogOutputStream:76 - [STDOUT_REDIRECT] 1 : Invalid condition id : UX_CORESTACK_Condition cause : null
2024-09-27 11:39:20,267 [INFO] LogOutputStream:76 - [STDOUT_REDIRECT] 1 : Invalid condition id : UX_CORESTACK_Condition cause : null
2024-09-27 11:39:20,267 [INFO] LogOutputStream:76 - [STDOUT_REDIRECT] 1 : Invalid condition id : UX_CORESTACK_Condition cause : null
2024-09-27 11:39:20,271 [INFO] LogOutputStream:76 - [STDOUT_REDIRECT] 1 : Invalid condition id : UX_CORESTACK_Condition cause : null
2024-09-27 11:39:20,278 [INFO] LogOutputStream:76 - [STDOUT_REDIRECT] 1 : Invalid condition id : UX_CORESTACK_Condition cause : null
2024-09-27 11:39:20,307 [WARN] PackLoader:238 - Cannot read IP mode file for STMicroelectronics.X-CUBE-AZRTOS-WL.2.0.0
2024-09-27 11:39:20,350 [ERROR] Engine:463 - C:\Users\thuyh\.stm32cubemx\thirdparties\pdsc\STMicroelectronics.FP-SNS-MOTENV1.5.0.0.pdsc: PDSC version is not supported
2024-09-27 11:39:20,387 [WARN] PackLoader:238 - Cannot read IP mode file for wolfSSL.I-CUBE-wolfMQTT.1.19.0
2024-09-27 11:39:20,716 [WARN] PackLoader:238 - Cannot read IP mode file for WES.I-CUBE-Cesium.1.3.0
2024-09-27 11:39:20,857 [WARN] PackLoader:238 - Cannot read IP mode file for STMicroelectronics.X-CUBE-BLE2.3.3.0
2024-09-27 11:39:20,886 [ERROR] Engine:463 - C:\Users\thuyh\.stm32cubemx\thirdparties\pdsc\STMicroelectronics.X-CUBE-TCPP.4.1.0.pdsc: PDSC version is not supported
2024-09-27 11:39:21,299 [WARN] PackLoader:238 - Cannot read IP mode file for STMicroelectronics.X-CUBE-AZRTOS-G0.1.1.0
2024-09-27 11:39:21,416 [WARN] PackLoader:238 - Cannot read IP mode file for STMicroelectronics.X-CUBE-SAFEA1.1.2.2
2024-09-27 11:39:21,535 [WARN] PackLoader:238 - Cannot read IP mode file for STMicroelectronics.X-CUBE-NFC4.3.0.0
2024-09-27 11:39:21,636 [ERROR] Engine:463 - C:\Users\thuyh\.stm32cubemx\thirdparties\pdsc\EmbeddedOffice.I-CUBE-FS-RTOS.1.0.1.pdsc: PDSC version is not supported
2024-09-27 11:39:21,675 [ERROR] Engine:463 - C:\Users\thuyh\.stm32cubemx\thirdparties\pdsc\RealThread.X-CUBE-RT-Thread_Nano.4.1.1.pdsc: PDSC version is not supported
2024-09-27 11:39:21,726 [WARN] PackLoader:238 - Cannot read IP mode file for STMicroelectronics.FP-ATR-SIGFOX1.3.2.0
2024-09-27 11:39:21,760 [WARN] PackLoader:238 - Cannot read IP mode file for wolfSSL.I-CUBE-wolfSSL.5.7.2
2024-09-27 11:39:21,808 [WARN] PackLoader:238 - Cannot read IP mode file for STMicroelectronics.X-CUBE-EEPRMA1.5.1.0
2024-09-27 11:39:21,846 [ERROR] Engine:463 - C:\Users\thuyh\.stm32cubemx\thirdparties\pdsc\ITTIA_DB.I-CUBE-ITTIADB.8.9.0.pdsc: PDSC version is not supported
2024-09-27 11:39:21,976 [WARN] PackLoader:238 - Cannot read IP mode file for SEGGER.I-CUBE-embOS.1.3.1
2024-09-27 11:39:22,366 [WARN] PackLoader:238 - Cannot read IP mode file for STMicroelectronics.X-CUBE-ALGOBUILD.1.4.0
2024-09-27 11:39:22,413 [WARN] PackLoader:238 - Cannot read IP mode file for STMicroelectronics.X-CUBE-GNSS1.6.0.0
2024-09-27 11:39:22,506 [WARN] PackLoader:238 - Cannot read IP mode file for STMicroelectronics.X-CUBE-AZRTOS-F4.1.1.0
2024-09-27 11:39:22,735 [WARN] PackLoader:238 - Cannot read IP mode file for STMicroelectronics.X-CUBE-ISPU.2.1.0
2024-09-27 11:39:22,757 [ERROR] Engine:463 - C:\Users\thuyh\.stm32cubemx\thirdparties\pdsc\STMicroelectronics.X-CUBE-FREERTOS.1.2.0.pdsc: PDSC version is not supported
2024-09-27 11:39:22,809 [WARN] PackLoader:238 - Cannot read IP mode file for STMicroelectronics.X-CUBE-AZRTOS-L5.2.0.0
2024-09-27 11:39:22,856 [WARN] PackLoader:238 - Cannot read IP mode file for STMicroelectronics.X-CUBE-NFC6.3.1.0
2024-09-27 11:39:23,258 [ERROR] Engine:463 - C:\Users\thuyh\.stm32cubemx\thirdparties\pdsc\STMicroelectronics.X-CUBE-DPower.1.2.0.pdsc: PDSC version is not supported
2024-09-27 11:39:23,316 [WARN] PackLoader:238 - Cannot read IP mode file for STMicroelectronics.X-CUBE-AI.9.0.0
2024-09-27 11:39:23,339 [WARN] PackLoader:238 - Cannot read IP mode file for STMicroelectronics.X-CUBE-NFC7.1.0.1
2024-09-27 11:39:23,516 [WARN] ConditionMgr:437 - getConditionDescription Invalid condition id : LAN8742 Phy interface Condition cause : null
2024-09-27 11:39:23,516 [WARN] PackLoader:238 - Cannot read IP mode file for STMicroelectronics.X-CUBE-AZRTOS-L4.2.0.0
2024-09-27 11:39:23,516 [WARN] ConditionMgr:1038 - genDependencies : Invalid condition id : LAN8742 Phy interface Condition cause : null
2024-09-27 11:39:23,525 [WARN] ConditionMgr:1038 - genDependencies : Invalid condition id : LAN8742 Phy interface Condition cause : null
2024-09-27 11:39:23,526 [WARN] ConditionMgr:1038 - genDependencies : Invalid condition id : LAN8742 Phy interface Condition cause : null
2024-09-27 11:39:23,788 [WARN] PackLoader:238 - Cannot read IP mode file for STMicroelectronics.X-CUBE-SFXS2LP1.4.0.0
2024-09-27 11:39:23,840 [WARN] PackLoader:238 - Cannot read IP mode file for STMicroelectronics.X-CUBE-AZRTOS-H7.3.3.0
2024-09-27 11:39:23,899 [WARN] ConditionMgr:437 - getConditionDescription Invalid condition id : UX DEVICE CLASS RTOS Condition cause : null
2024-09-27 11:39:23,899 [WARN] ConditionMgr:437 - getConditionDescription Invalid condition id : UX DEVICE CLASS RTOS Condition cause : null
2024-09-27 11:39:23,905 [WARN] PackLoader:238 - Cannot read IP mode file for STMicroelectronics.X-CUBE-AZRTOS-WB.2.0.0
2024-09-27 11:39:23,906 [WARN] ConditionMgr:1038 - genDependencies : Invalid condition id : UX DEVICE CLASS RTOS Condition cause : null
2024-09-27 11:39:23,906 [WARN] ConditionMgr:1038 - genDependencies : Invalid condition id : UX DEVICE CLASS RTOS Condition cause : null
2024-09-27 11:39:23,908 [WARN] ConditionMgr:1038 - genDependencies : Invalid condition id : UX DEVICE CLASS RTOS Condition cause : null
2024-09-27 11:39:23,908 [WARN] ConditionMgr:1038 - genDependencies : Invalid condition id : UX DEVICE CLASS RTOS Condition cause : null
2024-09-27 11:39:23,908 [WARN] ConditionMgr:1038 - genDependencies : Invalid condition id : UX DEVICE CLASS RTOS Condition cause : null
2024-09-27 11:39:23,936 [WARN] PackLoader:238 - Cannot read IP mode file for STMicroelectronics.X-CUBE-GNSS1.7.0.0
2024-09-27 11:39:23,979 [ERROR] Engine:463 - C:\Users\thuyh\.stm32cubemx\thirdparties\pdsc\STMicroelectronics.FP-SNS-STBOX1.2.0.0.pdsc: PDSC version is not supported
2024-09-27 11:39:24,036 [WARN] PackLoader:238 - Cannot read IP mode file for STMicroelectronics.X-CUBE-SUBG2.5.0.0
2024-09-27 11:39:24,077 [ERROR] Engine:463 - C:\Users\thuyh\.stm32cubemx\thirdparties\pdsc\Cesanta.I-CUBE-Mongoose.7.13.0.pdsc: PDSC version is not supported
2024-09-27 11:39:24,137 [WARN] PackLoader:238 - Cannot read IP mode file for STMicroelectronics.X-CUBE-AZRTOS-G4.2.0.0
2024-09-27 11:39:24,207 [WARN] PackLoader:238 - Cannot read IP mode file for STMicroelectronics.X-CUBE-ISPU.2.0.0
2024-09-27 11:39:24,240 [ERROR] Engine:463 - C:\Users\thuyh\.stm32cubemx\thirdparties\pdsc\STMicroelectronics.X-CUBE-ALS.1.0.2.pdsc: PDSC version is not supported
2024-09-27 11:39:24,311 [WARN] PackLoader:238 - Cannot read IP mode file for STMicroelectronics.X-CUBE-TOUCHGFX.4.24.0
2024-09-27 11:39:24,346 [WARN] PackLoader:238 - Cannot read IP mode file for STMicroelectronics.X-CUBE-TOUCHGFX.4.24.1
2024-09-27 11:39:24,376 [WARN] PackLoader:238 - Cannot read IP mode file for wolfSSL.I-CUBE-wolfTPM.3.4.0
2024-09-27 11:39:24,423 [WARN] PackLoader:238 - Cannot read IP mode file for portGmbH.I-Cube-SoM-uGOAL.1.1.0
2024-09-27 11:39:24,605 [WARN] PackLoader:238 - Cannot read IP mode file for STMicroelectronics.X-CUBE-AZRTOS-H7RS.1.0.0
2024-09-27 11:39:24,646 [WARN] PackLoader:238 - Cannot read IP mode file for STMicroelectronics.FP-ATR-ASTRA1.2.0.0
2024-09-27 11:39:24,697 [ERROR] Engine:463 - C:\Users\thuyh\.stm32cubemx\thirdparties\pdsc\STMicroelectronics.X-CUBE-TOF1.3.4.2.pdsc: PDSC version is not supported
2024-09-27 11:39:24,787 [ERROR] Engine:463 - C:\Users\thuyh\.stm32cubemx\thirdparties\pdsc\Infineon.AIROC-Wi-Fi-Bluetooth-STM32.1.6.1.pdsc: PDSC version is not supported
2024-09-27 11:39:24,978 [WARN] PackLoader:238 - Cannot read IP mode file for wolfSSL.I-CUBE-wolfSSH.1.4.17
2024-09-27 11:39:24,978 [INFO] ThirdParty:915 - Integrity check success = true
2024-09-27 11:39:24,978 [INFO] IntegrityCheckThread:94 - exiting critical section [integrity check]
2024-09-27 11:39:24,978 [INFO] IntegrityCheckThread:97 - End integrity checks thread
2024-09-27 11:39:25,038 [INFO] ThirdParty:815 - entering critical section [close project]
2024-09-27 11:39:25,042 [INFO] ThirdParty:825 - exiting critical section [close project]
2024-09-27 11:39:25,046 [INFO] PinOutPanel:1463 - setPackage(No Configuration,No Configuration)
2024-09-27 11:39:25,056 [INFO] UtilMem:74 - Begin LoadConfig() Used Memory: 800709176 Bytes (864026624)
2024-09-27 11:39:25,058 [INFO] MicroXplorer:448 - Change Database Path : 
2024-09-27 11:39:25,058 [INFO] MicroXplorer:478 - Change Database Version : DB.6.0.30
2024-09-27 11:39:25,058 [INFO] OpenFileManager:313 - Change cursor
2024-09-27 11:39:30,608 [INFO] Context:592 - Trying to add GPIOservice into a context  which must be forbidden
2024-09-27 11:39:31,236 [WARN] ApiManager:304 - Cannot register API 'Board Extension:GNSS1A1' from pack STMicroelectronics.X-CUBE-GNSS1.6.0.0: no header file found
2024-09-27 11:39:31,236 [WARN] ApiManager:304 - Cannot register API 'Board Support:Custom' from pack STMicroelectronics.X-CUBE-GNSS1.6.0.0: no header file found
2024-09-27 11:39:31,236 [WARN] ApiManager:304 - Cannot register API 'Data Exchange:lib_gnss' from pack STMicroelectronics.X-CUBE-GNSS1.6.0.0: no header file found
2024-09-27 11:39:31,248 [WARN] ApiManager:304 - Cannot register API 'Board Extension:GNSS1A1' from pack STMicroelectronics.X-CUBE-GNSS1.7.0.0: no header file found
2024-09-27 11:39:31,248 [WARN] ApiManager:304 - Cannot register API 'Board Support:Custom' from pack STMicroelectronics.X-CUBE-GNSS1.7.0.0: no header file found
2024-09-27 11:39:31,248 [WARN] ApiManager:304 - Cannot register API 'Data Exchange:lib_gnss' from pack STMicroelectronics.X-CUBE-GNSS1.7.0.0: no header file found
2024-09-27 11:39:31,272 [WARN] ApiManager:304 - Cannot register API 'Board Extension:NFC06A1' from pack STMicroelectronics.X-CUBE-NFC6.3.1.0: no header file found
2024-09-27 11:39:31,272 [WARN] ApiManager:304 - Cannot register API 'Board Extension:NFC08A1' from pack STMicroelectronics.X-CUBE-NFC6.3.1.0: no header file found
2024-09-27 11:39:31,698 [WARN] ApiManager:304 - Cannot register API 'Board Extension:IKS01A3' from pack STMicroelectronics.X-CUBE-MEMS1.11.0.0: no header file found
2024-09-27 11:39:31,698 [WARN] ApiManager:304 - Cannot register API 'Board Extension:IKS02A1' from pack STMicroelectronics.X-CUBE-MEMS1.11.0.0: no header file found
2024-09-27 11:39:31,698 [WARN] ApiManager:304 - Cannot register API 'Board Extension:IKS4A1' from pack STMicroelectronics.X-CUBE-MEMS1.11.0.0: no header file found
2024-09-27 11:39:31,713 [INFO] RtosManager:484 - Registered RTOS mode: class=CMSIS, group=RTOS, mode=CMSIS_V1, owner=FREERTOS
2024-09-27 11:39:31,715 [INFO] RtosManager:484 - Registered RTOS mode: class=CMSIS, group=RTOS2, mode=CMSIS_V2, owner=FREERTOS
2024-09-27 11:39:31,715 [INFO] RtosManager:484 - Registered RTOS mode: class=RTOS, group=Core, mode=CMSIS_V1, owner=FREERTOS
2024-09-27 11:39:31,715 [INFO] RtosManager:484 - Registered RTOS mode: class=RTOS, group=Core, mode=CMSIS_V2, owner=FREERTOS
2024-09-27 11:39:31,715 [WARN] ModelIntegratedComponent:181 - Missing modes for component STMicroelectronics:FreeRTOS:0.0.1:STMicroelectronics:RTOS:FreeRTOS:Core:::10.2.0:
2024-09-27 11:39:31,718 [WARN] ApiManager:304 - Cannot register API 'Board Extension:STSAFEA1' from pack STMicroelectronics.X-CUBE-SAFEA1.1.2.2: no header file found
2024-09-27 11:39:31,718 [WARN] ApiManager:304 - Cannot register API 'Board Part:STSAFEA110' from pack STMicroelectronics.X-CUBE-SAFEA1.1.2.2: no header file found
2024-09-27 11:39:31,718 [WARN] ApiManager:304 - Cannot register API 'Security:ST_Cryptolib' from pack STMicroelectronics.X-CUBE-SAFEA1.1.2.2: no header file found
2024-09-27 11:39:31,718 [WARN] ApiManager:304 - Cannot register API 'Security:MbedTLS' from pack STMicroelectronics.X-CUBE-SAFEA1.1.2.2: no header file found
2024-09-27 11:39:31,718 [WARN] ApiManager:304 - Cannot register API 'Board Extension:NFC04A1' from pack STMicroelectronics.X-CUBE-NFC4.3.0.0: no header file found
2024-09-27 11:39:31,725 [WARN] ApiManager:304 - Cannot register API 'Board Extension:S2868A1' from pack STMicroelectronics.X-CUBE-SUBG2.5.0.0: no header file found
2024-09-27 11:39:31,725 [WARN] ApiManager:304 - Cannot register API 'Board Extension:S2868A2' from pack STMicroelectronics.X-CUBE-SUBG2.5.0.0: no header file found
2024-09-27 11:39:31,726 [WARN] ApiManager:304 - Cannot register API 'Board Extension:S2915A1' from pack STMicroelectronics.X-CUBE-SUBG2.5.0.0: no header file found
2024-09-27 11:39:31,729 [WARN] ApiManager:304 - Cannot register API 'Wireless:BlueNRG-MS' from pack STMicroelectronics.X-CUBE-BLE1.7.0.0: no header file found
2024-09-27 11:39:31,729 [WARN] ApiManager:304 - Cannot register API 'Board Extension:EEPRMA2' from pack STMicroelectronics.X-CUBE-EEPRMA1.5.1.0: no header file found
2024-09-27 11:39:31,729 [WARN] ApiManager:304 - Cannot register API 'Board Extension:PGEEZ1' from pack STMicroelectronics.X-CUBE-EEPRMA1.5.1.0: no header file found
2024-09-27 11:39:31,735 [WARN] ApiManager:304 - Cannot register API 'Board Extension:EEICA1' from pack STMicroelectronics.X-CUBE-EEPRMA1.5.1.0: no header file found
2024-09-27 11:39:31,735 [WARN] ApiManager:304 - Cannot register API 'Board Part:M24' from pack STMicroelectronics.X-CUBE-EEPRMA1.5.1.0: no header file found
2024-09-27 11:39:31,735 [WARN] ApiManager:304 - Cannot register API 'Board Part:M95' from pack STMicroelectronics.X-CUBE-EEPRMA1.5.1.0: no header file found
2024-09-27 11:39:31,735 [WARN] ApiManager:304 - Cannot register API 'Board Part:M95P32' from pack STMicroelectronics.X-CUBE-EEPRMA1.5.1.0: no header file found
2024-09-27 11:39:31,736 [WARN] ApiManager:304 - Cannot register API 'Board Part:M24256E-F' from pack STMicroelectronics.X-CUBE-EEPRMA1.5.1.0: no header file found
2024-09-27 11:39:31,736 [WARN] ApiManager:304 - Cannot register API 'Board Part:M24M01E-F' from pack STMicroelectronics.X-CUBE-EEPRMA1.5.1.0: no header file found
2024-09-27 11:39:31,736 [WARN] ApiManager:304 - Cannot register API 'PGEEZ1:SPI' from pack STMicroelectronics.X-CUBE-EEPRMA1.5.1.0: no header file found
2024-09-27 11:39:31,736 [WARN] ApiManager:304 - Cannot register API 'PGEEZ1:QDSPI' from pack STMicroelectronics.X-CUBE-EEPRMA1.5.1.0: no header file found
2024-09-27 11:39:31,737 [WARN] ModelIntegratedComponent:60 - No mode defined for component null
2024-09-27 11:39:31,737 [WARN] ModelIntegratedComponent:60 - No mode defined for component null
2024-09-27 11:39:31,737 [WARN] ModelIntegratedComponent:60 - No mode defined for component null
2024-09-27 11:39:31,737 [WARN] ModelIntegratedComponent:60 - No mode defined for component null
2024-09-27 11:39:31,737 [WARN] ModelIntegratedComponent:60 - No mode defined for component null
2024-09-27 11:39:31,737 [WARN] ModelIntegratedComponent:60 - No mode defined for component null
2024-09-27 11:39:31,737 [WARN] ModelIntegratedComponent:60 - No mode defined for component null
2024-09-27 11:39:31,737 [WARN] ModelIntegratedComponent:60 - No mode defined for component null
2024-09-27 11:39:31,737 [WARN] ModelIntegratedComponent:60 - No mode defined for component null
2024-09-27 11:39:31,737 [WARN] ModelIntegratedComponent:60 - No mode defined for component null
2024-09-27 11:39:31,737 [WARN] ModelIntegratedComponent:60 - No mode defined for component null
2024-09-27 11:39:31,737 [WARN] ModelIntegratedComponent:60 - No mode defined for component null
2024-09-27 11:39:31,737 [WARN] ModelIntegratedComponent:60 - No mode defined for component null
2024-09-27 11:39:31,737 [WARN] ModelIntegratedComponent:60 - No mode defined for component null
2024-09-27 11:39:31,737 [WARN] ModelIntegratedComponent:60 - No mode defined for component null
2024-09-27 11:39:31,737 [WARN] ModelIntegratedComponent:60 - No mode defined for component null
2024-09-27 11:39:31,737 [WARN] ModelIntegratedComponent:60 - No mode defined for component null
2024-09-27 11:39:31,737 [WARN] ModelIntegratedComponent:60 - No mode defined for component null
2024-09-27 11:39:31,737 [WARN] ModelIntegratedComponent:60 - No mode defined for component null
2024-09-27 11:39:31,737 [WARN] ModelIntegratedComponent:60 - No mode defined for component null
2024-09-27 11:39:31,737 [WARN] ModelIntegratedComponent:60 - No mode defined for component null
2024-09-27 11:39:31,737 [WARN] ModelIntegratedComponent:60 - No mode defined for component null
2024-09-27 11:39:31,737 [WARN] ModelIntegratedComponent:60 - No mode defined for component null
2024-09-27 11:39:31,737 [WARN] ModelIntegratedComponent:60 - No mode defined for component null
2024-09-27 11:39:31,737 [WARN] ModelIntegratedComponent:60 - No mode defined for component null
2024-09-27 11:39:31,737 [WARN] ModelIntegratedComponent:60 - No mode defined for component null
2024-09-27 11:39:31,737 [WARN] ModelIntegratedComponent:60 - No mode defined for component null
2024-09-27 11:39:31,737 [WARN] ModelIntegratedComponent:60 - No mode defined for component null
2024-09-27 11:39:31,737 [WARN] ModelIntegratedComponent:60 - No mode defined for component null
2024-09-27 11:39:31,737 [WARN] ModelIntegratedComponent:60 - No mode defined for component null
2024-09-27 11:39:31,737 [WARN] ModelIntegratedComponent:60 - No mode defined for component null
2024-09-27 11:39:31,737 [WARN] ApiManager:304 - Cannot register API 'Board Extension:NFC07A1' from pack STMicroelectronics.X-CUBE-NFC7.1.0.1: no header file found
2024-09-27 11:39:31,756 [WARN] ApiManager:304 - Cannot register API 'Board Extension:S2868A1' from pack STMicroelectronics.X-CUBE-SFXS2LP1.4.0.0: no header file found
2024-09-27 11:39:31,756 [WARN] ApiManager:304 - Cannot register API 'Board Extension:S2868A2' from pack STMicroelectronics.X-CUBE-SFXS2LP1.4.0.0: no header file found
2024-09-27 11:39:31,756 [WARN] ApiManager:304 - Cannot register API 'Board Extension:S2915A1' from pack STMicroelectronics.X-CUBE-SFXS2LP1.4.0.0: no header file found
2024-09-27 11:39:31,757 [WARN] ApiManager:304 - Cannot register API 'Wireless:BlueNRG-2' from pack STMicroelectronics.X-CUBE-BLE2.3.3.0: no header file found
2024-09-27 11:39:35,389 [INFO] UtilMem:74 - End LoadConfig() Used Memory: 836423656 Bytes (864026624)
2024-09-27 11:39:35,395 [INFO] DbMcusXml:100 - Load MCU database from C:\Users\thuyh\STM32CubeIDE_1.7.0\STM32CubeIDE\plugins\com.st.stm32cube.common.mx_6.3.0.202107141111\\db\/mcu/families.xml
2024-09-27 11:39:37,091 [INFO] DbMcusJson:93 - JSON generation date=Tue Nov 16 23:17:54 ICT 2021 (1637079474)
2024-09-27 11:39:38,336 [INFO] DbMcus:175 - Found 1951 MCUs (1903 are supported by CubeMX, 1914 are visible in CubeMX)
2024-09-27 11:39:38,336 [INFO] ApiDb:251 - Load user favorites file C:\Users\thuyh/.stm32cubeide/favorites.mcus.txt: 0 item(s)
2024-09-27 11:39:38,343 [INFO] ApiDb:255 - User favorites MCUs=[]
2024-09-27 11:39:38,343 [INFO] DbMcus:187 - Set 0 / 0 favorites MCUs
2024-09-27 11:39:38,359 [WARN] ThirdParty:779 - waiting for thirdparty lock release [change project]
2024-09-27 11:39:38,359 [INFO] ThirdParty:781 - entering critical section [change project]
2024-09-27 11:39:38,359 [INFO] ThirdParty:967 - CMSIS Pack Vendor :STMicroelectronics X-CUBE-AZRTOS-H7 3.3.0
2024-09-27 11:39:38,359 [INFO] ThirdParty:967 - CMSIS Pack Vendor :STMicroelectronics X-CUBE-GNSS1 6.0.0
2024-09-27 11:39:38,359 [INFO] ThirdParty:967 - CMSIS Pack Vendor :STMicroelectronics USB_HOST 2.0.0
2024-09-27 11:39:38,359 [INFO] ThirdParty:967 - CMSIS Pack Vendor :STMicroelectronics X-CUBE-AZRTOS-F4 1.1.0
2024-09-27 11:39:38,359 [INFO] ThirdParty:967 - CMSIS Pack Vendor :STMicroelectronics USB_DEVICE 3.0.0
2024-09-27 11:39:38,359 [INFO] ThirdParty:967 - CMSIS Pack Vendor :STMicroelectronics X-CUBE-ISPU 2.1.0
2024-09-27 11:39:38,359 [INFO] ThirdParty:967 - CMSIS Pack Vendor :STMicroelectronics X-CUBE-AZRTOS-WB 2.0.0
2024-09-27 11:39:38,359 [INFO] ThirdParty:967 - CMSIS Pack Vendor :STMicroelectronics X-CUBE-GNSS1 7.0.0
2024-09-27 11:39:38,359 [INFO] ThirdParty:967 - CMSIS Pack Vendor :STMicroelectronics X-CUBE-AZRTOS-F7 1.1.0
2024-09-27 11:39:38,359 [INFO] ThirdParty:967 - CMSIS Pack Vendor :STMicroelectronics X-CUBE-AZRTOS-L5 2.0.0
2024-09-27 11:39:38,359 [INFO] ThirdParty:967 - CMSIS Pack Vendor :STMicroelectronics USB_DEVICE 2.0.0
2024-09-27 11:39:38,359 [INFO] ThirdParty:967 - CMSIS Pack Vendor :STMicroelectronics X-CUBE-NFC6 3.1.0
2024-09-27 11:39:38,359 [INFO] ThirdParty:967 - CMSIS Pack Vendor :STMicroelectronics X-CUBE-MEMS1 11.0.0
2024-09-27 11:39:38,359 [INFO] ThirdParty:967 - CMSIS Pack Vendor :STMicroelectronics FreeRTOS 0.0.1
2024-09-27 11:39:38,359 [INFO] ThirdParty:967 - CMSIS Pack Vendor :STMicroelectronics X-CUBE-AZRTOS-G0 1.1.0
2024-09-27 11:39:38,359 [INFO] ThirdParty:967 - CMSIS Pack Vendor :STMicroelectronics X-CUBE-SAFEA1 1.2.2
2024-09-27 11:39:38,359 [INFO] ThirdParty:967 - CMSIS Pack Vendor :STMicroelectronics X-CUBE-NFC4 3.0.0
2024-09-27 11:39:38,359 [INFO] ThirdParty:967 - CMSIS Pack Vendor :STMicroelectronics X-CUBE-SUBG2 5.0.0
2024-09-27 11:39:38,359 [INFO] ThirdParty:967 - CMSIS Pack Vendor :STMicroelectronics lwIP 2.0.3
2024-09-27 11:39:38,359 [INFO] ThirdParty:967 - CMSIS Pack Vendor :STMicroelectronics USB_HOST 1.0.0
2024-09-27 11:39:38,359 [INFO] ThirdParty:967 - CMSIS Pack Vendor :STMicroelectronics X-CUBE-AI 9.0.0
2024-09-27 11:39:38,365 [INFO] ThirdParty:967 - CMSIS Pack Vendor :STMicroelectronics X-CUBE-AZRTOS-G4 2.0.0
2024-09-27 11:39:38,365 [INFO] ThirdParty:967 - CMSIS Pack Vendor :STMicroelectronics PDM2PCM 3.1.0
2024-09-27 11:39:38,365 [INFO] ThirdParty:967 - CMSIS Pack Vendor :STMicroelectronics PDM2PCM 3.3.0
2024-09-27 11:39:38,365 [INFO] ThirdParty:967 - CMSIS Pack Vendor :STMicroelectronics X-CUBE-BLE1 7.0.0
2024-09-27 11:39:38,365 [INFO] ThirdParty:967 - CMSIS Pack Vendor :STMicroelectronics FP-ATR-SIGFOX1 3.2.0
2024-09-27 11:39:38,365 [INFO] ThirdParty:967 - CMSIS Pack Vendor :wolfSSL I-CUBE-wolfSSL 5.7.2
2024-09-27 11:39:38,365 [INFO] ThirdParty:967 - CMSIS Pack Vendor :STMicroelectronics X-CUBE-ISPU 2.0.0
2024-09-27 11:39:38,365 [INFO] ThirdParty:967 - CMSIS Pack Vendor :STMicroelectronics X-CUBE-EEPRMA1 5.1.0
2024-09-27 11:39:38,365 [INFO] ThirdParty:967 - CMSIS Pack Vendor :STMicroelectronics HAL Drivers 0.0.0
2024-09-27 11:39:38,366 [INFO] ThirdParty:967 - CMSIS Pack Vendor :STMicroelectronics MBEDTLS 2.16.2
2024-09-27 11:39:38,366 [INFO] ThirdParty:967 - CMSIS Pack Vendor :STMicroelectronics X-CUBE-NFC7 1.0.1
2024-09-27 11:39:38,366 [INFO] ThirdParty:967 - CMSIS Pack Vendor :STMicroelectronics MBEDTLS 2.14.1
2024-09-27 11:39:38,366 [INFO] ThirdParty:967 - CMSIS Pack Vendor :STMicroelectronics X-CUBE-TOUCHGFX 4.24.0
2024-09-27 11:39:38,366 [INFO] ThirdParty:967 - CMSIS Pack Vendor :STMicroelectronics X-CUBE-TOUCHGFX 4.24.1
2024-09-27 11:39:38,366 [INFO] ThirdParty:967 - CMSIS Pack Vendor :wolfSSL I-CUBE-wolfTPM 3.4.0
2024-09-27 11:39:38,366 [INFO] ThirdParty:967 - CMSIS Pack Vendor :portGmbH I-Cube-SoM-uGOAL 1.1.0
2024-09-27 11:39:38,366 [INFO] ThirdParty:967 - CMSIS Pack Vendor :STMicroelectronics X-CUBE-AZRTOS-WL 2.0.0
2024-09-27 11:39:38,366 [INFO] ThirdParty:967 - CMSIS Pack Vendor :SEGGER I-CUBE-embOS 1.3.1
2024-09-27 11:39:38,366 [INFO] ThirdParty:967 - CMSIS Pack Vendor :STMicroelectronics X-CUBE-ALGOBUILD 1.4.0
2024-09-27 11:39:38,366 [INFO] ThirdParty:967 - CMSIS Pack Vendor :STMicroelectronics USB_DEVICE 1.0.0
2024-09-27 11:39:38,366 [INFO] ThirdParty:967 - CMSIS Pack Vendor :STMicroelectronics X-CUBE-AZRTOS-H7RS 1.0.0
2024-09-27 11:39:38,366 [INFO] ThirdParty:967 - CMSIS Pack Vendor :wolfSSL I-CUBE-wolfMQTT 1.19.0
2024-09-27 11:39:38,366 [INFO] ThirdParty:967 - CMSIS Pack Vendor :STMicroelectronics X-CUBE-AZRTOS-L4 2.0.0
2024-09-27 11:39:38,366 [INFO] ThirdParty:967 - CMSIS Pack Vendor :STMicroelectronics ThreadX 0.0.2
2024-09-27 11:39:38,366 [INFO] ThirdParty:967 - CMSIS Pack Vendor :WES I-CUBE-Cesium 1.3.0
2024-09-27 11:39:38,366 [INFO] ThirdParty:967 - CMSIS Pack Vendor :STMicroelectronics FP-ATR-ASTRA1 2.0.0
2024-09-27 11:39:38,366 [INFO] ThirdParty:967 - CMSIS Pack Vendor :STMicroelectronics lwIP 2.1.2
2024-09-27 11:39:38,366 [INFO] ThirdParty:967 - CMSIS Pack Vendor :STMicroelectronics X-CUBE-SFXS2LP1 4.0.0
2024-09-27 11:39:38,366 [INFO] ThirdParty:967 - CMSIS Pack Vendor :STMicroelectronics X-CUBE-BLE2 3.3.0
2024-09-27 11:39:38,366 [INFO] ThirdParty:967 - CMSIS Pack Vendor :STMicroelectronics PDM2PCM 3.2.0
2024-09-27 11:39:38,366 [INFO] ThirdParty:967 - CMSIS Pack Vendor :wolfSSL I-CUBE-wolfSSH 1.4.17
2024-09-27 11:39:38,366 [INFO] ThirdParty:787 - exiting critical section [change project]
2024-09-27 11:39:39,006 [INFO] PinOutPanel:1463 - setPackage(No Configuration,No Configuration)
2024-09-27 11:39:39,006 [INFO] PinOutPanel:1463 - setPackage(STM32F103C6Tx,LQFP48)
2024-09-27 11:39:39,691 [INFO] UtilMem:74 - Before build in PCC Used Memory: 985290256 Bytes (1058013184)
2024-09-27 11:39:40,813 [INFO] UtilMem:74 - After build in PCC Used Memory: 950179776 Bytes (1058013184)
2024-09-27 11:39:40,836 [INFO] IPUIPlugin:74 - create IPUIPlugin
2024-09-27 11:39:40,836 [INFO] IPUIPlugin:74 - create IPUIPlugin
2024-09-27 11:39:40,836 [INFO] IPUIPlugin:74 - create IPUIPlugin
2024-09-27 11:39:40,836 [INFO] IPUIPlugin:74 - create IPUIPlugin
2024-09-27 11:39:40,836 [INFO] IPUIPlugin:74 - create IPUIPlugin
2024-09-27 11:39:40,836 [INFO] IPUIPlugin:74 - create IPUIPlugin
2024-09-27 11:39:40,836 [INFO] IPUIPlugin:74 - create IPUIPlugin
2024-09-27 11:39:40,845 [INFO] IPUIPlugin:74 - create IPUIPlugin
2024-09-27 11:39:40,845 [INFO] IPUIPlugin:74 - create IPUIPlugin
2024-09-27 11:39:40,846 [INFO] IPUIPlugin:74 - create IPUIPlugin
2024-09-27 11:39:40,846 [INFO] IPUIPlugin:74 - create IPUIPlugin
2024-09-27 11:39:40,846 [INFO] IPUIPlugin:74 - create IPUIPlugin
2024-09-27 11:39:40,846 [INFO] IPUIPlugin:74 - create IPUIPlugin
2024-09-27 11:39:40,846 [INFO] IPUIPlugin:74 - create IPUIPlugin
2024-09-27 11:39:40,848 [INFO] IPUIPlugin:74 - create IPUIPlugin
2024-09-27 11:39:40,848 [INFO] IPUIPlugin:74 - create IPUIPlugin
2024-09-27 11:39:40,848 [INFO] IPUIPlugin:74 - create IPUIPlugin
2024-09-27 11:39:40,848 [INFO] IPUIPlugin:74 - create IPUIPlugin
2024-09-27 11:39:40,848 [INFO] IPUIPlugin:74 - create IPUIPlugin
2024-09-27 11:39:40,848 [INFO] IPUIPlugin:74 - create IPUIPlugin
2024-09-27 11:39:40,848 [INFO] IPUIPlugin:74 - create IPUIPlugin
2024-09-27 11:39:40,848 [INFO] IPUIPlugin:74 - create IPUIPlugin
2024-09-27 11:39:40,848 [INFO] IPUIPlugin:74 - create IPUIPlugin
2024-09-27 11:39:41,019 [INFO] OpenFileManager:333 - Restore cursor
2024-09-27 11:40:29,668 [INFO] Gpio:254 - dependency for GPIO []
2024-09-27 11:40:41,686 [INFO] UtilMem:74 - End SaveConfig() Used Memory: 859668216 Bytes (1058013184)
2024-09-27 11:40:43,038 [INFO] UtilMem:74 - End SaveConfig() Used Memory: 897943288 Bytes (1058013184)
2024-09-27 11:40:51,066 [INFO] UtilMem:74 - End SaveConfig() Used Memory: 878097888 Bytes (1058013184)
2024-09-27 11:40:52,055 [INFO] BlockDiagram:2740 - set Specific Code input for plugin: NVIC
2024-09-27 11:40:52,055 [INFO] BlockDiagram:2740 - set Specific Code input for plugin: SYS
2024-09-27 11:40:52,056 [INFO] BlockDiagram:2740 - set Specific Code input for plugin: GPIO
2024-09-27 11:40:52,056 [INFO] BlockDiagram:2740 - set Specific Code input for plugin: RCC
2024-09-27 11:40:52,056 [INFO] BlockDiagram:2740 - set Specific Code input for plugin: TIM1_8F1
2024-09-27 11:40:52,058 [INFO] CodeGenerator:663 - code generatio: config db path: C:\Users\thuyh\STM32CubeIDE_1.7.0\STM32CubeIDE\plugins\com.st.stm32cube.common.mx_6.3.0.202107141111\\db\
2024-09-27 11:40:53,046 [INFO] CodeEngine:239 - oldGeneratedFile, E:\microprocessor_ReportLab3\lab3_project\MXTmpFiles\license.tmp_save
2024-09-27 11:40:53,899 [INFO] CodeEngine:257 - Generated code: E:\microprocessor_ReportLab3\lab3_project\MXTmpFiles\license.tmp
2024-09-27 11:40:54,136 [INFO] CodeEngine:239 - oldGeneratedFile, E:\microprocessor_ReportLab3\lab3_project\MXTmpFiles\gpio.tmp_save
2024-09-27 11:40:54,273 [INFO] CodeEngine:257 - Generated code: E:\microprocessor_ReportLab3\lab3_project\MXTmpFiles\gpio.tmp
2024-09-27 11:40:54,591 [INFO] CodeEngine:239 - oldGeneratedFile, E:\microprocessor_ReportLab3\lab3_project\Core\Src\stm32f1xx_it.c_save
2024-09-27 11:40:54,788 [INFO] CodeEngine:257 - Generated code: E:\microprocessor_ReportLab3\lab3_project\Core\Src\stm32f1xx_it.c
2024-09-27 11:40:54,814 [INFO] CodeEngine:239 - oldGeneratedFile, E:\microprocessor_ReportLab3\lab3_project\Core\Inc\stm32f1xx_it.h_save
2024-09-27 11:40:54,917 [INFO] CodeEngine:257 - Generated code: E:\microprocessor_ReportLab3\lab3_project\Core\Inc\stm32f1xx_it.h
2024-09-27 11:40:54,950 [INFO] CodeEngine:239 - oldGeneratedFile, E:\microprocessor_ReportLab3\lab3_project\Core\Src\stm32f1xx_hal_msp.c_save
2024-09-27 11:40:55,136 [INFO] CodeEngine:257 - Generated code: E:\microprocessor_ReportLab3\lab3_project\Core\Src\stm32f1xx_hal_msp.c
2024-09-27 11:40:55,156 [INFO] CodeEngine:239 - oldGeneratedFile, E:\microprocessor_ReportLab3\lab3_project\MXTmpFiles\system.tmp_save
2024-09-27 11:40:55,278 [INFO] CodeEngine:257 - Generated code: E:\microprocessor_ReportLab3\lab3_project\MXTmpFiles\system.tmp
2024-09-27 11:40:55,326 [INFO] CodeEngine:239 - oldGeneratedFile, E:\microprocessor_ReportLab3\lab3_project\Core\Inc\stm32f1xx_hal_conf.h_save
2024-09-27 11:40:55,485 [INFO] CodeEngine:257 - Generated code: E:\microprocessor_ReportLab3\lab3_project\Core\Inc\stm32f1xx_hal_conf.h
2024-09-27 11:40:55,526 [WARN] IPConfigManager:3148 - IP not found : TIM
2024-09-27 11:40:55,535 [WARN] CodeGenerator:3268 - IP not found : null
2024-09-27 11:40:55,570 [INFO] CodeEngine:239 - oldGeneratedFile, E:\microprocessor_ReportLab3\lab3_project\Core\Inc\main.h_save
2024-09-27 11:40:55,749 [INFO] CodeEngine:257 - Generated code: E:\microprocessor_ReportLab3\lab3_project\Core\Inc\main.h
2024-09-27 11:40:55,787 [INFO] CodeEngine:239 - oldGeneratedFile, E:\microprocessor_ReportLab3\lab3_project\Core\Src\main.c_save
2024-09-27 11:40:56,050 [INFO] CodeEngine:257 - Generated code: E:\microprocessor_ReportLab3\lab3_project\Core\Src\main.c
2024-09-27 11:40:58,247 [INFO] ProjectBuilder:2578 - Time for Copy HAL[1] : 140mS.
2024-09-27 11:40:58,252 [INFO] ProjectBuilder:3622 - Project Generator version: 3.14.1
2024-09-27 11:40:59,059 [INFO] ConfigFileManager:1271 - The Die is : DIE412
2024-09-27 11:40:59,098 [INFO] ApiDbMcu:468 - Load IP Config File for FATFS
2024-09-27 11:40:59,157 [INFO] ApiDbMcu:468 - Load IP Config File for FREERTOS
2024-09-27 11:40:59,218 [INFO] ApiDbMcu:468 - Load IP Config File for USB_DEVICE
2024-09-27 11:41:05,268 [INFO] ProjectBuilder:3789 - Time for Generating toolchain IDE Files: 7016mS.
2024-09-27 11:41:05,273 [INFO] ProjectBuilder:2457 - Time for Copy CMSIS : 5mS.
2024-09-27 11:41:05,275 [INFO] ProjectBuilder:2457 - Time for Copy CMSIS : 0mS.
2024-09-27 11:57:30,426 [INFO] MainUpdater:2671 - connection check result : 10
2024-09-27 11:57:30,426 [INFO] MainUpdater:2671 - connection check result : 10
2024-09-27 11:57:30,852 [INFO] MicroXplorer:448 - Change Database Path : 
2024-09-27 11:57:30,852 [INFO] MicroXplorer:478 - Change Database Version : DB.6.0.30
2024-09-27 11:57:30,855 [WARN] ThirdParty:813 - waiting for thirdparty lock release [close project]
2024-09-27 11:57:30,855 [INFO] ThirdParty:815 - entering critical section [close project]
2024-09-27 11:57:30,855 [INFO] ThirdParty:825 - exiting critical section [close project]
2024-09-27 11:57:30,856 [INFO] PinOutPanel:1463 - setPackage(No Configuration,No Configuration)
2024-09-27 11:57:30,876 [INFO] UtilMem:74 - Begin LoadConfig() Used Memory: 917826616 Bytes (1073741824)
2024-09-27 11:57:30,876 [INFO] MicroXplorer:448 - Change Database Path : 
2024-09-27 11:57:30,876 [INFO] MicroXplorer:478 - Change Database Version : DB.6.0.30
2024-09-27 11:57:30,876 [INFO] OpenFileManager:313 - Change cursor
2024-09-27 11:57:30,935 [INFO] RulesReader:57 - Compatibility file has been processed (242 Rules)
2024-09-27 11:57:31,986 [INFO] Context:592 - Trying to add GPIOservice into a context  which must be forbidden
2024-09-27 11:57:32,318 [WARN] ApiManager:304 - Cannot register API 'Board Extension:GNSS1A1' from pack STMicroelectronics.X-CUBE-GNSS1.6.0.0: no header file found
2024-09-27 11:57:32,325 [WARN] ApiManager:304 - Cannot register API 'Board Support:Custom' from pack STMicroelectronics.X-CUBE-GNSS1.6.0.0: no header file found
2024-09-27 11:57:32,325 [WARN] ApiManager:304 - Cannot register API 'Data Exchange:lib_gnss' from pack STMicroelectronics.X-CUBE-GNSS1.6.0.0: no header file found
2024-09-27 11:57:32,337 [WARN] ApiManager:304 - Cannot register API 'Board Extension:GNSS1A1' from pack STMicroelectronics.X-CUBE-GNSS1.7.0.0: no header file found
2024-09-27 11:57:32,337 [WARN] ApiManager:304 - Cannot register API 'Board Support:Custom' from pack STMicroelectronics.X-CUBE-GNSS1.7.0.0: no header file found
2024-09-27 11:57:32,337 [WARN] ApiManager:304 - Cannot register API 'Data Exchange:lib_gnss' from pack STMicroelectronics.X-CUBE-GNSS1.7.0.0: no header file found
2024-09-27 11:57:32,346 [WARN] ApiManager:304 - Cannot register API 'Board Extension:NFC06A1' from pack STMicroelectronics.X-CUBE-NFC6.3.1.0: no header file found
2024-09-27 11:57:32,346 [WARN] ApiManager:304 - Cannot register API 'Board Extension:NFC08A1' from pack STMicroelectronics.X-CUBE-NFC6.3.1.0: no header file found
2024-09-27 11:57:32,864 [WARN] ApiManager:304 - Cannot register API 'Board Extension:IKS01A3' from pack STMicroelectronics.X-CUBE-MEMS1.11.0.0: no header file found
2024-09-27 11:57:32,865 [WARN] ApiManager:304 - Cannot register API 'Board Extension:IKS02A1' from pack STMicroelectronics.X-CUBE-MEMS1.11.0.0: no header file found
2024-09-27 11:57:32,866 [WARN] ApiManager:304 - Cannot register API 'Board Extension:IKS4A1' from pack STMicroelectronics.X-CUBE-MEMS1.11.0.0: no header file found
2024-09-27 11:57:32,880 [INFO] RtosManager:484 - Registered RTOS mode: class=CMSIS, group=RTOS, mode=CMSIS_V1, owner=FREERTOS
2024-09-27 11:57:32,880 [INFO] RtosManager:484 - Registered RTOS mode: class=CMSIS, group=RTOS2, mode=CMSIS_V2, owner=FREERTOS
2024-09-27 11:57:32,880 [INFO] RtosManager:484 - Registered RTOS mode: class=RTOS, group=Core, mode=CMSIS_V1, owner=FREERTOS
2024-09-27 11:57:32,880 [INFO] RtosManager:484 - Registered RTOS mode: class=RTOS, group=Core, mode=CMSIS_V2, owner=FREERTOS
2024-09-27 11:57:32,880 [WARN] ModelIntegratedComponent:181 - Missing modes for component STMicroelectronics:FreeRTOS:0.0.1:STMicroelectronics:RTOS:FreeRTOS:Core:::10.2.0:
2024-09-27 11:57:32,886 [WARN] ApiManager:304 - Cannot register API 'Board Extension:STSAFEA1' from pack STMicroelectronics.X-CUBE-SAFEA1.1.2.2: no header file found
2024-09-27 11:57:32,886 [WARN] ApiManager:304 - Cannot register API 'Board Part:STSAFEA110' from pack STMicroelectronics.X-CUBE-SAFEA1.1.2.2: no header file found
2024-09-27 11:57:32,886 [WARN] ApiManager:304 - Cannot register API 'Security:ST_Cryptolib' from pack STMicroelectronics.X-CUBE-SAFEA1.1.2.2: no header file found
2024-09-27 11:57:32,886 [WARN] ApiManager:304 - Cannot register API 'Security:MbedTLS' from pack STMicroelectronics.X-CUBE-SAFEA1.1.2.2: no header file found
2024-09-27 11:57:32,888 [WARN] ApiManager:304 - Cannot register API 'Board Extension:NFC04A1' from pack STMicroelectronics.X-CUBE-NFC4.3.0.0: no header file found
2024-09-27 11:57:32,888 [WARN] ApiManager:304 - Cannot register API 'Board Extension:S2868A1' from pack STMicroelectronics.X-CUBE-SUBG2.5.0.0: no header file found
2024-09-27 11:57:32,888 [WARN] ApiManager:304 - Cannot register API 'Board Extension:S2868A2' from pack STMicroelectronics.X-CUBE-SUBG2.5.0.0: no header file found
2024-09-27 11:57:32,888 [WARN] ApiManager:304 - Cannot register API 'Board Extension:S2915A1' from pack STMicroelectronics.X-CUBE-SUBG2.5.0.0: no header file found
2024-09-27 11:57:32,896 [WARN] ApiManager:304 - Cannot register API 'Wireless:BlueNRG-MS' from pack STMicroelectronics.X-CUBE-BLE1.7.0.0: no header file found
2024-09-27 11:57:32,906 [WARN] ApiManager:304 - Cannot register API 'Board Extension:EEPRMA2' from pack STMicroelectronics.X-CUBE-EEPRMA1.5.1.0: no header file found
2024-09-27 11:57:32,908 [WARN] ApiManager:304 - Cannot register API 'Board Extension:PGEEZ1' from pack STMicroelectronics.X-CUBE-EEPRMA1.5.1.0: no header file found
2024-09-27 11:57:32,908 [WARN] ApiManager:304 - Cannot register API 'Board Extension:EEICA1' from pack STMicroelectronics.X-CUBE-EEPRMA1.5.1.0: no header file found
2024-09-27 11:57:32,908 [WARN] ApiManager:304 - Cannot register API 'Board Part:M24' from pack STMicroelectronics.X-CUBE-EEPRMA1.5.1.0: no header file found
2024-09-27 11:57:32,908 [WARN] ApiManager:304 - Cannot register API 'Board Part:M95' from pack STMicroelectronics.X-CUBE-EEPRMA1.5.1.0: no header file found
2024-09-27 11:57:32,908 [WARN] ApiManager:304 - Cannot register API 'Board Part:M95P32' from pack STMicroelectronics.X-CUBE-EEPRMA1.5.1.0: no header file found
2024-09-27 11:57:32,908 [WARN] ApiManager:304 - Cannot register API 'Board Part:M24256E-F' from pack STMicroelectronics.X-CUBE-EEPRMA1.5.1.0: no header file found
2024-09-27 11:57:32,908 [WARN] ApiManager:304 - Cannot register API 'Board Part:M24M01E-F' from pack STMicroelectronics.X-CUBE-EEPRMA1.5.1.0: no header file found
2024-09-27 11:57:32,908 [WARN] ApiManager:304 - Cannot register API 'PGEEZ1:SPI' from pack STMicroelectronics.X-CUBE-EEPRMA1.5.1.0: no header file found
2024-09-27 11:57:32,908 [WARN] ApiManager:304 - Cannot register API 'PGEEZ1:QDSPI' from pack STMicroelectronics.X-CUBE-EEPRMA1.5.1.0: no header file found
2024-09-27 11:57:32,911 [WARN] ModelIntegratedComponent:60 - No mode defined for component null
2024-09-27 11:57:32,911 [WARN] ModelIntegratedComponent:60 - No mode defined for component null
2024-09-27 11:57:32,911 [WARN] ModelIntegratedComponent:60 - No mode defined for component null
2024-09-27 11:57:32,911 [WARN] ModelIntegratedComponent:60 - No mode defined for component null
2024-09-27 11:57:32,911 [WARN] ModelIntegratedComponent:60 - No mode defined for component null
2024-09-27 11:57:32,911 [WARN] ModelIntegratedComponent:60 - No mode defined for component null
2024-09-27 11:57:32,915 [WARN] ModelIntegratedComponent:60 - No mode defined for component null
2024-09-27 11:57:32,915 [WARN] ModelIntegratedComponent:60 - No mode defined for component null
2024-09-27 11:57:32,915 [WARN] ModelIntegratedComponent:60 - No mode defined for component null
2024-09-27 11:57:32,915 [WARN] ModelIntegratedComponent:60 - No mode defined for component null
2024-09-27 11:57:32,916 [WARN] ModelIntegratedComponent:60 - No mode defined for component null
2024-09-27 11:57:32,916 [WARN] ModelIntegratedComponent:60 - No mode defined for component null
2024-09-27 11:57:32,916 [WARN] ModelIntegratedComponent:60 - No mode defined for component null
2024-09-27 11:57:32,916 [WARN] ModelIntegratedComponent:60 - No mode defined for component null
2024-09-27 11:57:32,916 [WARN] ModelIntegratedComponent:60 - No mode defined for component null
2024-09-27 11:57:32,916 [WARN] ModelIntegratedComponent:60 - No mode defined for component null
2024-09-27 11:57:32,916 [WARN] ModelIntegratedComponent:60 - No mode defined for component null
2024-09-27 11:57:32,916 [WARN] ModelIntegratedComponent:60 - No mode defined for component null
2024-09-27 11:57:32,916 [WARN] ModelIntegratedComponent:60 - No mode defined for component null
2024-09-27 11:57:32,916 [WARN] ModelIntegratedComponent:60 - No mode defined for component null
2024-09-27 11:57:32,916 [WARN] ModelIntegratedComponent:60 - No mode defined for component null
2024-09-27 11:57:32,916 [WARN] ModelIntegratedComponent:60 - No mode defined for component null
2024-09-27 11:57:32,916 [WARN] ModelIntegratedComponent:60 - No mode defined for component null
2024-09-27 11:57:32,916 [WARN] ModelIntegratedComponent:60 - No mode defined for component null
2024-09-27 11:57:32,916 [WARN] ModelIntegratedComponent:60 - No mode defined for component null
2024-09-27 11:57:32,916 [WARN] ModelIntegratedComponent:60 - No mode defined for component null
2024-09-27 11:57:32,916 [WARN] ModelIntegratedComponent:60 - No mode defined for component null
2024-09-27 11:57:32,916 [WARN] ModelIntegratedComponent:60 - No mode defined for component null
2024-09-27 11:57:32,916 [WARN] ModelIntegratedComponent:60 - No mode defined for component null
2024-09-27 11:57:32,916 [WARN] ModelIntegratedComponent:60 - No mode defined for component null
2024-09-27 11:57:32,916 [WARN] ModelIntegratedComponent:60 - No mode defined for component null
2024-09-27 11:57:32,927 [WARN] ApiManager:304 - Cannot register API 'Board Extension:NFC07A1' from pack STMicroelectronics.X-CUBE-NFC7.1.0.1: no header file found
2024-09-27 11:57:32,943 [WARN] ApiManager:304 - Cannot register API 'Board Extension:S2868A1' from pack STMicroelectronics.X-CUBE-SFXS2LP1.4.0.0: no header file found
2024-09-27 11:57:32,943 [WARN] ApiManager:304 - Cannot register API 'Board Extension:S2868A2' from pack STMicroelectronics.X-CUBE-SFXS2LP1.4.0.0: no header file found
2024-09-27 11:57:32,945 [WARN] ApiManager:304 - Cannot register API 'Board Extension:S2915A1' from pack STMicroelectronics.X-CUBE-SFXS2LP1.4.0.0: no header file found
2024-09-27 11:57:32,946 [WARN] ApiManager:304 - Cannot register API 'Wireless:BlueNRG-2' from pack STMicroelectronics.X-CUBE-BLE2.3.3.0: no header file found
2024-09-27 11:57:37,458 [INFO] UtilMem:74 - End LoadConfig() Used Memory: 866620680 Bytes (1073741824)
2024-09-27 11:57:37,466 [WARN] ThirdParty:779 - waiting for thirdparty lock release [change project]
2024-09-27 11:57:37,466 [INFO] ThirdParty:781 - entering critical section [change project]
2024-09-27 11:57:37,466 [INFO] ThirdParty:967 - CMSIS Pack Vendor :STMicroelectronics X-CUBE-AZRTOS-H7 3.3.0
2024-09-27 11:57:37,466 [INFO] ThirdParty:967 - CMSIS Pack Vendor :STMicroelectronics X-CUBE-GNSS1 6.0.0
2024-09-27 11:57:37,466 [INFO] ThirdParty:967 - CMSIS Pack Vendor :STMicroelectronics USB_HOST 2.0.0
2024-09-27 11:57:37,466 [INFO] ThirdParty:967 - CMSIS Pack Vendor :STMicroelectronics X-CUBE-AZRTOS-F4 1.1.0
2024-09-27 11:57:37,466 [INFO] ThirdParty:967 - CMSIS Pack Vendor :STMicroelectronics USB_DEVICE 3.0.0
2024-09-27 11:57:37,466 [INFO] ThirdParty:967 - CMSIS Pack Vendor :STMicroelectronics X-CUBE-ISPU 2.1.0
2024-09-27 11:57:37,466 [INFO] ThirdParty:967 - CMSIS Pack Vendor :STMicroelectronics X-CUBE-AZRTOS-WB 2.0.0
2024-09-27 11:57:37,466 [INFO] ThirdParty:967 - CMSIS Pack Vendor :STMicroelectronics X-CUBE-GNSS1 7.0.0
2024-09-27 11:57:37,466 [INFO] ThirdParty:967 - CMSIS Pack Vendor :STMicroelectronics X-CUBE-AZRTOS-F7 1.1.0
2024-09-27 11:57:37,466 [INFO] ThirdParty:967 - CMSIS Pack Vendor :STMicroelectronics X-CUBE-AZRTOS-L5 2.0.0
2024-09-27 11:57:37,466 [INFO] ThirdParty:967 - CMSIS Pack Vendor :STMicroelectronics USB_DEVICE 2.0.0
2024-09-27 11:57:37,466 [INFO] ThirdParty:967 - CMSIS Pack Vendor :STMicroelectronics X-CUBE-NFC6 3.1.0
2024-09-27 11:57:37,466 [INFO] ThirdParty:967 - CMSIS Pack Vendor :STMicroelectronics X-CUBE-MEMS1 11.0.0
2024-09-27 11:57:37,466 [INFO] ThirdParty:967 - CMSIS Pack Vendor :STMicroelectronics FreeRTOS 0.0.1
2024-09-27 11:57:37,466 [INFO] ThirdParty:967 - CMSIS Pack Vendor :STMicroelectronics X-CUBE-AZRTOS-G0 1.1.0
2024-09-27 11:57:37,466 [INFO] ThirdParty:967 - CMSIS Pack Vendor :STMicroelectronics X-CUBE-SAFEA1 1.2.2
2024-09-27 11:57:37,466 [INFO] ThirdParty:967 - CMSIS Pack Vendor :STMicroelectronics X-CUBE-NFC4 3.0.0
2024-09-27 11:57:37,466 [INFO] ThirdParty:967 - CMSIS Pack Vendor :STMicroelectronics X-CUBE-SUBG2 5.0.0
2024-09-27 11:57:37,466 [INFO] ThirdParty:967 - CMSIS Pack Vendor :STMicroelectronics lwIP 2.0.3
2024-09-27 11:57:37,466 [INFO] ThirdParty:967 - CMSIS Pack Vendor :STMicroelectronics USB_HOST 1.0.0
2024-09-27 11:57:37,466 [INFO] ThirdParty:967 - CMSIS Pack Vendor :STMicroelectronics X-CUBE-AI 9.0.0
2024-09-27 11:57:37,466 [INFO] ThirdParty:967 - CMSIS Pack Vendor :STMicroelectronics X-CUBE-AZRTOS-G4 2.0.0
2024-09-27 11:57:37,466 [INFO] ThirdParty:967 - CMSIS Pack Vendor :STMicroelectronics PDM2PCM 3.1.0
2024-09-27 11:57:37,466 [INFO] ThirdParty:967 - CMSIS Pack Vendor :STMicroelectronics PDM2PCM 3.3.0
2024-09-27 11:57:37,466 [INFO] ThirdParty:967 - CMSIS Pack Vendor :STMicroelectronics X-CUBE-BLE1 7.0.0
2024-09-27 11:57:37,466 [INFO] ThirdParty:967 - CMSIS Pack Vendor :STMicroelectronics FP-ATR-SIGFOX1 3.2.0
2024-09-27 11:57:37,466 [INFO] ThirdParty:967 - CMSIS Pack Vendor :wolfSSL I-CUBE-wolfSSL 5.7.2
2024-09-27 11:57:37,466 [INFO] ThirdParty:967 - CMSIS Pack Vendor :STMicroelectronics X-CUBE-ISPU 2.0.0
2024-09-27 11:57:37,466 [INFO] ThirdParty:967 - CMSIS Pack Vendor :STMicroelectronics X-CUBE-EEPRMA1 5.1.0
2024-09-27 11:57:37,466 [INFO] ThirdParty:967 - CMSIS Pack Vendor :STMicroelectronics HAL Drivers 0.0.0
2024-09-27 11:57:37,466 [INFO] ThirdParty:967 - CMSIS Pack Vendor :STMicroelectronics MBEDTLS 2.16.2
2024-09-27 11:57:37,466 [INFO] ThirdParty:967 - CMSIS Pack Vendor :STMicroelectronics X-CUBE-NFC7 1.0.1
2024-09-27 11:57:37,466 [INFO] ThirdParty:967 - CMSIS Pack Vendor :STMicroelectronics MBEDTLS 2.14.1
2024-09-27 11:57:37,466 [INFO] ThirdParty:967 - CMSIS Pack Vendor :STMicroelectronics X-CUBE-TOUCHGFX 4.24.0
2024-09-27 11:57:37,466 [INFO] ThirdParty:967 - CMSIS Pack Vendor :STMicroelectronics X-CUBE-TOUCHGFX 4.24.1
2024-09-27 11:57:37,466 [INFO] ThirdParty:967 - CMSIS Pack Vendor :wolfSSL I-CUBE-wolfTPM 3.4.0
2024-09-27 11:57:37,466 [INFO] ThirdParty:967 - CMSIS Pack Vendor :portGmbH I-Cube-SoM-uGOAL 1.1.0
2024-09-27 11:57:37,466 [INFO] ThirdParty:967 - CMSIS Pack Vendor :STMicroelectronics X-CUBE-AZRTOS-WL 2.0.0
2024-09-27 11:57:37,466 [INFO] ThirdParty:967 - CMSIS Pack Vendor :SEGGER I-CUBE-embOS 1.3.1
2024-09-27 11:57:37,466 [INFO] ThirdParty:967 - CMSIS Pack Vendor :STMicroelectronics X-CUBE-ALGOBUILD 1.4.0
2024-09-27 11:57:37,466 [INFO] ThirdParty:967 - CMSIS Pack Vendor :STMicroelectronics USB_DEVICE 1.0.0
2024-09-27 11:57:37,466 [INFO] ThirdParty:967 - CMSIS Pack Vendor :STMicroelectronics X-CUBE-AZRTOS-H7RS 1.0.0
2024-09-27 11:57:37,466 [INFO] ThirdParty:967 - CMSIS Pack Vendor :wolfSSL I-CUBE-wolfMQTT 1.19.0
2024-09-27 11:57:37,466 [INFO] ThirdParty:967 - CMSIS Pack Vendor :STMicroelectronics X-CUBE-AZRTOS-L4 2.0.0
2024-09-27 11:57:37,474 [INFO] ThirdParty:967 - CMSIS Pack Vendor :STMicroelectronics ThreadX 0.0.2
2024-09-27 11:57:37,474 [INFO] ThirdParty:967 - CMSIS Pack Vendor :WES I-CUBE-Cesium 1.3.0
2024-09-27 11:57:37,474 [INFO] ThirdParty:967 - CMSIS Pack Vendor :STMicroelectronics FP-ATR-ASTRA1 2.0.0
2024-09-27 11:57:37,474 [INFO] ThirdParty:967 - CMSIS Pack Vendor :STMicroelectronics lwIP 2.1.2
2024-09-27 11:57:37,474 [INFO] ThirdParty:967 - CMSIS Pack Vendor :STMicroelectronics X-CUBE-SFXS2LP1 4.0.0
2024-09-27 11:57:37,474 [INFO] ThirdParty:967 - CMSIS Pack Vendor :STMicroelectronics X-CUBE-BLE2 3.3.0
2024-09-27 11:57:37,475 [INFO] ThirdParty:967 - CMSIS Pack Vendor :STMicroelectronics PDM2PCM 3.2.0
2024-09-27 11:57:37,475 [INFO] ThirdParty:967 - CMSIS Pack Vendor :wolfSSL I-CUBE-wolfSSH 1.4.17
2024-09-27 11:57:37,475 [INFO] ThirdParty:787 - exiting critical section [change project]
2024-09-27 11:57:37,668 [INFO] PinOutPanel:1463 - setPackage(No Configuration,No Configuration)
2024-09-27 11:57:37,668 [INFO] PinOutPanel:1463 - setPackage(STM32F103C6Tx,LQFP48)
2024-09-27 11:57:37,950 [INFO] UtilMem:74 - Before build in PCC Used Memory: 942118152 Bytes (1073741824)
2024-09-27 11:57:38,345 [INFO] UtilMem:74 - After build in PCC Used Memory: 874906200 Bytes (1073741824)
2024-09-27 11:57:38,370 [INFO] IPUIPlugin:74 - create IPUIPlugin
2024-09-27 11:57:38,370 [INFO] IPUIPlugin:74 - create IPUIPlugin
2024-09-27 11:57:38,370 [INFO] IPUIPlugin:74 - create IPUIPlugin
2024-09-27 11:57:38,370 [INFO] IPUIPlugin:74 - create IPUIPlugin
2024-09-27 11:57:38,370 [INFO] IPUIPlugin:74 - create IPUIPlugin
2024-09-27 11:57:38,370 [INFO] IPUIPlugin:74 - create IPUIPlugin
2024-09-27 11:57:38,370 [INFO] IPUIPlugin:74 - create IPUIPlugin
2024-09-27 11:57:38,370 [INFO] IPUIPlugin:74 - create IPUIPlugin
2024-09-27 11:57:38,370 [INFO] IPUIPlugin:74 - create IPUIPlugin
2024-09-27 11:57:38,370 [INFO] IPUIPlugin:74 - create IPUIPlugin
2024-09-27 11:57:38,370 [INFO] IPUIPlugin:74 - create IPUIPlugin
2024-09-27 11:57:38,370 [INFO] IPUIPlugin:74 - create IPUIPlugin
2024-09-27 11:57:38,370 [INFO] IPUIPlugin:74 - create IPUIPlugin
2024-09-27 11:57:38,375 [INFO] IPUIPlugin:74 - create IPUIPlugin
2024-09-27 11:57:38,375 [INFO] IPUIPlugin:74 - create IPUIPlugin
2024-09-27 11:57:38,376 [INFO] IPUIPlugin:74 - create IPUIPlugin
2024-09-27 11:57:38,376 [INFO] IPUIPlugin:74 - create IPUIPlugin
2024-09-27 11:57:38,376 [INFO] IPUIPlugin:74 - create IPUIPlugin
2024-09-27 11:57:38,377 [INFO] IPUIPlugin:74 - create IPUIPlugin
2024-09-27 11:57:38,377 [INFO] IPUIPlugin:74 - create IPUIPlugin
2024-09-27 11:57:38,377 [INFO] IPUIPlugin:74 - create IPUIPlugin
2024-09-27 11:57:38,379 [INFO] IPUIPlugin:74 - create IPUIPlugin
2024-09-27 11:57:38,379 [INFO] IPUIPlugin:74 - create IPUIPlugin
2024-09-27 11:57:38,386 [INFO] OpenFileManager:333 - Restore cursor
2024-09-27 11:57:43,516 [INFO] Gpio:254 - dependency for GPIO []
2024-09-27 11:58:00,798 [INFO] Gpio:254 - dependency for GPIO []
2024-09-27 11:58:02,556 [INFO] Gpio:254 - dependency for GPIO []
2024-09-27 11:58:04,618 [INFO] Gpio:254 - dependency for GPIO []
2024-09-27 11:58:06,746 [INFO] Gpio:254 - dependency for GPIO []
2024-09-27 11:58:08,518 [INFO] Gpio:254 - dependency for GPIO []
2024-09-27 11:58:20,565 [INFO] Gpio:254 - dependency for GPIO []
2024-09-27 11:58:22,446 [INFO] Gpio:254 - dependency for GPIO []
2024-09-27 11:58:24,286 [INFO] Gpio:254 - dependency for GPIO []
2024-09-27 11:58:26,228 [INFO] Gpio:254 - dependency for GPIO []
2024-09-27 11:58:28,146 [INFO] Gpio:254 - dependency for GPIO []
2024-09-27 11:59:01,626 [INFO] Gpio:254 - dependency for GPIO []
2024-09-27 11:59:04,146 [INFO] Gpio:254 - dependency for GPIO []
2024-09-27 11:59:12,968 [INFO] Gpio:254 - dependency for GPIO []
2024-09-27 11:59:14,846 [INFO] Gpio:254 - dependency for GPIO []
2024-09-27 12:00:23,976 [INFO] UtilMem:74 - End SaveConfig() Used Memory: 897486608 Bytes (1073741824)
2024-09-27 12:00:25,348 [INFO] UtilMem:74 - End SaveConfig() Used Memory: 924227344 Bytes (1073741824)
2024-09-27 12:00:27,261 [INFO] UtilMem:74 - End SaveConfig() Used Memory: 906142360 Bytes (1073741824)
2024-09-27 12:00:28,077 [INFO] BlockDiagram:2740 - set Specific Code input for plugin: NVIC
2024-09-27 12:00:28,077 [INFO] BlockDiagram:2740 - set Specific Code input for plugin: SYS
2024-09-27 12:00:28,077 [INFO] BlockDiagram:2740 - set Specific Code input for plugin: GPIO
2024-09-27 12:00:28,077 [INFO] BlockDiagram:2740 - set Specific Code input for plugin: RCC
2024-09-27 12:00:28,077 [INFO] BlockDiagram:2740 - set Specific Code input for plugin: TIM1_8F1
2024-09-27 12:00:28,077 [INFO] CodeGenerator:663 - code generatio: config db path: C:\Users\thuyh\STM32CubeIDE_1.7.0\STM32CubeIDE\plugins\com.st.stm32cube.common.mx_6.3.0.202107141111\\db\
2024-09-27 12:00:28,737 [INFO] CodeEngine:239 - oldGeneratedFile, E:\microprocessor_ReportLab3\lab3_project\MXTmpFiles\license.tmp_save
2024-09-27 12:00:29,086 [INFO] CodeEngine:257 - Generated code: E:\microprocessor_ReportLab3\lab3_project\MXTmpFiles\license.tmp
2024-09-27 12:00:29,483 [INFO] CodeEngine:239 - oldGeneratedFile, E:\microprocessor_ReportLab3\lab3_project\MXTmpFiles\gpio.tmp_save
2024-09-27 12:00:30,496 [INFO] CodeEngine:257 - Generated code: E:\microprocessor_ReportLab3\lab3_project\MXTmpFiles\gpio.tmp
2024-09-27 12:00:31,987 [INFO] CodeEngine:239 - oldGeneratedFile, E:\microprocessor_ReportLab3\lab3_project\Core\Src\stm32f1xx_it.c_save
2024-09-27 12:00:32,356 [INFO] CodeEngine:257 - Generated code: E:\microprocessor_ReportLab3\lab3_project\Core\Src\stm32f1xx_it.c
2024-09-27 12:00:32,376 [INFO] CodeEngine:239 - oldGeneratedFile, E:\microprocessor_ReportLab3\lab3_project\Core\Inc\stm32f1xx_it.h_save
2024-09-27 12:00:32,681 [INFO] CodeEngine:257 - Generated code: E:\microprocessor_ReportLab3\lab3_project\Core\Inc\stm32f1xx_it.h
2024-09-27 12:00:32,826 [INFO] CodeEngine:239 - oldGeneratedFile, E:\microprocessor_ReportLab3\lab3_project\Core\Src\stm32f1xx_hal_msp.c_save
2024-09-27 12:00:33,106 [INFO] CodeEngine:257 - Generated code: E:\microprocessor_ReportLab3\lab3_project\Core\Src\stm32f1xx_hal_msp.c
2024-09-27 12:00:33,138 [INFO] CodeEngine:239 - oldGeneratedFile, E:\microprocessor_ReportLab3\lab3_project\MXTmpFiles\system.tmp_save
2024-09-27 12:00:33,700 [INFO] CodeEngine:257 - Generated code: E:\microprocessor_ReportLab3\lab3_project\MXTmpFiles\system.tmp
2024-09-27 12:00:33,886 [INFO] CodeEngine:239 - oldGeneratedFile, E:\microprocessor_ReportLab3\lab3_project\Core\Inc\stm32f1xx_hal_conf.h_save
2024-09-27 12:00:34,551 [INFO] CodeEngine:257 - Generated code: E:\microprocessor_ReportLab3\lab3_project\Core\Inc\stm32f1xx_hal_conf.h
2024-09-27 12:00:34,670 [WARN] IPConfigManager:3148 - IP not found : TIM
2024-09-27 12:00:34,672 [WARN] CodeGenerator:3268 - IP not found : null
2024-09-27 12:00:34,733 [INFO] CodeEngine:239 - oldGeneratedFile, E:\microprocessor_ReportLab3\lab3_project\Core\Inc\main.h_save
2024-09-27 12:00:35,071 [INFO] CodeEngine:257 - Generated code: E:\microprocessor_ReportLab3\lab3_project\Core\Inc\main.h
2024-09-27 12:00:35,108 [INFO] CodeEngine:239 - oldGeneratedFile, E:\microprocessor_ReportLab3\lab3_project\Core\Src\main.c_save
2024-09-27 12:00:35,681 [INFO] CodeEngine:257 - Generated code: E:\microprocessor_ReportLab3\lab3_project\Core\Src\main.c
2024-09-27 12:00:39,145 [INFO] ProjectBuilder:2578 - Time for Copy HAL[1] : 1028mS.
2024-09-27 12:00:39,149 [INFO] ProjectBuilder:3622 - Project Generator version: 3.14.1
2024-09-27 12:00:40,464 [INFO] ConfigFileManager:1271 - The Die is : DIE412
2024-09-27 12:00:40,530 [INFO] ApiDbMcu:468 - Load IP Config File for FATFS
2024-09-27 12:00:40,711 [INFO] ApiDbMcu:468 - Load IP Config File for FREERTOS
2024-09-27 12:00:40,840 [INFO] ApiDbMcu:468 - Load IP Config File for USB_DEVICE
2024-09-27 12:00:48,438 [INFO] ProjectBuilder:3789 - Time for Generating toolchain IDE Files: 9289mS.
2024-09-27 12:00:48,439 [INFO] ProjectBuilder:2457 - Time for Copy CMSIS : 1mS.
2024-09-27 12:00:48,441 [INFO] ProjectBuilder:2457 - Time for Copy CMSIS : 0mS.
2024-09-29 11:25:02,047 [INFO] Activator:177 - 


2024-09-29 11:25:02,052 [INFO] Activator:178 - !SESSION log4j initialized
2024-09-29 11:26:28,783 [INFO] RetryExec:97 - I/O exception (org.apache.http.NoHttpResponseException) caught when processing request to {s}->https://sw-center.st.com:443: The target server failed to respond
2024-09-29 11:26:28,783 [INFO] RetryExec:113 - Retrying request to {s}->https://sw-center.st.com:443
2024-10-01 12:37:47,149 [INFO] Activator:177 - 


2024-10-01 12:37:47,149 [INFO] Activator:178 - !SESSION log4j initialized
2024-10-01 12:39:09,517 [INFO] Activator:177 - 


2024-10-01 12:39:09,517 [INFO] Activator:178 - !SESSION log4j initialized
2024-10-01 12:43:14,271 [INFO] Activator:177 - 


2024-10-01 12:43:14,271 [INFO] Activator:178 - !SESSION log4j initialized
2024-10-01 13:36:09,735 [INFO] Activator:177 - 


2024-10-01 13:36:09,735 [INFO] Activator:178 - !SESSION log4j initialized
2024-10-01 15:13:21,940 [INFO] Activator:177 - 


2024-10-01 15:13:21,943 [INFO] Activator:178 - !SESSION log4j initialized
2024-10-02 08:24:20,862 [INFO] Activator:177 - 


2024-10-02 08:24:20,862 [INFO] Activator:178 - !SESSION log4j initialized
2024-10-04 07:20:08,352 [INFO] Activator:177 - 


2024-10-04 07:20:08,352 [INFO] Activator:178 - !SESSION log4j initialized
2024-10-04 07:24:10,939 [INFO] McuFinderGlobals:39 - Set McuFinder mode to 2 (CubeIDE integrated)
2024-10-04 07:24:11,360 [INFO] ApplicationProperties:181 - Using Application install path: C:\Users\thuyh\STM32CubeIDE_1.7.0\STM32CubeIDE\plugins\com.st.stm32cube.common.mx_6.3.0.202107141111
2024-10-04 07:24:11,376 [INFO] DbMcusXml:74 - Set database path to: C:\Users\thuyh\STM32CubeIDE_1.7.0\STM32CubeIDE\plugins\com.st.stm32cube.common.mx_6.3.0.202107141111\\db\/mcu/
2024-10-04 07:24:11,392 [INFO] DbBoardsPdsc:56 - Set plugin database path to: C:\Users\thuyh\STM32CubeIDE_1.7.0\STM32CubeIDE\plugins\com.st.stm32cube.common.mx_6.3.0.202107141111\\db\/plugins/boardmanager/
2024-10-04 07:24:11,392 [INFO] DbMcus:258 - Set plugin images path to: C:\Users\thuyh\STM32CubeIDE_1.7.0\STM32CubeIDE\plugins\com.st.stm32cube.common.mx_6.3.0.202107141111\\db\/plugins/mcufinder/images/
2024-10-04 07:24:11,392 [INFO] DbBoards:264 - Set plugin images path to: C:\Users\thuyh\STM32CubeIDE_1.7.0\STM32CubeIDE\plugins\com.st.stm32cube.common.mx_6.3.0.202107141111\\db\/plugins/mcufinder/images/
2024-10-04 07:24:11,392 [INFO] DbExamples:333 - Set plugin images path to: C:\Users\thuyh\STM32CubeIDE_1.7.0\STM32CubeIDE\plugins\com.st.stm32cube.common.mx_6.3.0.202107141111\\db\/plugins/mcufinder/images/
2024-10-04 07:24:11,407 [INFO] DbMcusAds:119 - Set database path to: C:\Users\thuyh\.stmcufinder\plugins\mcufinder//mcu/
2024-10-04 07:24:11,407 [INFO] DbMcusDocs:110 - Set database path to: C:\Users\thuyh\.stmcufinder\plugins\mcufinder//mcu/
2024-10-04 07:24:11,407 [INFO] DbMcusJson:64 - Set database path to: C:\Users\thuyh\.stmcufinder\plugins\mcufinder//mcu/
2024-10-04 07:24:11,407 [INFO] DbBoardsDocs:110 - Set database path to: C:\Users\thuyh\.stmcufinder\plugins\mcufinder//mcu/
2024-10-04 07:24:11,407 [INFO] DbBoardsJson:57 - Set database path to: C:\Users\thuyh\.stmcufinder\plugins\mcufinder//mcu/
2024-10-04 07:24:14,969 [INFO] CrossReferenceDbSqlite:196 - Set database path to: C:\Users\thuyh\.stmcufinder\plugins\mcufinder//mcu/cs/
2024-10-04 07:24:14,984 [INFO] DbExamplesSqlite:767 - Set database path to: C:\Users\thuyh\.stmcufinder\plugins\mcufinder//mcu/
2024-10-04 07:24:15,125 [INFO] RulesReader:57 - Compatibility file has been processed (242 Rules)
2024-10-04 07:24:15,234 [INFO] DbMcusXml:74 - Set database path to: C:\Users\thuyh\STM32CubeIDE_1.7.0\STM32CubeIDE\plugins\com.st.stm32cube.common.mx_6.3.0.202107141111\\db\/mcu/
2024-10-04 07:24:15,234 [INFO] DbBoardsPdsc:56 - Set plugin database path to: C:\Users\thuyh\STM32CubeIDE_1.7.0\STM32CubeIDE\plugins\com.st.stm32cube.common.mx_6.3.0.202107141111\\db\/plugins/boardmanager/
2024-10-04 07:24:15,234 [INFO] DbMcus:258 - Set plugin images path to: C:\Users\thuyh\STM32CubeIDE_1.7.0\STM32CubeIDE\plugins\com.st.stm32cube.common.mx_6.3.0.202107141111\\db\/plugins/mcufinder/images/
2024-10-04 07:24:15,234 [INFO] DbBoards:264 - Set plugin images path to: C:\Users\thuyh\STM32CubeIDE_1.7.0\STM32CubeIDE\plugins\com.st.stm32cube.common.mx_6.3.0.202107141111\\db\/plugins/mcufinder/images/
2024-10-04 07:24:15,234 [INFO] DbExamples:333 - Set plugin images path to: C:\Users\thuyh\STM32CubeIDE_1.7.0\STM32CubeIDE\plugins\com.st.stm32cube.common.mx_6.3.0.202107141111\\db\/plugins/mcufinder/images/
2024-10-04 07:24:15,234 [WARN] DbFile:35 - Overriding database path with different value: C:\Users\thuyh\.stmcufinder\plugins\mcufinder/ => C:\Users\thuyh\.stmcufinder\plugins\mcufinder
2024-10-04 07:24:15,234 [INFO] DbMcusAds:119 - Set database path to: C:\Users\thuyh\.stmcufinder\plugins\mcufinder//mcu/
2024-10-04 07:24:15,234 [WARN] DbFile:35 - Overriding database path with different value: C:\Users\thuyh\.stmcufinder\plugins\mcufinder/ => C:\Users\thuyh\.stmcufinder\plugins\mcufinder
2024-10-04 07:24:15,234 [INFO] DbMcusDocs:110 - Set database path to: C:\Users\thuyh\.stmcufinder\plugins\mcufinder//mcu/
2024-10-04 07:24:15,234 [WARN] DbFile:35 - Overriding database path with different value: C:\Users\thuyh\.stmcufinder\plugins\mcufinder/ => C:\Users\thuyh\.stmcufinder\plugins\mcufinder
2024-10-04 07:24:15,234 [INFO] DbMcusJson:64 - Set database path to: C:\Users\thuyh\.stmcufinder\plugins\mcufinder//mcu/
2024-10-04 07:24:15,234 [WARN] DbFile:35 - Overriding database path with different value: C:\Users\thuyh\.stmcufinder\plugins\mcufinder/ => C:\Users\thuyh\.stmcufinder\plugins\mcufinder
2024-10-04 07:24:15,234 [INFO] DbBoardsDocs:110 - Set database path to: C:\Users\thuyh\.stmcufinder\plugins\mcufinder//mcu/
2024-10-04 07:24:15,234 [WARN] DbFile:35 - Overriding database path with different value: C:\Users\thuyh\.stmcufinder\plugins\mcufinder/ => C:\Users\thuyh\.stmcufinder\plugins\mcufinder
2024-10-04 07:24:15,234 [INFO] DbBoardsJson:57 - Set database path to: C:\Users\thuyh\.stmcufinder\plugins\mcufinder//mcu/
2024-10-04 07:24:15,234 [WARN] DbFile:35 - Overriding database path with different value: C:\Users\thuyh\.stmcufinder\plugins\mcufinder/ => C:\Users\thuyh\.stmcufinder\plugins\mcufinder
2024-10-04 07:24:15,234 [WARN] DbFile:35 - Overriding database path with different value: C:\Users\thuyh\.stmcufinder\plugins\mcufinder/ => C:\Users\thuyh\.stmcufinder\plugins\mcufinder
2024-10-04 07:24:15,234 [INFO] CrossReferenceDbSqlite:196 - Set database path to: C:\Users\thuyh\.stmcufinder\plugins\mcufinder//mcu/cs/
2024-10-04 07:24:15,234 [WARN] DbFile:35 - Overriding database path with different value: C:\Users\thuyh\.stmcufinder\plugins\mcufinder/ => C:\Users\thuyh\.stmcufinder\plugins\mcufinder
2024-10-04 07:24:15,234 [INFO] DbExamplesSqlite:767 - Set database path to: C:\Users\thuyh\.stmcufinder\plugins\mcufinder//mcu/
2024-10-04 07:24:15,313 [INFO] MainPanel:214 - HeapMemory: 298844160
2024-10-04 07:24:15,406 [INFO] DbMcusXml:74 - Set database path to: C:\Users\thuyh\STM32CubeIDE_1.7.0\STM32CubeIDE\plugins\com.st.stm32cube.common.mx_6.3.0.202107141111\\db\/mcu/
2024-10-04 07:24:15,406 [INFO] DbBoardsPdsc:56 - Set plugin database path to: C:\Users\thuyh\STM32CubeIDE_1.7.0\STM32CubeIDE\plugins\com.st.stm32cube.common.mx_6.3.0.202107141111\\db\/plugins/boardmanager/
2024-10-04 07:24:15,406 [INFO] DbMcus:258 - Set plugin images path to: C:\Users\thuyh\STM32CubeIDE_1.7.0\STM32CubeIDE\plugins\com.st.stm32cube.common.mx_6.3.0.202107141111\\db\/plugins/mcufinder/images/
2024-10-04 07:24:15,406 [INFO] DbBoards:264 - Set plugin images path to: C:\Users\thuyh\STM32CubeIDE_1.7.0\STM32CubeIDE\plugins\com.st.stm32cube.common.mx_6.3.0.202107141111\\db\/plugins/mcufinder/images/
2024-10-04 07:24:15,406 [INFO] DbExamples:333 - Set plugin images path to: C:\Users\thuyh\STM32CubeIDE_1.7.0\STM32CubeIDE\plugins\com.st.stm32cube.common.mx_6.3.0.202107141111\\db\/plugins/mcufinder/images/
2024-10-04 07:24:15,406 [WARN] DbFile:35 - Overriding database path with different value: C:\Users\thuyh\.stmcufinder\plugins\mcufinder/ => C:\Users\thuyh\.stmcufinder\plugins\mcufinder
2024-10-04 07:24:15,406 [INFO] DbMcusAds:119 - Set database path to: C:\Users\thuyh\.stmcufinder\plugins\mcufinder//mcu/
2024-10-04 07:24:15,406 [WARN] DbFile:35 - Overriding database path with different value: C:\Users\thuyh\.stmcufinder\plugins\mcufinder/ => C:\Users\thuyh\.stmcufinder\plugins\mcufinder
2024-10-04 07:24:15,406 [INFO] DbMcusDocs:110 - Set database path to: C:\Users\thuyh\.stmcufinder\plugins\mcufinder//mcu/
2024-10-04 07:24:15,406 [WARN] DbFile:35 - Overriding database path with different value: C:\Users\thuyh\.stmcufinder\plugins\mcufinder/ => C:\Users\thuyh\.stmcufinder\plugins\mcufinder
2024-10-04 07:24:15,406 [INFO] DbMcusJson:64 - Set database path to: C:\Users\thuyh\.stmcufinder\plugins\mcufinder//mcu/
2024-10-04 07:24:15,406 [WARN] DbFile:35 - Overriding database path with different value: C:\Users\thuyh\.stmcufinder\plugins\mcufinder/ => C:\Users\thuyh\.stmcufinder\plugins\mcufinder
2024-10-04 07:24:15,406 [INFO] DbBoardsDocs:110 - Set database path to: C:\Users\thuyh\.stmcufinder\plugins\mcufinder//mcu/
2024-10-04 07:24:15,406 [WARN] DbFile:35 - Overriding database path with different value: C:\Users\thuyh\.stmcufinder\plugins\mcufinder/ => C:\Users\thuyh\.stmcufinder\plugins\mcufinder
2024-10-04 07:24:15,406 [INFO] DbBoardsJson:57 - Set database path to: C:\Users\thuyh\.stmcufinder\plugins\mcufinder//mcu/
2024-10-04 07:24:15,406 [WARN] DbFile:35 - Overriding database path with different value: C:\Users\thuyh\.stmcufinder\plugins\mcufinder/ => C:\Users\thuyh\.stmcufinder\plugins\mcufinder
2024-10-04 07:24:15,406 [WARN] DbFile:35 - Overriding database path with different value: C:\Users\thuyh\.stmcufinder\plugins\mcufinder/ => C:\Users\thuyh\.stmcufinder\plugins\mcufinder
2024-10-04 07:24:15,406 [INFO] CrossReferenceDbSqlite:196 - Set database path to: C:\Users\thuyh\.stmcufinder\plugins\mcufinder//mcu/cs/
2024-10-04 07:24:15,406 [WARN] DbFile:35 - Overriding database path with different value: C:\Users\thuyh\.stmcufinder\plugins\mcufinder/ => C:\Users\thuyh\.stmcufinder\plugins\mcufinder
2024-10-04 07:24:15,406 [INFO] DbExamplesSqlite:767 - Set database path to: C:\Users\thuyh\.stmcufinder\plugins\mcufinder//mcu/
2024-10-04 07:24:15,438 [INFO] ApplicationProperties:181 - Using Application install path: C:\Users\thuyh\STM32CubeIDE_1.7.0\STM32CubeIDE\plugins\com.st.stm32cube.common.mx_6.3.0.202107141111
2024-10-04 07:24:15,438 [INFO] PluginManage:188 - Search for loadable plugins [exclusion list=, ]
2024-10-04 07:24:15,438 [INFO] PluginManage:302 - Check plugin analytics
2024-10-04 07:24:15,609 [INFO] AnalyticsPlugin:257 - Accepted Software Licenses: 
2024-10-04 07:24:15,609 [INFO] AnalyticsPlugin:259 - Accepted CMSIS Pack Licenses: 
2024-10-04 07:24:15,609 [INFO] AnalyticsPlugin:261 - Accepted Firmware Licenses: 
2024-10-04 07:24:15,609 [INFO] PluginManage:352 - Loaded plugin analytics (category:tool,tabindex:-1)
2024-10-04 07:24:15,609 [INFO] PluginManage:302 - Check plugin clock
2024-10-04 07:24:15,625 [INFO] PluginManage:352 - Loaded plugin clock (category:base,tabindex:2)
2024-10-04 07:24:15,625 [INFO] PluginManage:302 - Check plugin ddr
2024-10-04 07:24:15,641 [INFO] PluginManage:352 - Loaded plugin ddr (category:tool,tabindex:6)
2024-10-04 07:24:15,641 [INFO] PluginManage:302 - Check plugin filemanager
2024-10-04 07:24:15,797 [INFO] PluginManage:352 - Loaded plugin filemanager (category:base,tabindex:10)
2024-10-04 07:24:15,812 [INFO] PluginManage:302 - Check plugin ipmanager
2024-10-04 07:24:15,812 [INFO] PluginManage:352 - Loaded plugin ipmanager (category:base,tabindex:5)
2024-10-04 07:24:15,812 [INFO] PluginManage:302 - Check plugin pinoutandconfiguration
2024-10-04 07:24:15,844 [INFO] PluginManage:352 - Loaded plugin pinoutandconfiguration (category:base,tabindex:1)
2024-10-04 07:24:15,844 [INFO] PluginManage:302 - Check plugin pinoutconfig
2024-10-04 07:24:15,891 [INFO] PluginManage:352 - Loaded plugin pinoutconfig (category:base,tabindex:0)
2024-10-04 07:24:15,891 [INFO] PluginManage:302 - Check plugin power
2024-10-04 07:24:15,906 [INFO] PluginManage:352 - Loaded plugin power (category:power,tabindex:4)
2024-10-04 07:24:15,906 [INFO] PluginManage:302 - Check plugin projectmanager
2024-10-04 07:24:15,937 [INFO] PluginManage:352 - Loaded plugin projectmanager (category:projectmanager,tabindex:3)
2024-10-04 07:24:15,937 [INFO] PluginManage:302 - Check plugin thirdparty
2024-10-04 07:24:16,203 [WARN] IntegrityCheckThread:78 - waiting for thirdparty lock release [integrity check]
2024-10-04 07:24:16,203 [INFO] IntegrityCheckThread:80 - entering critical section [integrity check]
2024-10-04 07:24:16,203 [INFO] PluginManage:352 - Loaded plugin thirdparty (category:base,tabindex:-1)
2024-10-04 07:24:16,203 [INFO] ThirdPartyUpdaterWithRetryManager:66 - Updater plugin not ready yet. [1/15]
2024-10-04 07:24:16,203 [INFO] PluginManage:302 - Check plugin tools
2024-10-04 07:24:16,281 [INFO] PluginManage:352 - Loaded plugin tools (category:base,tabindex:7)
2024-10-04 07:24:16,281 [INFO] PluginManage:302 - Check plugin tutovideos
2024-10-04 07:24:16,593 [INFO] PluginManage:352 - Loaded plugin tutovideos (category:base,tabindex:-1)
2024-10-04 07:24:16,593 [INFO] PluginManage:302 - Check plugin updater
2024-10-04 07:24:16,609 [INFO] PluginManage:352 - Loaded plugin updater (category:base,tabindex:12)
2024-10-04 07:24:16,609 [INFO] PluginManage:275 - PluginManage : Loaded plugins [13]
2024-10-04 07:24:16,859 [INFO] PinOutPanel:1463 - setPackage(No Configuration,No Configuration)
2024-10-04 07:24:17,015 [INFO] IPUIPlugin:74 - create IPUIPlugin
2024-10-04 07:24:17,015 [INFO] PluginManager:213 - loadIPPluginJar : add adc
2024-10-04 07:24:17,062 [INFO] IPUIPlugin:74 - create IPUIPlugin
2024-10-04 07:24:17,062 [INFO] PluginManager:213 - loadIPPluginJar : add aes
2024-10-04 07:24:17,125 [INFO] IPUIPlugin:74 - create IPUIPlugin
2024-10-04 07:24:17,125 [INFO] PluginManager:213 - loadIPPluginJar : add can
2024-10-04 07:24:17,156 [INFO] IPUIPlugin:74 - create IPUIPlugin
2024-10-04 07:24:17,156 [INFO] PluginManager:213 - loadIPPluginJar : add comp
2024-10-04 07:24:17,203 [INFO] IPUIPlugin:74 - create IPUIPlugin
2024-10-04 07:24:17,203 [INFO] PluginManager:213 - loadIPPluginJar : add cryp
2024-10-04 07:24:17,234 [INFO] IPUIPlugin:74 - create IPUIPlugin
2024-10-04 07:24:17,234 [INFO] PluginManager:213 - loadIPPluginJar : add dfsdm
2024-10-04 07:24:17,250 [INFO] IPUIPlugin:74 - create IPUIPlugin
2024-10-04 07:24:17,250 [INFO] PluginManager:213 - loadIPPluginJar : add dma
2024-10-04 07:24:17,312 [INFO] IPUIPlugin:74 - create IPUIPlugin
2024-10-04 07:24:17,312 [INFO] PluginManager:213 - loadIPPluginJar : add dma3
2024-10-04 07:24:17,343 [INFO] IPUIPlugin:74 - create IPUIPlugin
2024-10-04 07:24:17,343 [INFO] PluginManager:213 - loadIPPluginJar : add fatfs
2024-10-04 07:24:17,421 [INFO] IPUIPlugin:74 - create IPUIPlugin
2024-10-04 07:24:17,437 [INFO] PluginManager:213 - loadIPPluginJar : add fmc
2024-10-04 07:24:17,453 [INFO] IPUIPlugin:74 - create IPUIPlugin
2024-10-04 07:24:17,453 [INFO] PluginManager:213 - loadIPPluginJar : add freertos
2024-10-04 07:24:17,499 [INFO] IPUIPlugin:74 - create IPUIPlugin
2024-10-04 07:24:17,499 [INFO] PluginManager:213 - loadIPPluginJar : add genericplugin
2024-10-04 07:24:17,609 [INFO] IPUIPlugin:74 - create IPUIPlugin
2024-10-04 07:24:17,609 [INFO] PluginManager:213 - loadIPPluginJar : add gfxmmu
2024-10-04 07:24:17,749 [INFO] IPUIPlugin:74 - create IPUIPlugin
2024-10-04 07:24:17,749 [INFO] PluginManager:213 - loadIPPluginJar : add gic
2024-10-04 07:24:17,812 [INFO] IPUIPlugin:74 - create IPUIPlugin
2024-10-04 07:24:17,812 [INFO] PluginManager:213 - loadIPPluginJar : add gpio
2024-10-04 07:24:17,906 [INFO] IPUIPlugin:74 - create IPUIPlugin
2024-10-04 07:24:17,906 [INFO] PluginManager:213 - loadIPPluginJar : add gtzc
2024-10-04 07:24:17,953 [INFO] IPUIPlugin:74 - create IPUIPlugin
2024-10-04 07:24:17,953 [INFO] PluginManager:213 - loadIPPluginJar : add hash
2024-10-04 07:24:18,031 [INFO] IPUIPlugin:74 - create IPUIPlugin
2024-10-04 07:24:18,031 [INFO] PluginManager:213 - loadIPPluginJar : add i2c
2024-10-04 07:24:18,093 [INFO] IPUIPlugin:74 - create IPUIPlugin
2024-10-04 07:24:18,093 [INFO] PluginManager:213 - loadIPPluginJar : add i2s
2024-10-04 07:24:18,109 [INFO] IPUIPlugin:74 - create IPUIPlugin
2024-10-04 07:24:18,109 [INFO] PluginManager:213 - loadIPPluginJar : add ipddr
2024-10-04 07:24:18,202 [INFO] IPUIPlugin:74 - create IPUIPlugin
2024-10-04 07:24:18,202 [INFO] PluginManager:213 - loadIPPluginJar : add linkedlist
2024-10-04 07:24:18,265 [INFO] IPUIPlugin:74 - create IPUIPlugin
2024-10-04 07:24:18,265 [INFO] PluginManager:213 - loadIPPluginJar : add lorawan
2024-10-04 07:24:18,312 [INFO] IPUIPlugin:74 - create IPUIPlugin
2024-10-04 07:24:18,312 [INFO] PluginManager:213 - loadIPPluginJar : add ltdc
2024-10-04 07:24:18,327 [INFO] IPUIPlugin:74 - create IPUIPlugin
2024-10-04 07:24:18,327 [INFO] PluginManager:213 - loadIPPluginJar : add mdma
2024-10-04 07:24:18,343 [INFO] IPUIPlugin:74 - create IPUIPlugin
2024-10-04 07:24:18,343 [INFO] PluginManager:213 - loadIPPluginJar : add nvic
2024-10-04 07:24:18,406 [INFO] IPUIPlugin:74 - create IPUIPlugin
2024-10-04 07:24:18,406 [INFO] PluginManager:213 - loadIPPluginJar : add opamp
2024-10-04 07:24:18,484 [INFO] IPUIPlugin:74 - create IPUIPlugin
2024-10-04 07:24:18,484 [INFO] PluginManager:213 - loadIPPluginJar : add openamp
2024-10-04 07:24:18,562 [INFO] IPUIPlugin:74 - create IPUIPlugin
2024-10-04 07:24:18,562 [INFO] PluginManager:213 - loadIPPluginJar : add pdm2pcm
2024-10-04 07:24:18,577 [INFO] IPUIPlugin:74 - create IPUIPlugin
2024-10-04 07:24:18,577 [INFO] PluginManager:213 - loadIPPluginJar : add plateformsettings
2024-10-04 07:24:18,609 [INFO] IPUIPlugin:74 - create IPUIPlugin
2024-10-04 07:24:18,609 [INFO] PluginManager:213 - loadIPPluginJar : add quadspi
2024-10-04 07:24:18,624 [INFO] IPUIPlugin:74 - create IPUIPlugin
2024-10-04 07:24:18,624 [INFO] PluginManager:213 - loadIPPluginJar : add resmgrutility
2024-10-04 07:24:18,687 [INFO] IPUIPlugin:74 - create IPUIPlugin
2024-10-04 07:24:18,687 [INFO] PluginManager:213 - loadIPPluginJar : add sai
2024-10-04 07:24:18,749 [INFO] IPUIPlugin:74 - create IPUIPlugin
2024-10-04 07:24:18,749 [INFO] PluginManager:213 - loadIPPluginJar : add spi
2024-10-04 07:24:18,827 [INFO] IPUIPlugin:74 - create IPUIPlugin
2024-10-04 07:24:18,827 [INFO] PluginManager:213 - loadIPPluginJar : add stm32_wpan
2024-10-04 07:24:18,859 [INFO] IPUIPlugin:74 - create IPUIPlugin
2024-10-04 07:24:18,859 [INFO] PluginManager:213 - loadIPPluginJar : add tim
2024-10-04 07:24:18,968 [INFO] IPUIPlugin:74 - create IPUIPlugin
2024-10-04 07:24:18,968 [INFO] PluginManager:213 - loadIPPluginJar : add touchsensing
2024-10-04 07:24:18,999 [INFO] IPUIPlugin:74 - create IPUIPlugin
2024-10-04 07:24:18,999 [INFO] PluginManager:213 - loadIPPluginJar : add tracer_emb
2024-10-04 07:24:19,030 [INFO] IPUIPlugin:74 - create IPUIPlugin
2024-10-04 07:24:19,030 [INFO] PluginManager:213 - loadIPPluginJar : add ts
2024-10-04 07:24:19,077 [INFO] IPUIPlugin:74 - create IPUIPlugin
2024-10-04 07:24:19,077 [INFO] PluginManager:213 - loadIPPluginJar : add tsc
2024-10-04 07:24:19,108 [INFO] IPUIPlugin:74 - create IPUIPlugin
2024-10-04 07:24:19,108 [INFO] PluginManager:213 - loadIPPluginJar : add ucpd
2024-10-04 07:24:19,171 [INFO] IPUIPlugin:74 - create IPUIPlugin
2024-10-04 07:24:19,171 [INFO] PluginManager:213 - loadIPPluginJar : add usart
2024-10-04 07:24:19,218 [INFO] ThirdPartyUpdaterWithRetryManager:66 - Updater plugin not ready yet. [2/15]
2024-10-04 07:24:19,218 [INFO] IPUIPlugin:74 - create IPUIPlugin
2024-10-04 07:24:19,218 [INFO] PluginManager:213 - loadIPPluginJar : add usbx
2024-10-04 07:24:19,645 [FATAL] Updater:294 - Updater called before beeing initialized
2024-10-04 07:24:19,848 [FATAL] Updater:294 - Updater called before beeing initialized
2024-10-04 07:24:19,863 [INFO] DbMcusAds:47 - JSON generation date=Fri Sep 20 20:04:23 ICT 2024 (1726837463113)
2024-10-04 07:24:19,863 [FATAL] Updater:294 - Updater called before beeing initialized
2024-10-04 07:24:19,988 [WARN] DetailPanel:314 - Failed to get advertising image, set to default
2024-10-04 07:24:20,160 [FATAL] Updater:294 - Updater called before beeing initialized
2024-10-04 07:24:20,160 [FATAL] Updater:294 - Updater called before beeing initialized
2024-10-04 07:24:20,160 [FATAL] Updater:294 - Updater called before beeing initialized
2024-10-04 07:24:20,160 [WARN] DetailPanel:314 - Failed to get advertising image, set to default
2024-10-04 07:24:20,160 [FATAL] Updater:294 - Updater called before beeing initialized
2024-10-04 07:24:20,254 [ERROR] Updater:1075 - MainUpdater not yet initialized. External WinMGr cannot be set.
2024-10-04 07:24:20,270 [INFO] Updater:1012 - Updater Version found : 6.3.0
2024-10-04 07:24:20,285 [INFO] ApplicationProperties:181 - Using Application install path: C:\Users\thuyh\STM32CubeIDE_1.7.0\STM32CubeIDE\plugins\com.st.stm32cube.common.mx_6.3.0.202107141111
2024-10-04 07:24:22,223 [INFO] ThirdPartyUpdaterWithRetryManager:66 - Updater plugin not ready yet. [3/15]
2024-10-04 07:24:22,863 [WARN] ServerAccessManage:1053 - Warning during Server Connexion :  timeout Read timed out
2024-10-04 07:24:25,237 [FATAL] Updater:294 - Updater called before beeing initialized
2024-10-04 07:24:25,237 [ERROR] IntegrityCheckThread:124 - Cannot retrieve database content from updater: error 21
2024-10-04 07:24:25,237 [INFO] ThirdParty:915 - Integrity check success = false
2024-10-04 07:24:25,237 [INFO] IntegrityCheckThread:94 - exiting critical section [integrity check]
2024-10-04 07:24:25,237 [INFO] IntegrityCheckThread:97 - End integrity checks thread
2024-10-04 07:24:25,394 [INFO] MainUpdater:2671 - connection check result : 10
2024-10-04 07:24:25,394 [INFO] MainUpdater:265 - Updater Check For Update Now.
2024-10-04 07:24:25,394 [INFO] MicroXplorer:478 - Change Database Version : DB.6.0.30
2024-10-04 07:24:25,597 [INFO] CheckServerUpdateThread:112 - End of CheckServer Thread
2024-10-04 07:24:25,644 [INFO] MainUpdater:2671 - connection check result : 10
2024-10-04 07:24:25,644 [INFO] MainUpdater:2671 - connection check result : 10
2024-10-04 07:24:26,003 [INFO] MicroXplorer:448 - Change Database Path : 
2024-10-04 07:24:26,003 [INFO] MicroXplorer:478 - Change Database Version : DB.6.0.30
2024-10-04 07:24:26,003 [WARN] ThirdParty:813 - waiting for thirdparty lock release [close project]
2024-10-04 07:24:26,003 [INFO] ThirdParty:815 - entering critical section [close project]
2024-10-04 07:24:26,003 [INFO] ThirdParty:825 - exiting critical section [close project]
2024-10-04 07:24:26,018 [INFO] PinOutPanel:1463 - setPackage(No Configuration,No Configuration)
2024-10-04 07:24:26,018 [INFO] UtilMem:74 - Begin LoadConfig() Used Memory: 226399712 Bytes (298844160)
2024-10-04 07:24:26,018 [INFO] MicroXplorer:448 - Change Database Path : 
2024-10-04 07:24:26,018 [INFO] MicroXplorer:478 - Change Database Version : DB.6.0.30
2024-10-04 07:24:26,018 [INFO] OpenFileManager:313 - Change cursor
2024-10-04 07:24:26,034 [WARN] IntegrityCheckThread:78 - waiting for thirdparty lock release [integrity check]
2024-10-04 07:24:26,034 [INFO] IntegrityCheckThread:80 - entering critical section [integrity check]
2024-10-04 07:24:26,456 [ERROR] Engine:463 - C:\Users\thuyh\.stm32cubemx\thirdparties\pdsc\STMicroelectronics.FP-SNS-MOTENVWB1.1.4.0.pdsc: PDSC version is not supported
2024-10-04 07:24:26,471 [ERROR] Engine:463 - C:\Users\thuyh\.stm32cubemx\thirdparties\pdsc\STMicroelectronics.X-CUBE-SMBUS.2.1.0.pdsc: PDSC version is not supported
2024-10-04 07:24:26,612 [WARN] PackLoader:238 - Cannot read IP mode file for STMicroelectronics.X-CUBE-AZRTOS-F7.1.1.0
2024-10-04 07:24:26,815 [WARN] PackLoader:238 - Cannot read IP mode file for STMicroelectronics.X-CUBE-MEMS1.11.0.0
2024-10-04 07:24:27,205 [ERROR] Engine:463 - C:\Users\thuyh\.stm32cubemx\thirdparties\pdsc\STMicroelectronics.FP-SNS-FLIGHT1.5.0.2.pdsc: PDSC version is not supported
2024-10-04 07:24:27,221 [ERROR] Engine:463 - C:\Users\thuyh\.stm32cubemx\thirdparties\pdsc\STMicroelectronics.X-CUBE-DISPLAY.3.0.0.pdsc: PDSC version is not supported
2024-10-04 07:24:27,252 [WARN] PackLoader:238 - Cannot read IP mode file for STMicroelectronics.X-CUBE-BLE1.7.0.0
2024-10-04 07:24:27,268 [WARN] PackLoader:238 - Cannot read IP mode file for STMicroelectronics.X-CUBE-NFC10.1.0.0
2024-10-04 07:24:27,284 [ERROR] Engine:463 - C:\Users\thuyh\.stm32cubemx\thirdparties\pdsc\emotas.I-CUBE-CANOPEN.1.3.0.pdsc: PDSC version is not supported
2024-10-04 07:24:27,299 [ERROR] Engine:463 - C:\Users\thuyh\.stm32cubemx\thirdparties\pdsc\STMicroelectronics.X-CUBE-BLEMGR.3.1.0.pdsc: PDSC version is not supported
2024-10-04 07:24:27,315 [ERROR] Engine:463 - C:\Users\thuyh\.stm32cubemx\thirdparties\pdsc\STMicroelectronics.FP-SNS-SMARTAG2.1.2.0.pdsc: PDSC version is not supported
2024-10-04 07:24:27,330 [INFO] LogOutputStream:76 - [STDOUT_REDIRECT] 1 : Invalid condition id : UX_CORESTACK_Condition cause : null
2024-10-04 07:24:27,346 [INFO] LogOutputStream:76 - [STDOUT_REDIRECT] 1 : Invalid condition id : UX_CORESTACK_Condition cause : null
2024-10-04 07:24:27,346 [INFO] LogOutputStream:76 - [STDOUT_REDIRECT] 1 : Invalid condition id : UX_CORESTACK_Condition cause : null
2024-10-04 07:24:27,346 [INFO] LogOutputStream:76 - [STDOUT_REDIRECT] 1 : Invalid condition id : UX_CORESTACK_Condition cause : null
2024-10-04 07:24:27,346 [INFO] LogOutputStream:76 - [STDOUT_REDIRECT] 1 : Invalid condition id : UX_CORESTACK_Condition cause : null
2024-10-04 07:24:27,346 [WARN] PackLoader:238 - Cannot read IP mode file for STMicroelectronics.X-CUBE-AZRTOS-WL.2.0.0
2024-10-04 07:24:27,362 [ERROR] Engine:463 - C:\Users\thuyh\.stm32cubemx\thirdparties\pdsc\STMicroelectronics.FP-SNS-MOTENV1.5.0.0.pdsc: PDSC version is not supported
2024-10-04 07:24:27,377 [WARN] PackLoader:238 - Cannot read IP mode file for wolfSSL.I-CUBE-wolfMQTT.1.19.0
2024-10-04 07:24:27,393 [WARN] PackLoader:238 - Cannot read IP mode file for WES.I-CUBE-Cesium.1.3.0
2024-10-04 07:24:27,408 [WARN] PackLoader:238 - Cannot read IP mode file for STMicroelectronics.X-CUBE-BLE2.3.3.0
2024-10-04 07:24:27,424 [WARN] PackLoader:238 - Cannot read IP mode file for STMicroelectronics.X-CUBE-NFC9.1.0.0
2024-10-04 07:24:27,440 [ERROR] Engine:463 - C:\Users\thuyh\.stm32cubemx\thirdparties\pdsc\STMicroelectronics.X-CUBE-TCPP.4.1.0.pdsc: PDSC version is not supported
2024-10-04 07:24:27,487 [WARN] PackLoader:238 - Cannot read IP mode file for STMicroelectronics.X-CUBE-AZRTOS-G0.1.1.0
2024-10-04 07:24:27,502 [WARN] PackLoader:238 - Cannot read IP mode file for STMicroelectronics.X-CUBE-SAFEA1.1.2.2
2024-10-04 07:24:27,518 [WARN] PackLoader:238 - Cannot read IP mode file for STMicroelectronics.X-CUBE-NFC4.3.0.0
2024-10-04 07:24:27,533 [ERROR] Engine:463 - C:\Users\thuyh\.stm32cubemx\thirdparties\pdsc\EmbeddedOffice.I-CUBE-FS-RTOS.1.0.1.pdsc: PDSC version is not supported
2024-10-04 07:24:27,549 [ERROR] Engine:463 - C:\Users\thuyh\.stm32cubemx\thirdparties\pdsc\RealThread.X-CUBE-RT-Thread_Nano.4.1.1.pdsc: PDSC version is not supported
2024-10-04 07:24:27,565 [WARN] PackLoader:238 - Cannot read IP mode file for STMicroelectronics.FP-ATR-SIGFOX1.3.2.0
2024-10-04 07:24:27,565 [WARN] PackLoader:238 - Cannot read IP mode file for wolfSSL.I-CUBE-wolfSSL.5.7.2
2024-10-04 07:24:27,580 [WARN] PackLoader:238 - Cannot read IP mode file for STMicroelectronics.X-CUBE-EEPRMA1.5.1.0
2024-10-04 07:24:27,596 [ERROR] Engine:463 - C:\Users\thuyh\.stm32cubemx\thirdparties\pdsc\ITTIA_DB.I-CUBE-ITTIADB.8.9.0.pdsc: PDSC version is not supported
2024-10-04 07:24:27,675 [WARN] PackLoader:238 - Cannot read IP mode file for SEGGER.I-CUBE-embOS.1.3.1
2024-10-04 07:24:27,799 [WARN] PackLoader:238 - Cannot read IP mode file for STMicroelectronics.X-CUBE-ALGOBUILD.1.4.0
2024-10-04 07:24:27,831 [WARN] PackLoader:238 - Cannot read IP mode file for STMicroelectronics.X-CUBE-GNSS1.6.0.0
2024-10-04 07:24:27,893 [WARN] PackLoader:238 - Cannot read IP mode file for STMicroelectronics.X-CUBE-AZRTOS-F4.1.1.0
2024-10-04 07:24:27,924 [WARN] PackLoader:238 - Cannot read IP mode file for STMicroelectronics.X-CUBE-ISPU.2.1.0
2024-10-04 07:24:27,940 [ERROR] Engine:463 - C:\Users\thuyh\.stm32cubemx\thirdparties\pdsc\STMicroelectronics.X-CUBE-FREERTOS.1.2.0.pdsc: PDSC version is not supported
2024-10-04 07:24:27,971 [WARN] PackLoader:238 - Cannot read IP mode file for STMicroelectronics.X-CUBE-AZRTOS-L5.2.0.0
2024-10-04 07:24:28,018 [WARN] PackLoader:238 - Cannot read IP mode file for STMicroelectronics.X-CUBE-NFC6.3.1.0
2024-10-04 07:24:28,034 [ERROR] Engine:463 - C:\Users\thuyh\.stm32cubemx\thirdparties\pdsc\STMicroelectronics.X-CUBE-DPower.1.2.0.pdsc: PDSC version is not supported
2024-10-04 07:24:28,065 [WARN] PackLoader:238 - Cannot read IP mode file for STMicroelectronics.X-CUBE-AI.9.0.0
2024-10-04 07:24:28,081 [WARN] PackLoader:238 - Cannot read IP mode file for STMicroelectronics.X-CUBE-NFC7.1.0.1
2024-10-04 07:24:28,127 [WARN] ConditionMgr:437 - getConditionDescription Invalid condition id : LAN8742 Phy interface Condition cause : null
2024-10-04 07:24:28,127 [WARN] PackLoader:238 - Cannot read IP mode file for STMicroelectronics.X-CUBE-AZRTOS-L4.2.0.0
2024-10-04 07:24:28,127 [WARN] ConditionMgr:1038 - genDependencies : Invalid condition id : LAN8742 Phy interface Condition cause : null
2024-10-04 07:24:28,127 [WARN] ConditionMgr:1038 - genDependencies : Invalid condition id : LAN8742 Phy interface Condition cause : null
2024-10-04 07:24:28,127 [WARN] ConditionMgr:1038 - genDependencies : Invalid condition id : LAN8742 Phy interface Condition cause : null
2024-10-04 07:24:28,159 [WARN] PackLoader:238 - Cannot read IP mode file for STMicroelectronics.X-CUBE-SFXS2LP1.4.0.0
2024-10-04 07:24:28,237 [WARN] PackLoader:238 - Cannot read IP mode file for STMicroelectronics.X-CUBE-AZRTOS-H7.3.3.0
2024-10-04 07:24:28,284 [WARN] ConditionMgr:437 - getConditionDescription Invalid condition id : UX DEVICE CLASS RTOS Condition cause : null
2024-10-04 07:24:28,284 [WARN] ConditionMgr:437 - getConditionDescription Invalid condition id : UX DEVICE CLASS RTOS Condition cause : null
2024-10-04 07:24:28,284 [WARN] PackLoader:238 - Cannot read IP mode file for STMicroelectronics.X-CUBE-AZRTOS-WB.2.0.0
2024-10-04 07:24:28,284 [WARN] ConditionMgr:1038 - genDependencies : Invalid condition id : UX DEVICE CLASS RTOS Condition cause : null
2024-10-04 07:24:28,284 [WARN] ConditionMgr:1038 - genDependencies : Invalid condition id : UX DEVICE CLASS RTOS Condition cause : null
2024-10-04 07:24:28,284 [WARN] ConditionMgr:1038 - genDependencies : Invalid condition id : UX DEVICE CLASS RTOS Condition cause : null
2024-10-04 07:24:28,284 [WARN] ConditionMgr:1038 - genDependencies : Invalid condition id : UX DEVICE CLASS RTOS Condition cause : null
2024-10-04 07:24:28,284 [WARN] ConditionMgr:1038 - genDependencies : Invalid condition id : UX DEVICE CLASS RTOS Condition cause : null
2024-10-04 07:24:28,315 [WARN] PackLoader:238 - Cannot read IP mode file for STMicroelectronics.X-CUBE-GNSS1.7.0.0
2024-10-04 07:24:28,331 [ERROR] Engine:463 - C:\Users\thuyh\.stm32cubemx\thirdparties\pdsc\STMicroelectronics.FP-SNS-STBOX1.2.0.0.pdsc: PDSC version is not supported
2024-10-04 07:24:28,377 [WARN] PackLoader:238 - Cannot read IP mode file for STMicroelectronics.X-CUBE-SUBG2.5.0.0
2024-10-04 07:24:28,440 [ERROR] Engine:463 - C:\Users\thuyh\.stm32cubemx\thirdparties\pdsc\Cesanta.I-CUBE-Mongoose.7.13.0.pdsc: PDSC version is not supported
2024-10-04 07:24:28,487 [WARN] PackLoader:238 - Cannot read IP mode file for STMicroelectronics.X-CUBE-AZRTOS-G4.2.0.0
2024-10-04 07:24:28,502 [WARN] PackLoader:238 - Cannot read IP mode file for STMicroelectronics.X-CUBE-ISPU.2.0.0
2024-10-04 07:24:28,534 [ERROR] Engine:463 - C:\Users\thuyh\.stm32cubemx\thirdparties\pdsc\STMicroelectronics.X-CUBE-ALS.1.0.2.pdsc: PDSC version is not supported
2024-10-04 07:24:28,549 [WARN] PackLoader:238 - Cannot read IP mode file for STMicroelectronics.X-CUBE-TOUCHGFX.4.24.0
2024-10-04 07:24:28,565 [WARN] PackLoader:238 - Cannot read IP mode file for STMicroelectronics.X-CUBE-TOUCHGFX.4.24.1
2024-10-04 07:24:28,581 [WARN] PackLoader:238 - Cannot read IP mode file for wolfSSL.I-CUBE-wolfTPM.3.4.0
2024-10-04 07:24:28,596 [WARN] PackLoader:238 - Cannot read IP mode file for portGmbH.I-Cube-SoM-uGOAL.1.1.0
2024-10-04 07:24:28,659 [WARN] PackLoader:238 - Cannot read IP mode file for STMicroelectronics.X-CUBE-AZRTOS-H7RS.1.0.0
2024-10-04 07:24:28,690 [WARN] PackLoader:238 - Cannot read IP mode file for STMicroelectronics.FP-ATR-ASTRA1.2.0.0
2024-10-04 07:24:28,711 [ERROR] Engine:463 - C:\Users\thuyh\.stm32cubemx\thirdparties\pdsc\STMicroelectronics.X-CUBE-TOF1.3.4.2.pdsc: PDSC version is not supported
2024-10-04 07:24:28,735 [ERROR] Engine:463 - C:\Users\thuyh\.stm32cubemx\thirdparties\pdsc\Infineon.AIROC-Wi-Fi-Bluetooth-STM32.1.6.1.pdsc: PDSC version is not supported
2024-10-04 07:24:28,750 [WARN] PackLoader:238 - Cannot read IP mode file for wolfSSL.I-CUBE-wolfSSH.1.4.17
2024-10-04 07:24:28,750 [INFO] ThirdParty:915 - Integrity check success = true
2024-10-04 07:24:28,750 [INFO] IntegrityCheckThread:94 - exiting critical section [integrity check]
2024-10-04 07:24:28,753 [INFO] IntegrityCheckThread:97 - End integrity checks thread
2024-10-04 07:24:30,023 [INFO] Context:592 - Trying to add GPIOservice into a context  which must be forbidden
2024-10-04 07:24:30,413 [WARN] ApiManager:304 - Cannot register API 'Board Extension:NFC09A1' from pack STMicroelectronics.X-CUBE-NFC9.1.0.0: no header file found
2024-10-04 07:24:30,413 [WARN] ApiManager:304 - Cannot register API 'Board Extension:GNSS1A1' from pack STMicroelectronics.X-CUBE-GNSS1.6.0.0: no header file found
2024-10-04 07:24:30,413 [WARN] ApiManager:304 - Cannot register API 'Board Support:Custom' from pack STMicroelectronics.X-CUBE-GNSS1.6.0.0: no header file found
2024-10-04 07:24:30,413 [WARN] ApiManager:304 - Cannot register API 'Data Exchange:lib_gnss' from pack STMicroelectronics.X-CUBE-GNSS1.6.0.0: no header file found
2024-10-04 07:24:30,429 [WARN] ApiManager:304 - Cannot register API 'Board Extension:GNSS1A1' from pack STMicroelectronics.X-CUBE-GNSS1.7.0.0: no header file found
2024-10-04 07:24:30,429 [WARN] ApiManager:304 - Cannot register API 'Board Support:Custom' from pack STMicroelectronics.X-CUBE-GNSS1.7.0.0: no header file found
2024-10-04 07:24:30,429 [WARN] ApiManager:304 - Cannot register API 'Data Exchange:lib_gnss' from pack STMicroelectronics.X-CUBE-GNSS1.7.0.0: no header file found
2024-10-04 07:24:30,429 [WARN] ApiManager:304 - Cannot register API 'Board Extension:NFC06A1' from pack STMicroelectronics.X-CUBE-NFC6.3.1.0: no header file found
2024-10-04 07:24:30,429 [WARN] ApiManager:304 - Cannot register API 'Board Extension:NFC08A1' from pack STMicroelectronics.X-CUBE-NFC6.3.1.0: no header file found
2024-10-04 07:24:30,695 [WARN] ApiManager:304 - Cannot register API 'Board Extension:IKS01A3' from pack STMicroelectronics.X-CUBE-MEMS1.11.0.0: no header file found
2024-10-04 07:24:30,695 [WARN] ApiManager:304 - Cannot register API 'Board Extension:IKS02A1' from pack STMicroelectronics.X-CUBE-MEMS1.11.0.0: no header file found
2024-10-04 07:24:30,695 [WARN] ApiManager:304 - Cannot register API 'Board Extension:IKS4A1' from pack STMicroelectronics.X-CUBE-MEMS1.11.0.0: no header file found
2024-10-04 07:24:30,695 [INFO] RtosManager:484 - Registered RTOS mode: class=CMSIS, group=RTOS, mode=CMSIS_V1, owner=FREERTOS
2024-10-04 07:24:30,695 [INFO] RtosManager:484 - Registered RTOS mode: class=CMSIS, group=RTOS2, mode=CMSIS_V2, owner=FREERTOS
2024-10-04 07:24:30,695 [INFO] RtosManager:484 - Registered RTOS mode: class=RTOS, group=Core, mode=CMSIS_V1, owner=FREERTOS
2024-10-04 07:24:30,695 [INFO] RtosManager:484 - Registered RTOS mode: class=RTOS, group=Core, mode=CMSIS_V2, owner=FREERTOS
2024-10-04 07:24:30,695 [WARN] ModelIntegratedComponent:181 - Missing modes for component STMicroelectronics:FreeRTOS:0.0.1:STMicroelectronics:RTOS:FreeRTOS:Core:::10.2.0:
2024-10-04 07:24:30,695 [WARN] ApiManager:304 - Cannot register API 'Board Extension:STSAFEA1' from pack STMicroelectronics.X-CUBE-SAFEA1.1.2.2: no header file found
2024-10-04 07:24:30,695 [WARN] ApiManager:304 - Cannot register API 'Board Part:STSAFEA110' from pack STMicroelectronics.X-CUBE-SAFEA1.1.2.2: no header file found
2024-10-04 07:24:30,695 [WARN] ApiManager:304 - Cannot register API 'Security:ST_Cryptolib' from pack STMicroelectronics.X-CUBE-SAFEA1.1.2.2: no header file found
2024-10-04 07:24:30,695 [WARN] ApiManager:304 - Cannot register API 'Security:MbedTLS' from pack STMicroelectronics.X-CUBE-SAFEA1.1.2.2: no header file found
2024-10-04 07:24:30,695 [WARN] ApiManager:304 - Cannot register API 'Board Extension:NFC04A1' from pack STMicroelectronics.X-CUBE-NFC4.3.0.0: no header file found
2024-10-04 07:24:30,710 [WARN] ApiManager:304 - Cannot register API 'Board Extension:S2868A1' from pack STMicroelectronics.X-CUBE-SUBG2.5.0.0: no header file found
2024-10-04 07:24:30,710 [WARN] ApiManager:304 - Cannot register API 'Board Extension:S2868A2' from pack STMicroelectronics.X-CUBE-SUBG2.5.0.0: no header file found
2024-10-04 07:24:30,710 [WARN] ApiManager:304 - Cannot register API 'Board Extension:S2915A1' from pack STMicroelectronics.X-CUBE-SUBG2.5.0.0: no header file found
2024-10-04 07:24:30,710 [WARN] ApiManager:304 - Cannot register API 'Wireless:BlueNRG-MS' from pack STMicroelectronics.X-CUBE-BLE1.7.0.0: no header file found
2024-10-04 07:24:30,710 [WARN] ApiManager:304 - Cannot register API 'Board Extension:NFC10A1' from pack STMicroelectronics.X-CUBE-NFC10.1.0.0: no header file found
2024-10-04 07:24:30,710 [WARN] ApiManager:304 - Cannot register API 'Board Extension:EEPRMA2' from pack STMicroelectronics.X-CUBE-EEPRMA1.5.1.0: no header file found
2024-10-04 07:24:30,710 [WARN] ApiManager:304 - Cannot register API 'Board Extension:PGEEZ1' from pack STMicroelectronics.X-CUBE-EEPRMA1.5.1.0: no header file found
2024-10-04 07:24:30,710 [WARN] ApiManager:304 - Cannot register API 'Board Extension:EEICA1' from pack STMicroelectronics.X-CUBE-EEPRMA1.5.1.0: no header file found
2024-10-04 07:24:30,710 [WARN] ApiManager:304 - Cannot register API 'Board Part:M24' from pack STMicroelectronics.X-CUBE-EEPRMA1.5.1.0: no header file found
2024-10-04 07:24:30,710 [WARN] ApiManager:304 - Cannot register API 'Board Part:M95' from pack STMicroelectronics.X-CUBE-EEPRMA1.5.1.0: no header file found
2024-10-04 07:24:30,710 [WARN] ApiManager:304 - Cannot register API 'Board Part:M95P32' from pack STMicroelectronics.X-CUBE-EEPRMA1.5.1.0: no header file found
2024-10-04 07:24:30,710 [WARN] ApiManager:304 - Cannot register API 'Board Part:M24256E-F' from pack STMicroelectronics.X-CUBE-EEPRMA1.5.1.0: no header file found
2024-10-04 07:24:30,710 [WARN] ApiManager:304 - Cannot register API 'Board Part:M24M01E-F' from pack STMicroelectronics.X-CUBE-EEPRMA1.5.1.0: no header file found
2024-10-04 07:24:30,710 [WARN] ApiManager:304 - Cannot register API 'PGEEZ1:SPI' from pack STMicroelectronics.X-CUBE-EEPRMA1.5.1.0: no header file found
2024-10-04 07:24:30,710 [WARN] ApiManager:304 - Cannot register API 'PGEEZ1:QDSPI' from pack STMicroelectronics.X-CUBE-EEPRMA1.5.1.0: no header file found
2024-10-04 07:24:30,710 [WARN] ModelIntegratedComponent:60 - No mode defined for component null
2024-10-04 07:24:30,710 [WARN] ModelIntegratedComponent:60 - No mode defined for component null
2024-10-04 07:24:30,710 [WARN] ModelIntegratedComponent:60 - No mode defined for component null
2024-10-04 07:24:30,710 [WARN] ModelIntegratedComponent:60 - No mode defined for component null
2024-10-04 07:24:30,710 [WARN] ModelIntegratedComponent:60 - No mode defined for component null
2024-10-04 07:24:30,710 [WARN] ModelIntegratedComponent:60 - No mode defined for component null
2024-10-04 07:24:30,710 [WARN] ModelIntegratedComponent:60 - No mode defined for component null
2024-10-04 07:24:30,710 [WARN] ModelIntegratedComponent:60 - No mode defined for component null
2024-10-04 07:24:30,710 [WARN] ModelIntegratedComponent:60 - No mode defined for component null
2024-10-04 07:24:30,710 [WARN] ModelIntegratedComponent:60 - No mode defined for component null
2024-10-04 07:24:30,710 [WARN] ModelIntegratedComponent:60 - No mode defined for component null
2024-10-04 07:24:30,710 [WARN] ModelIntegratedComponent:60 - No mode defined for component null
2024-10-04 07:24:30,710 [WARN] ModelIntegratedComponent:60 - No mode defined for component null
2024-10-04 07:24:30,710 [WARN] ModelIntegratedComponent:60 - No mode defined for component null
2024-10-04 07:24:30,710 [WARN] ModelIntegratedComponent:60 - No mode defined for component null
2024-10-04 07:24:30,710 [WARN] ModelIntegratedComponent:60 - No mode defined for component null
2024-10-04 07:24:30,710 [WARN] ModelIntegratedComponent:60 - No mode defined for component null
2024-10-04 07:24:30,710 [WARN] ModelIntegratedComponent:60 - No mode defined for component null
2024-10-04 07:24:30,710 [WARN] ModelIntegratedComponent:60 - No mode defined for component null
2024-10-04 07:24:30,710 [WARN] ModelIntegratedComponent:60 - No mode defined for component null
2024-10-04 07:24:30,710 [WARN] ModelIntegratedComponent:60 - No mode defined for component null
2024-10-04 07:24:30,710 [WARN] ModelIntegratedComponent:60 - No mode defined for component null
2024-10-04 07:24:30,710 [WARN] ModelIntegratedComponent:60 - No mode defined for component null
2024-10-04 07:24:30,710 [WARN] ModelIntegratedComponent:60 - No mode defined for component null
2024-10-04 07:24:30,710 [WARN] ModelIntegratedComponent:60 - No mode defined for component null
2024-10-04 07:24:30,710 [WARN] ModelIntegratedComponent:60 - No mode defined for component null
2024-10-04 07:24:30,710 [WARN] ModelIntegratedComponent:60 - No mode defined for component null
2024-10-04 07:24:30,710 [WARN] ModelIntegratedComponent:60 - No mode defined for component null
2024-10-04 07:24:30,710 [WARN] ModelIntegratedComponent:60 - No mode defined for component null
2024-10-04 07:24:30,710 [WARN] ModelIntegratedComponent:60 - No mode defined for component null
2024-10-04 07:24:30,710 [WARN] ModelIntegratedComponent:60 - No mode defined for component null
2024-10-04 07:24:30,710 [WARN] ApiManager:304 - Cannot register API 'Board Extension:NFC07A1' from pack STMicroelectronics.X-CUBE-NFC7.1.0.1: no header file found
2024-10-04 07:24:30,741 [WARN] ApiManager:304 - Cannot register API 'Board Extension:S2868A1' from pack STMicroelectronics.X-CUBE-SFXS2LP1.4.0.0: no header file found
2024-10-04 07:24:30,741 [WARN] ApiManager:304 - Cannot register API 'Board Extension:S2868A2' from pack STMicroelectronics.X-CUBE-SFXS2LP1.4.0.0: no header file found
2024-10-04 07:24:30,741 [WARN] ApiManager:304 - Cannot register API 'Board Extension:S2915A1' from pack STMicroelectronics.X-CUBE-SFXS2LP1.4.0.0: no header file found
2024-10-04 07:24:30,741 [WARN] ApiManager:304 - Cannot register API 'Wireless:BlueNRG-2' from pack STMicroelectronics.X-CUBE-BLE2.3.3.0: no header file found
2024-10-04 07:24:33,538 [INFO] UtilMem:74 - End LoadConfig() Used Memory: 219094896 Bytes (332398592)
2024-10-04 07:24:33,553 [INFO] DbMcusXml:100 - Load MCU database from C:\Users\thuyh\STM32CubeIDE_1.7.0\STM32CubeIDE\plugins\com.st.stm32cube.common.mx_6.3.0.202107141111\\db\/mcu/families.xml
2024-10-04 07:24:34,912 [INFO] DbMcusJson:93 - JSON generation date=Tue Nov 16 23:17:54 ICT 2021 (1637079474)
2024-10-04 07:24:36,100 [INFO] DbMcus:175 - Found 1951 MCUs (1903 are supported by CubeMX, 1914 are visible in CubeMX)
2024-10-04 07:24:36,100 [INFO] ApiDb:251 - Load user favorites file C:\Users\thuyh/.stm32cubeide/favorites.mcus.txt: 0 item(s)
2024-10-04 07:24:36,100 [INFO] ApiDb:255 - User favorites MCUs=[]
2024-10-04 07:24:36,100 [INFO] DbMcus:187 - Set 0 / 0 favorites MCUs
2024-10-04 07:24:36,115 [WARN] ThirdParty:779 - waiting for thirdparty lock release [change project]
2024-10-04 07:24:36,115 [INFO] ThirdParty:781 - entering critical section [change project]
2024-10-04 07:24:36,115 [INFO] ThirdParty:967 - CMSIS Pack Vendor :STMicroelectronics X-CUBE-AZRTOS-H7 3.3.0
2024-10-04 07:24:36,115 [INFO] ThirdParty:967 - CMSIS Pack Vendor :STMicroelectronics X-CUBE-NFC9 1.0.0
2024-10-04 07:24:36,115 [INFO] ThirdParty:967 - CMSIS Pack Vendor :STMicroelectronics X-CUBE-GNSS1 6.0.0
2024-10-04 07:24:36,115 [INFO] ThirdParty:967 - CMSIS Pack Vendor :STMicroelectronics USB_HOST 2.0.0
2024-10-04 07:24:36,115 [INFO] ThirdParty:967 - CMSIS Pack Vendor :STMicroelectronics X-CUBE-AZRTOS-F4 1.1.0
2024-10-04 07:24:36,115 [INFO] ThirdParty:967 - CMSIS Pack Vendor :STMicroelectronics USB_DEVICE 3.0.0
2024-10-04 07:24:36,115 [INFO] ThirdParty:967 - CMSIS Pack Vendor :STMicroelectronics X-CUBE-ISPU 2.1.0
2024-10-04 07:24:36,115 [INFO] ThirdParty:967 - CMSIS Pack Vendor :STMicroelectronics X-CUBE-AZRTOS-WB 2.0.0
2024-10-04 07:24:36,115 [INFO] ThirdParty:967 - CMSIS Pack Vendor :STMicroelectronics X-CUBE-GNSS1 7.0.0
2024-10-04 07:24:36,115 [INFO] ThirdParty:967 - CMSIS Pack Vendor :STMicroelectronics X-CUBE-AZRTOS-F7 1.1.0
2024-10-04 07:24:36,115 [INFO] ThirdParty:967 - CMSIS Pack Vendor :STMicroelectronics X-CUBE-AZRTOS-L5 2.0.0
2024-10-04 07:24:36,115 [INFO] ThirdParty:967 - CMSIS Pack Vendor :STMicroelectronics USB_DEVICE 2.0.0
2024-10-04 07:24:36,115 [INFO] ThirdParty:967 - CMSIS Pack Vendor :STMicroelectronics X-CUBE-NFC6 3.1.0
2024-10-04 07:24:36,115 [INFO] ThirdParty:967 - CMSIS Pack Vendor :STMicroelectronics X-CUBE-MEMS1 11.0.0
2024-10-04 07:24:36,115 [INFO] ThirdParty:967 - CMSIS Pack Vendor :STMicroelectronics FreeRTOS 0.0.1
2024-10-04 07:24:36,115 [INFO] ThirdParty:967 - CMSIS Pack Vendor :STMicroelectronics X-CUBE-AZRTOS-G0 1.1.0
2024-10-04 07:24:36,115 [INFO] ThirdParty:967 - CMSIS Pack Vendor :STMicroelectronics X-CUBE-SAFEA1 1.2.2
2024-10-04 07:24:36,115 [INFO] ThirdParty:967 - CMSIS Pack Vendor :STMicroelectronics X-CUBE-NFC4 3.0.0
2024-10-04 07:24:36,115 [INFO] ThirdParty:967 - CMSIS Pack Vendor :STMicroelectronics X-CUBE-SUBG2 5.0.0
2024-10-04 07:24:36,115 [INFO] ThirdParty:967 - CMSIS Pack Vendor :STMicroelectronics lwIP 2.0.3
2024-10-04 07:24:36,115 [INFO] ThirdParty:967 - CMSIS Pack Vendor :STMicroelectronics USB_HOST 1.0.0
2024-10-04 07:24:36,115 [INFO] ThirdParty:967 - CMSIS Pack Vendor :STMicroelectronics X-CUBE-AI 9.0.0
2024-10-04 07:24:36,115 [INFO] ThirdParty:967 - CMSIS Pack Vendor :STMicroelectronics X-CUBE-AZRTOS-G4 2.0.0
2024-10-04 07:24:36,115 [INFO] ThirdParty:967 - CMSIS Pack Vendor :STMicroelectronics PDM2PCM 3.1.0
2024-10-04 07:24:36,115 [INFO] ThirdParty:967 - CMSIS Pack Vendor :STMicroelectronics PDM2PCM 3.3.0
2024-10-04 07:24:36,115 [INFO] ThirdParty:967 - CMSIS Pack Vendor :STMicroelectronics X-CUBE-BLE1 7.0.0
2024-10-04 07:24:36,115 [INFO] ThirdParty:967 - CMSIS Pack Vendor :STMicroelectronics FP-ATR-SIGFOX1 3.2.0
2024-10-04 07:24:36,115 [INFO] ThirdParty:967 - CMSIS Pack Vendor :STMicroelectronics X-CUBE-NFC10 1.0.0
2024-10-04 07:24:36,115 [INFO] ThirdParty:967 - CMSIS Pack Vendor :wolfSSL I-CUBE-wolfSSL 5.7.2
2024-10-04 07:24:36,115 [INFO] ThirdParty:967 - CMSIS Pack Vendor :STMicroelectronics X-CUBE-ISPU 2.0.0
2024-10-04 07:24:36,115 [INFO] ThirdParty:967 - CMSIS Pack Vendor :STMicroelectronics X-CUBE-EEPRMA1 5.1.0
2024-10-04 07:24:36,115 [INFO] ThirdParty:967 - CMSIS Pack Vendor :STMicroelectronics HAL Drivers 0.0.0
2024-10-04 07:24:36,115 [INFO] ThirdParty:967 - CMSIS Pack Vendor :STMicroelectronics MBEDTLS 2.16.2
2024-10-04 07:24:36,115 [INFO] ThirdParty:967 - CMSIS Pack Vendor :STMicroelectronics X-CUBE-NFC7 1.0.1
2024-10-04 07:24:36,115 [INFO] ThirdParty:967 - CMSIS Pack Vendor :STMicroelectronics MBEDTLS 2.14.1
2024-10-04 07:24:36,115 [INFO] ThirdParty:967 - CMSIS Pack Vendor :STMicroelectronics X-CUBE-TOUCHGFX 4.24.0
2024-10-04 07:24:36,115 [INFO] ThirdParty:967 - CMSIS Pack Vendor :STMicroelectronics X-CUBE-TOUCHGFX 4.24.1
2024-10-04 07:24:36,115 [INFO] ThirdParty:967 - CMSIS Pack Vendor :wolfSSL I-CUBE-wolfTPM 3.4.0
2024-10-04 07:24:36,115 [INFO] ThirdParty:967 - CMSIS Pack Vendor :portGmbH I-Cube-SoM-uGOAL 1.1.0
2024-10-04 07:24:36,115 [INFO] ThirdParty:967 - CMSIS Pack Vendor :STMicroelectronics X-CUBE-AZRTOS-WL 2.0.0
2024-10-04 07:24:36,115 [INFO] ThirdParty:967 - CMSIS Pack Vendor :SEGGER I-CUBE-embOS 1.3.1
2024-10-04 07:24:36,115 [INFO] ThirdParty:967 - CMSIS Pack Vendor :STMicroelectronics X-CUBE-ALGOBUILD 1.4.0
2024-10-04 07:24:36,115 [INFO] ThirdParty:967 - CMSIS Pack Vendor :STMicroelectronics USB_DEVICE 1.0.0
2024-10-04 07:24:36,115 [INFO] ThirdParty:967 - CMSIS Pack Vendor :STMicroelectronics X-CUBE-AZRTOS-H7RS 1.0.0
2024-10-04 07:24:36,115 [INFO] ThirdParty:967 - CMSIS Pack Vendor :wolfSSL I-CUBE-wolfMQTT 1.19.0
2024-10-04 07:24:36,115 [INFO] ThirdParty:967 - CMSIS Pack Vendor :STMicroelectronics X-CUBE-AZRTOS-L4 2.0.0
2024-10-04 07:24:36,115 [INFO] ThirdParty:967 - CMSIS Pack Vendor :STMicroelectronics ThreadX 0.0.2
2024-10-04 07:24:36,115 [INFO] ThirdParty:967 - CMSIS Pack Vendor :WES I-CUBE-Cesium 1.3.0
2024-10-04 07:24:36,115 [INFO] ThirdParty:967 - CMSIS Pack Vendor :STMicroelectronics FP-ATR-ASTRA1 2.0.0
2024-10-04 07:24:36,115 [INFO] ThirdParty:967 - CMSIS Pack Vendor :STMicroelectronics lwIP 2.1.2
2024-10-04 07:24:36,115 [INFO] ThirdParty:967 - CMSIS Pack Vendor :STMicroelectronics X-CUBE-SFXS2LP1 4.0.0
2024-10-04 07:24:36,115 [INFO] ThirdParty:967 - CMSIS Pack Vendor :STMicroelectronics X-CUBE-BLE2 3.3.0
2024-10-04 07:24:36,115 [INFO] ThirdParty:967 - CMSIS Pack Vendor :STMicroelectronics PDM2PCM 3.2.0
2024-10-04 07:24:36,115 [INFO] ThirdParty:967 - CMSIS Pack Vendor :wolfSSL I-CUBE-wolfSSH 1.4.17
2024-10-04 07:24:36,115 [INFO] ThirdParty:787 - exiting critical section [change project]
2024-10-04 07:24:36,693 [INFO] PinOutPanel:1463 - setPackage(No Configuration,No Configuration)
2024-10-04 07:24:36,693 [INFO] PinOutPanel:1463 - setPackage(STM32F103C6Tx,LQFP48)
2024-10-04 07:24:37,193 [INFO] UtilMem:74 - Before build in PCC Used Memory: 418260384 Bytes (638582784)
2024-10-04 07:24:38,099 [INFO] UtilMem:74 - After build in PCC Used Memory: 252569344 Bytes (638582784)
2024-10-04 07:24:38,130 [INFO] IPUIPlugin:74 - create IPUIPlugin
2024-10-04 07:24:38,130 [INFO] IPUIPlugin:74 - create IPUIPlugin
2024-10-04 07:24:38,130 [INFO] IPUIPlugin:74 - create IPUIPlugin
2024-10-04 07:24:38,130 [INFO] IPUIPlugin:74 - create IPUIPlugin
2024-10-04 07:24:38,130 [INFO] IPUIPlugin:74 - create IPUIPlugin
2024-10-04 07:24:38,130 [INFO] IPUIPlugin:74 - create IPUIPlugin
2024-10-04 07:24:38,130 [INFO] IPUIPlugin:74 - create IPUIPlugin
2024-10-04 07:24:38,130 [INFO] IPUIPlugin:74 - create IPUIPlugin
2024-10-04 07:24:38,130 [INFO] IPUIPlugin:74 - create IPUIPlugin
2024-10-04 07:24:38,130 [INFO] IPUIPlugin:74 - create IPUIPlugin
2024-10-04 07:24:38,130 [INFO] IPUIPlugin:74 - create IPUIPlugin
2024-10-04 07:24:38,130 [INFO] IPUIPlugin:74 - create IPUIPlugin
2024-10-04 07:24:38,130 [INFO] IPUIPlugin:74 - create IPUIPlugin
2024-10-04 07:24:38,130 [INFO] IPUIPlugin:74 - create IPUIPlugin
2024-10-04 07:24:38,130 [INFO] IPUIPlugin:74 - create IPUIPlugin
2024-10-04 07:24:38,130 [INFO] IPUIPlugin:74 - create IPUIPlugin
2024-10-04 07:24:38,130 [INFO] IPUIPlugin:74 - create IPUIPlugin
2024-10-04 07:24:38,130 [INFO] IPUIPlugin:74 - create IPUIPlugin
2024-10-04 07:24:38,130 [INFO] IPUIPlugin:74 - create IPUIPlugin
2024-10-04 07:24:38,130 [INFO] IPUIPlugin:74 - create IPUIPlugin
2024-10-04 07:24:38,130 [INFO] IPUIPlugin:74 - create IPUIPlugin
2024-10-04 07:24:38,130 [INFO] IPUIPlugin:74 - create IPUIPlugin
2024-10-04 07:24:38,130 [INFO] IPUIPlugin:74 - create IPUIPlugin
2024-10-04 07:24:38,271 [INFO] OpenFileManager:333 - Restore cursor
2024-10-04 07:30:56,566 [INFO] RetryExec:97 - I/O exception (org.apache.http.NoHttpResponseException) caught when processing request to {s}->https://sw-center.st.com:443: The target server failed to respond
2024-10-04 07:30:56,566 [INFO] RetryExec:113 - Retrying request to {s}->https://sw-center.st.com:443
2024-10-04 08:54:55,662 [ERROR] LogOutputStream:74 - [STDERR_REDIRECT] [Fatal Error] :1:7: The string "--" is not permitted within comments.
2024-10-04 08:54:55,665 [ERROR] LogOutputStream:74 - [STDERR_REDIRECT] 
2024-10-04 08:54:56,185 [ERROR] LogOutputStream:74 - [STDERR_REDIRECT] [Fatal Error] :1:7: The string "--" is not permitted within comments.
2024-10-04 08:54:56,185 [ERROR] LogOutputStream:74 - [STDERR_REDIRECT] 
2024-10-04 08:54:56,850 [ERROR] LogOutputStream:74 - [STDERR_REDIRECT] [Fatal Error] :1:7: The string "--" is not permitted within comments.
2024-10-04 08:54:56,852 [ERROR] LogOutputStream:74 - [STDERR_REDIRECT] 
2024-10-17 14:55:48,662 [INFO] Activator:177 - 


2024-10-17 14:55:48,666 [INFO] Activator:178 - !SESSION log4j initialized
2024-10-17 14:57:49,621 [INFO] RetryExec:97 - I/O exception (org.apache.http.NoHttpResponseException) caught when processing request to {s}->https://sw-center.st.com:443: The target server failed to respond
2024-10-17 14:57:49,629 [INFO] RetryExec:113 - Retrying request to {s}->https://sw-center.st.com:443
2024-10-21 10:23:15,426 [INFO] Activator:177 - 


2024-10-21 10:23:15,429 [INFO] Activator:178 - !SESSION log4j initialized
2024-10-21 11:00:47,461 [INFO] McuFinderGlobals:39 - Set McuFinder mode to 2 (CubeIDE integrated)
2024-10-21 11:00:47,881 [INFO] ApplicationProperties:181 - Using Application install path: C:\Users\thuyh\STM32CubeIDE_1.7.0\STM32CubeIDE\plugins\com.st.stm32cube.common.mx_6.3.0.202107141111
2024-10-21 11:00:47,894 [INFO] DbMcusXml:74 - Set database path to: C:\Users\thuyh\STM32CubeIDE_1.7.0\STM32CubeIDE\plugins\com.st.stm32cube.common.mx_6.3.0.202107141111\\db\/mcu/
2024-10-21 11:00:47,902 [INFO] DbBoardsPdsc:56 - Set plugin database path to: C:\Users\thuyh\STM32CubeIDE_1.7.0\STM32CubeIDE\plugins\com.st.stm32cube.common.mx_6.3.0.202107141111\\db\/plugins/boardmanager/
2024-10-21 11:00:47,902 [INFO] DbMcus:258 - Set plugin images path to: C:\Users\thuyh\STM32CubeIDE_1.7.0\STM32CubeIDE\plugins\com.st.stm32cube.common.mx_6.3.0.202107141111\\db\/plugins/mcufinder/images/
2024-10-21 11:00:47,902 [INFO] DbBoards:264 - Set plugin images path to: C:\Users\thuyh\STM32CubeIDE_1.7.0\STM32CubeIDE\plugins\com.st.stm32cube.common.mx_6.3.0.202107141111\\db\/plugins/mcufinder/images/
2024-10-21 11:00:47,904 [INFO] DbExamples:333 - Set plugin images path to: C:\Users\thuyh\STM32CubeIDE_1.7.0\STM32CubeIDE\plugins\com.st.stm32cube.common.mx_6.3.0.202107141111\\db\/plugins/mcufinder/images/
2024-10-21 11:00:47,913 [INFO] DbMcusAds:119 - Set database path to: C:\Users\thuyh\.stmcufinder\plugins\mcufinder//mcu/
2024-10-21 11:00:47,913 [INFO] DbMcusDocs:110 - Set database path to: C:\Users\thuyh\.stmcufinder\plugins\mcufinder//mcu/
2024-10-21 11:00:47,920 [INFO] DbMcusJson:64 - Set database path to: C:\Users\thuyh\.stmcufinder\plugins\mcufinder//mcu/
2024-10-21 11:00:47,922 [INFO] DbBoardsDocs:110 - Set database path to: C:\Users\thuyh\.stmcufinder\plugins\mcufinder//mcu/
2024-10-21 11:00:47,922 [INFO] DbBoardsJson:57 - Set database path to: C:\Users\thuyh\.stmcufinder\plugins\mcufinder//mcu/
2024-10-21 11:00:48,256 [INFO] CrossReferenceDbSqlite:196 - Set database path to: C:\Users\thuyh\.stmcufinder\plugins\mcufinder//mcu/cs/
2024-10-21 11:00:48,262 [INFO] DbExamplesSqlite:767 - Set database path to: C:\Users\thuyh\.stmcufinder\plugins\mcufinder//mcu/
2024-10-21 11:00:48,495 [INFO] RulesReader:57 - Compatibility file has been processed (242 Rules)
2024-10-21 11:00:49,847 [INFO] DbMcusXml:74 - Set database path to: C:\Users\thuyh\STM32CubeIDE_1.7.0\STM32CubeIDE\plugins\com.st.stm32cube.common.mx_6.3.0.202107141111\\db\/mcu/
2024-10-21 11:00:49,852 [INFO] DbBoardsPdsc:56 - Set plugin database path to: C:\Users\thuyh\STM32CubeIDE_1.7.0\STM32CubeIDE\plugins\com.st.stm32cube.common.mx_6.3.0.202107141111\\db\/plugins/boardmanager/
2024-10-21 11:00:49,854 [INFO] DbMcus:258 - Set plugin images path to: C:\Users\thuyh\STM32CubeIDE_1.7.0\STM32CubeIDE\plugins\com.st.stm32cube.common.mx_6.3.0.202107141111\\db\/plugins/mcufinder/images/
2024-10-21 11:00:49,854 [INFO] DbBoards:264 - Set plugin images path to: C:\Users\thuyh\STM32CubeIDE_1.7.0\STM32CubeIDE\plugins\com.st.stm32cube.common.mx_6.3.0.202107141111\\db\/plugins/mcufinder/images/
2024-10-21 11:00:49,854 [INFO] DbExamples:333 - Set plugin images path to: C:\Users\thuyh\STM32CubeIDE_1.7.0\STM32CubeIDE\plugins\com.st.stm32cube.common.mx_6.3.0.202107141111\\db\/plugins/mcufinder/images/
2024-10-21 11:00:49,854 [WARN] DbFile:35 - Overriding database path with different value: C:\Users\thuyh\.stmcufinder\plugins\mcufinder/ => C:\Users\thuyh\.stmcufinder\plugins\mcufinder
2024-10-21 11:00:49,854 [INFO] DbMcusAds:119 - Set database path to: C:\Users\thuyh\.stmcufinder\plugins\mcufinder//mcu/
2024-10-21 11:00:49,854 [WARN] DbFile:35 - Overriding database path with different value: C:\Users\thuyh\.stmcufinder\plugins\mcufinder/ => C:\Users\thuyh\.stmcufinder\plugins\mcufinder
2024-10-21 11:00:49,854 [INFO] DbMcusDocs:110 - Set database path to: C:\Users\thuyh\.stmcufinder\plugins\mcufinder//mcu/
2024-10-21 11:00:49,854 [WARN] DbFile:35 - Overriding database path with different value: C:\Users\thuyh\.stmcufinder\plugins\mcufinder/ => C:\Users\thuyh\.stmcufinder\plugins\mcufinder
2024-10-21 11:00:49,854 [INFO] DbMcusJson:64 - Set database path to: C:\Users\thuyh\.stmcufinder\plugins\mcufinder//mcu/
2024-10-21 11:00:49,854 [WARN] DbFile:35 - Overriding database path with different value: C:\Users\thuyh\.stmcufinder\plugins\mcufinder/ => C:\Users\thuyh\.stmcufinder\plugins\mcufinder
2024-10-21 11:00:49,862 [INFO] DbBoardsDocs:110 - Set database path to: C:\Users\thuyh\.stmcufinder\plugins\mcufinder//mcu/
2024-10-21 11:00:49,862 [WARN] DbFile:35 - Overriding database path with different value: C:\Users\thuyh\.stmcufinder\plugins\mcufinder/ => C:\Users\thuyh\.stmcufinder\plugins\mcufinder
2024-10-21 11:00:49,862 [INFO] DbBoardsJson:57 - Set database path to: C:\Users\thuyh\.stmcufinder\plugins\mcufinder//mcu/
2024-10-21 11:00:49,862 [WARN] DbFile:35 - Overriding database path with different value: C:\Users\thuyh\.stmcufinder\plugins\mcufinder/ => C:\Users\thuyh\.stmcufinder\plugins\mcufinder
2024-10-21 11:00:49,863 [WARN] DbFile:35 - Overriding database path with different value: C:\Users\thuyh\.stmcufinder\plugins\mcufinder/ => C:\Users\thuyh\.stmcufinder\plugins\mcufinder
2024-10-21 11:00:49,863 [INFO] CrossReferenceDbSqlite:196 - Set database path to: C:\Users\thuyh\.stmcufinder\plugins\mcufinder//mcu/cs/
2024-10-21 11:00:49,863 [WARN] DbFile:35 - Overriding database path with different value: C:\Users\thuyh\.stmcufinder\plugins\mcufinder/ => C:\Users\thuyh\.stmcufinder\plugins\mcufinder
2024-10-21 11:00:49,863 [INFO] DbExamplesSqlite:767 - Set database path to: C:\Users\thuyh\.stmcufinder\plugins\mcufinder//mcu/
2024-10-21 11:00:49,982 [INFO] MainPanel:214 - HeapMemory: 876609536
2024-10-21 11:00:50,102 [INFO] DbMcusXml:74 - Set database path to: C:\Users\thuyh\STM32CubeIDE_1.7.0\STM32CubeIDE\plugins\com.st.stm32cube.common.mx_6.3.0.202107141111\\db\/mcu/
2024-10-21 11:00:50,102 [INFO] DbBoardsPdsc:56 - Set plugin database path to: C:\Users\thuyh\STM32CubeIDE_1.7.0\STM32CubeIDE\plugins\com.st.stm32cube.common.mx_6.3.0.202107141111\\db\/plugins/boardmanager/
2024-10-21 11:00:50,102 [INFO] DbMcus:258 - Set plugin images path to: C:\Users\thuyh\STM32CubeIDE_1.7.0\STM32CubeIDE\plugins\com.st.stm32cube.common.mx_6.3.0.202107141111\\db\/plugins/mcufinder/images/
2024-10-21 11:00:50,102 [INFO] DbBoards:264 - Set plugin images path to: C:\Users\thuyh\STM32CubeIDE_1.7.0\STM32CubeIDE\plugins\com.st.stm32cube.common.mx_6.3.0.202107141111\\db\/plugins/mcufinder/images/
2024-10-21 11:00:50,104 [INFO] DbExamples:333 - Set plugin images path to: C:\Users\thuyh\STM32CubeIDE_1.7.0\STM32CubeIDE\plugins\com.st.stm32cube.common.mx_6.3.0.202107141111\\db\/plugins/mcufinder/images/
2024-10-21 11:00:50,104 [WARN] DbFile:35 - Overriding database path with different value: C:\Users\thuyh\.stmcufinder\plugins\mcufinder/ => C:\Users\thuyh\.stmcufinder\plugins\mcufinder
2024-10-21 11:00:50,104 [INFO] DbMcusAds:119 - Set database path to: C:\Users\thuyh\.stmcufinder\plugins\mcufinder//mcu/
2024-10-21 11:00:50,104 [WARN] DbFile:35 - Overriding database path with different value: C:\Users\thuyh\.stmcufinder\plugins\mcufinder/ => C:\Users\thuyh\.stmcufinder\plugins\mcufinder
2024-10-21 11:00:50,104 [INFO] DbMcusDocs:110 - Set database path to: C:\Users\thuyh\.stmcufinder\plugins\mcufinder//mcu/
2024-10-21 11:00:50,104 [WARN] DbFile:35 - Overriding database path with different value: C:\Users\thuyh\.stmcufinder\plugins\mcufinder/ => C:\Users\thuyh\.stmcufinder\plugins\mcufinder
2024-10-21 11:00:50,104 [INFO] DbMcusJson:64 - Set database path to: C:\Users\thuyh\.stmcufinder\plugins\mcufinder//mcu/
2024-10-21 11:00:50,104 [WARN] DbFile:35 - Overriding database path with different value: C:\Users\thuyh\.stmcufinder\plugins\mcufinder/ => C:\Users\thuyh\.stmcufinder\plugins\mcufinder
2024-10-21 11:00:50,104 [INFO] DbBoardsDocs:110 - Set database path to: C:\Users\thuyh\.stmcufinder\plugins\mcufinder//mcu/
2024-10-21 11:00:50,104 [WARN] DbFile:35 - Overriding database path with different value: C:\Users\thuyh\.stmcufinder\plugins\mcufinder/ => C:\Users\thuyh\.stmcufinder\plugins\mcufinder
2024-10-21 11:00:50,104 [INFO] DbBoardsJson:57 - Set database path to: C:\Users\thuyh\.stmcufinder\plugins\mcufinder//mcu/
2024-10-21 11:00:50,104 [WARN] DbFile:35 - Overriding database path with different value: C:\Users\thuyh\.stmcufinder\plugins\mcufinder/ => C:\Users\thuyh\.stmcufinder\plugins\mcufinder
2024-10-21 11:00:50,104 [WARN] DbFile:35 - Overriding database path with different value: C:\Users\thuyh\.stmcufinder\plugins\mcufinder/ => C:\Users\thuyh\.stmcufinder\plugins\mcufinder
2024-10-21 11:00:50,104 [INFO] CrossReferenceDbSqlite:196 - Set database path to: C:\Users\thuyh\.stmcufinder\plugins\mcufinder//mcu/cs/
2024-10-21 11:00:50,104 [WARN] DbFile:35 - Overriding database path with different value: C:\Users\thuyh\.stmcufinder\plugins\mcufinder/ => C:\Users\thuyh\.stmcufinder\plugins\mcufinder
2024-10-21 11:00:50,104 [INFO] DbExamplesSqlite:767 - Set database path to: C:\Users\thuyh\.stmcufinder\plugins\mcufinder//mcu/
2024-10-21 11:00:50,131 [INFO] ApplicationProperties:181 - Using Application install path: C:\Users\thuyh\STM32CubeIDE_1.7.0\STM32CubeIDE\plugins\com.st.stm32cube.common.mx_6.3.0.202107141111
2024-10-21 11:00:50,134 [INFO] PluginManage:188 - Search for loadable plugins [exclusion list=, ]
2024-10-21 11:00:50,134 [INFO] PluginManage:302 - Check plugin analytics
2024-10-21 11:00:50,399 [INFO] AnalyticsPlugin:257 - Accepted Software Licenses: 
2024-10-21 11:00:50,399 [INFO] AnalyticsPlugin:259 - Accepted CMSIS Pack Licenses: 
2024-10-21 11:00:50,399 [INFO] AnalyticsPlugin:261 - Accepted Firmware Licenses: 
2024-10-21 11:00:50,399 [INFO] PluginManage:352 - Loaded plugin analytics (category:tool,tabindex:-1)
2024-10-21 11:00:50,399 [INFO] PluginManage:302 - Check plugin clock
2024-10-21 11:00:50,432 [INFO] PluginManage:352 - Loaded plugin clock (category:base,tabindex:2)
2024-10-21 11:00:50,432 [INFO] PluginManage:302 - Check plugin ddr
2024-10-21 11:00:50,434 [INFO] PluginManage:352 - Loaded plugin ddr (category:tool,tabindex:6)
2024-10-21 11:00:50,434 [INFO] PluginManage:302 - Check plugin filemanager
2024-10-21 11:00:50,652 [INFO] PluginManage:352 - Loaded plugin filemanager (category:base,tabindex:10)
2024-10-21 11:00:50,652 [INFO] PluginManage:302 - Check plugin ipmanager
2024-10-21 11:00:50,664 [INFO] PluginManage:352 - Loaded plugin ipmanager (category:base,tabindex:5)
2024-10-21 11:00:50,664 [INFO] PluginManage:302 - Check plugin pinoutandconfiguration
2024-10-21 11:00:50,704 [INFO] PluginManage:352 - Loaded plugin pinoutandconfiguration (category:base,tabindex:1)
2024-10-21 11:00:50,704 [INFO] PluginManage:302 - Check plugin pinoutconfig
2024-10-21 11:00:51,123 [INFO] PluginManage:352 - Loaded plugin pinoutconfig (category:base,tabindex:0)
2024-10-21 11:00:51,123 [INFO] PluginManage:302 - Check plugin power
2024-10-21 11:00:51,182 [INFO] PluginManage:352 - Loaded plugin power (category:power,tabindex:4)
2024-10-21 11:00:51,184 [INFO] PluginManage:302 - Check plugin projectmanager
2024-10-21 11:00:51,234 [INFO] PluginManage:352 - Loaded plugin projectmanager (category:projectmanager,tabindex:3)
2024-10-21 11:00:51,234 [INFO] PluginManage:302 - Check plugin thirdparty
2024-10-21 11:00:51,552 [WARN] IntegrityCheckThread:78 - waiting for thirdparty lock release [integrity check]
2024-10-21 11:00:51,554 [INFO] IntegrityCheckThread:80 - entering critical section [integrity check]
2024-10-21 11:00:51,554 [INFO] PluginManage:352 - Loaded plugin thirdparty (category:base,tabindex:-1)
2024-10-21 11:00:51,554 [INFO] ThirdPartyUpdaterWithRetryManager:66 - Updater plugin not ready yet. [1/15]
2024-10-21 11:00:51,554 [INFO] PluginManage:302 - Check plugin tools
2024-10-21 11:00:51,637 [INFO] PluginManage:352 - Loaded plugin tools (category:base,tabindex:7)
2024-10-21 11:00:51,637 [INFO] PluginManage:302 - Check plugin tutovideos
2024-10-21 11:00:51,993 [INFO] PluginManage:352 - Loaded plugin tutovideos (category:base,tabindex:-1)
2024-10-21 11:00:51,993 [INFO] PluginManage:302 - Check plugin updater
2024-10-21 11:00:52,013 [INFO] PluginManage:352 - Loaded plugin updater (category:base,tabindex:12)
2024-10-21 11:00:52,013 [INFO] PluginManage:275 - PluginManage : Loaded plugins [13]
2024-10-21 11:00:54,023 [INFO] PinOutPanel:1463 - setPackage(No Configuration,No Configuration)
2024-10-21 11:00:54,204 [INFO] IPUIPlugin:74 - create IPUIPlugin
2024-10-21 11:00:54,204 [INFO] PluginManager:213 - loadIPPluginJar : add adc
2024-10-21 11:00:54,303 [INFO] IPUIPlugin:74 - create IPUIPlugin
2024-10-21 11:00:54,303 [INFO] PluginManager:213 - loadIPPluginJar : add aes
2024-10-21 11:00:54,544 [INFO] IPUIPlugin:74 - create IPUIPlugin
2024-10-21 11:00:54,544 [INFO] PluginManager:213 - loadIPPluginJar : add can
2024-10-21 11:00:54,561 [INFO] ThirdPartyUpdaterWithRetryManager:66 - Updater plugin not ready yet. [2/15]
2024-10-21 11:00:54,623 [INFO] IPUIPlugin:74 - create IPUIPlugin
2024-10-21 11:00:54,623 [INFO] PluginManager:213 - loadIPPluginJar : add comp
2024-10-21 11:00:54,734 [INFO] IPUIPlugin:74 - create IPUIPlugin
2024-10-21 11:00:54,734 [INFO] PluginManager:213 - loadIPPluginJar : add cryp
2024-10-21 11:00:54,833 [INFO] IPUIPlugin:74 - create IPUIPlugin
2024-10-21 11:00:54,833 [INFO] PluginManager:213 - loadIPPluginJar : add dfsdm
2024-10-21 11:00:54,862 [INFO] IPUIPlugin:74 - create IPUIPlugin
2024-10-21 11:00:54,863 [INFO] PluginManager:213 - loadIPPluginJar : add dma
2024-10-21 11:00:54,994 [INFO] IPUIPlugin:74 - create IPUIPlugin
2024-10-21 11:00:54,994 [INFO] PluginManager:213 - loadIPPluginJar : add dma3
2024-10-21 11:00:55,063 [INFO] IPUIPlugin:74 - create IPUIPlugin
2024-10-21 11:00:55,063 [INFO] PluginManager:213 - loadIPPluginJar : add fatfs
2024-10-21 11:00:55,213 [INFO] IPUIPlugin:74 - create IPUIPlugin
2024-10-21 11:00:55,213 [INFO] PluginManager:213 - loadIPPluginJar : add fmc
2024-10-21 11:00:55,243 [INFO] IPUIPlugin:74 - create IPUIPlugin
2024-10-21 11:00:55,243 [INFO] PluginManager:213 - loadIPPluginJar : add freertos
2024-10-21 11:00:55,319 [INFO] IPUIPlugin:74 - create IPUIPlugin
2024-10-21 11:00:55,319 [INFO] PluginManager:213 - loadIPPluginJar : add genericplugin
2024-10-21 11:00:55,525 [INFO] IPUIPlugin:74 - create IPUIPlugin
2024-10-21 11:00:55,525 [INFO] PluginManager:213 - loadIPPluginJar : add gfxmmu
2024-10-21 11:00:55,813 [INFO] IPUIPlugin:74 - create IPUIPlugin
2024-10-21 11:00:55,813 [INFO] PluginManager:213 - loadIPPluginJar : add gic
2024-10-21 11:00:55,833 [INFO] IPUIPlugin:74 - create IPUIPlugin
2024-10-21 11:00:55,833 [INFO] PluginManager:213 - loadIPPluginJar : add gpio
2024-10-21 11:00:55,975 [INFO] IPUIPlugin:74 - create IPUIPlugin
2024-10-21 11:00:55,975 [INFO] PluginManager:213 - loadIPPluginJar : add gtzc
2024-10-21 11:00:56,053 [INFO] IPUIPlugin:74 - create IPUIPlugin
2024-10-21 11:00:56,053 [INFO] PluginManager:213 - loadIPPluginJar : add hash
2024-10-21 11:00:56,174 [INFO] IPUIPlugin:74 - create IPUIPlugin
2024-10-21 11:00:56,174 [INFO] PluginManager:213 - loadIPPluginJar : add i2c
2024-10-21 11:00:56,274 [INFO] IPUIPlugin:74 - create IPUIPlugin
2024-10-21 11:00:56,274 [INFO] PluginManager:213 - loadIPPluginJar : add i2s
2024-10-21 11:00:56,294 [INFO] IPUIPlugin:74 - create IPUIPlugin
2024-10-21 11:00:56,294 [INFO] PluginManager:213 - loadIPPluginJar : add ipddr
2024-10-21 11:00:56,493 [INFO] IPUIPlugin:74 - create IPUIPlugin
2024-10-21 11:00:56,493 [INFO] PluginManager:213 - loadIPPluginJar : add linkedlist
2024-10-21 11:00:56,583 [INFO] IPUIPlugin:74 - create IPUIPlugin
2024-10-21 11:00:56,583 [INFO] PluginManager:213 - loadIPPluginJar : add lorawan
2024-10-21 11:00:56,683 [INFO] IPUIPlugin:74 - create IPUIPlugin
2024-10-21 11:00:56,683 [INFO] PluginManager:213 - loadIPPluginJar : add ltdc
2024-10-21 11:00:56,706 [INFO] IPUIPlugin:74 - create IPUIPlugin
2024-10-21 11:00:56,706 [INFO] PluginManager:213 - loadIPPluginJar : add mdma
2024-10-21 11:00:56,724 [INFO] IPUIPlugin:74 - create IPUIPlugin
2024-10-21 11:00:56,729 [INFO] PluginManager:213 - loadIPPluginJar : add nvic
2024-10-21 11:00:56,822 [INFO] IPUIPlugin:74 - create IPUIPlugin
2024-10-21 11:00:56,823 [INFO] PluginManager:213 - loadIPPluginJar : add opamp
2024-10-21 11:00:56,954 [INFO] IPUIPlugin:74 - create IPUIPlugin
2024-10-21 11:00:56,962 [INFO] PluginManager:213 - loadIPPluginJar : add openamp
2024-10-21 11:00:57,033 [INFO] IPUIPlugin:74 - create IPUIPlugin
2024-10-21 11:00:57,033 [INFO] PluginManager:213 - loadIPPluginJar : add pdm2pcm
2024-10-21 11:00:57,053 [INFO] IPUIPlugin:74 - create IPUIPlugin
2024-10-21 11:00:57,057 [INFO] PluginManager:213 - loadIPPluginJar : add plateformsettings
2024-10-21 11:00:57,103 [INFO] IPUIPlugin:74 - create IPUIPlugin
2024-10-21 11:00:57,105 [INFO] PluginManager:213 - loadIPPluginJar : add quadspi
2024-10-21 11:00:57,117 [INFO] IPUIPlugin:74 - create IPUIPlugin
2024-10-21 11:00:57,117 [INFO] PluginManager:213 - loadIPPluginJar : add resmgrutility
2024-10-21 11:00:57,195 [INFO] IPUIPlugin:74 - create IPUIPlugin
2024-10-21 11:00:57,195 [INFO] PluginManager:213 - loadIPPluginJar : add sai
2024-10-21 11:00:57,254 [INFO] IPUIPlugin:74 - create IPUIPlugin
2024-10-21 11:00:57,254 [INFO] PluginManager:213 - loadIPPluginJar : add spi
2024-10-21 11:00:57,344 [INFO] IPUIPlugin:74 - create IPUIPlugin
2024-10-21 11:00:57,347 [INFO] PluginManager:213 - loadIPPluginJar : add stm32_wpan
2024-10-21 11:00:57,394 [INFO] IPUIPlugin:74 - create IPUIPlugin
2024-10-21 11:00:57,394 [INFO] PluginManager:213 - loadIPPluginJar : add tim
2024-10-21 11:00:57,493 [INFO] IPUIPlugin:74 - create IPUIPlugin
2024-10-21 11:00:57,493 [INFO] PluginManager:213 - loadIPPluginJar : add touchsensing
2024-10-21 11:00:57,534 [INFO] IPUIPlugin:74 - create IPUIPlugin
2024-10-21 11:00:57,534 [INFO] PluginManager:213 - loadIPPluginJar : add tracer_emb
2024-10-21 11:00:57,568 [INFO] ThirdPartyUpdaterWithRetryManager:66 - Updater plugin not ready yet. [3/15]
2024-10-21 11:00:57,593 [INFO] IPUIPlugin:74 - create IPUIPlugin
2024-10-21 11:00:57,593 [INFO] PluginManager:213 - loadIPPluginJar : add ts
2024-10-21 11:00:57,635 [INFO] IPUIPlugin:74 - create IPUIPlugin
2024-10-21 11:00:57,635 [INFO] PluginManager:213 - loadIPPluginJar : add tsc
2024-10-21 11:00:57,673 [INFO] IPUIPlugin:74 - create IPUIPlugin
2024-10-21 11:00:57,673 [INFO] PluginManager:213 - loadIPPluginJar : add ucpd
2024-10-21 11:00:57,753 [INFO] IPUIPlugin:74 - create IPUIPlugin
2024-10-21 11:00:57,753 [INFO] PluginManager:213 - loadIPPluginJar : add usart
2024-10-21 11:00:57,973 [INFO] IPUIPlugin:74 - create IPUIPlugin
2024-10-21 11:00:57,973 [INFO] PluginManager:213 - loadIPPluginJar : add usbx
2024-10-21 11:00:58,365 [FATAL] Updater:294 - Updater called before beeing initialized
2024-10-21 11:00:58,535 [FATAL] Updater:294 - Updater called before beeing initialized
2024-10-21 11:00:58,552 [INFO] DbMcusAds:47 - JSON generation date=Fri Sep 20 20:04:23 ICT 2024 (1726837463113)
2024-10-21 11:00:58,552 [FATAL] Updater:294 - Updater called before beeing initialized
2024-10-21 11:00:58,653 [WARN] DetailPanel:314 - Failed to get advertising image, set to default
2024-10-21 11:00:58,850 [FATAL] Updater:294 - Updater called before beeing initialized
2024-10-21 11:00:58,853 [FATAL] Updater:294 - Updater called before beeing initialized
2024-10-21 11:00:58,855 [FATAL] Updater:294 - Updater called before beeing initialized
2024-10-21 11:00:58,855 [WARN] DetailPanel:314 - Failed to get advertising image, set to default
2024-10-21 11:00:58,855 [FATAL] Updater:294 - Updater called before beeing initialized
2024-10-21 11:00:58,973 [ERROR] Updater:1075 - MainUpdater not yet initialized. External WinMGr cannot be set.
2024-10-21 11:00:58,985 [INFO] Updater:1012 - Updater Version found : 6.3.0
2024-10-21 11:00:59,013 [INFO] ApplicationProperties:181 - Using Application install path: C:\Users\thuyh\STM32CubeIDE_1.7.0\STM32CubeIDE\plugins\com.st.stm32cube.common.mx_6.3.0.202107141111
2024-10-21 11:00:59,393 [INFO] MainUpdater:2671 - connection check result : 10
2024-10-21 11:00:59,393 [INFO] MainUpdater:265 - Updater Check For Update Now.
2024-10-21 11:00:59,393 [INFO] MicroXplorer:478 - Change Database Version : DB.6.0.30
2024-10-21 11:00:59,645 [INFO] CheckServerUpdateThread:112 - End of CheckServer Thread
2024-10-21 11:00:59,661 [INFO] MainUpdater:2671 - connection check result : 10
2024-10-21 11:00:59,673 [INFO] MainUpdater:2671 - connection check result : 10
2024-10-21 11:01:00,153 [INFO] MicroXplorer:448 - Change Database Path : 
2024-10-21 11:01:00,155 [INFO] MicroXplorer:478 - Change Database Version : DB.6.0.30
2024-10-21 11:01:00,155 [WARN] ThirdParty:813 - waiting for thirdparty lock release [close project]
2024-10-21 11:01:00,893 [ERROR] Engine:463 - C:\Users\thuyh\.stm32cubemx\thirdparties\pdsc\STMicroelectronics.FP-SNS-MOTENVWB1.1.4.0.pdsc: PDSC version is not supported
2024-10-21 11:01:00,913 [ERROR] Engine:463 - C:\Users\thuyh\.stm32cubemx\thirdparties\pdsc\STMicroelectronics.X-CUBE-SMBUS.2.1.0.pdsc: PDSC version is not supported
2024-10-21 11:01:00,993 [WARN] PackLoader:238 - Cannot read IP mode file for STMicroelectronics.X-CUBE-WB05N.1.1.0
2024-10-21 11:01:01,067 [WARN] PackLoader:238 - Cannot read IP mode file for STMicroelectronics.X-CUBE-AZRTOS-F7.1.1.0
2024-10-21 11:01:01,292 [WARN] PackLoader:238 - Cannot read IP mode file for STMicroelectronics.X-CUBE-MEMS1.11.0.0
2024-10-21 11:01:01,718 [ERROR] Engine:463 - C:\Users\thuyh\.stm32cubemx\thirdparties\pdsc\STMicroelectronics.FP-SNS-FLIGHT1.5.0.2.pdsc: PDSC version is not supported
2024-10-21 11:01:01,743 [ERROR] Engine:463 - C:\Users\thuyh\.stm32cubemx\thirdparties\pdsc\STMicroelectronics.X-CUBE-DISPLAY.3.0.0.pdsc: PDSC version is not supported
2024-10-21 11:01:01,763 [WARN] PackLoader:238 - Cannot read IP mode file for STMicroelectronics.X-CUBE-BLE1.7.0.0
2024-10-21 11:01:01,792 [WARN] PackLoader:238 - Cannot read IP mode file for STMicroelectronics.X-CUBE-NFC10.1.0.0
2024-10-21 11:01:01,813 [ERROR] Engine:463 - C:\Users\thuyh\.stm32cubemx\thirdparties\pdsc\emotas.I-CUBE-CANOPEN.1.3.0.pdsc: PDSC version is not supported
2024-10-21 11:01:01,832 [ERROR] Engine:463 - C:\Users\thuyh\.stm32cubemx\thirdparties\pdsc\STMicroelectronics.X-CUBE-BLEMGR.3.1.0.pdsc: PDSC version is not supported
2024-10-21 11:01:01,845 [ERROR] Engine:463 - C:\Users\thuyh\.stm32cubemx\thirdparties\pdsc\STMicroelectronics.FP-SNS-SMARTAG2.1.2.0.pdsc: PDSC version is not supported
2024-10-21 11:01:01,885 [INFO] LogOutputStream:76 - [STDOUT_REDIRECT] 1 : Invalid condition id : UX_CORESTACK_Condition cause : null
2024-10-21 11:01:01,893 [INFO] LogOutputStream:76 - [STDOUT_REDIRECT] 1 : Invalid condition id : UX_CORESTACK_Condition cause : null
2024-10-21 11:01:01,893 [INFO] LogOutputStream:76 - [STDOUT_REDIRECT] 1 : Invalid condition id : UX_CORESTACK_Condition cause : null
2024-10-21 11:01:01,893 [INFO] LogOutputStream:76 - [STDOUT_REDIRECT] 1 : Invalid condition id : UX_CORESTACK_Condition cause : null
2024-10-21 11:01:01,893 [INFO] LogOutputStream:76 - [STDOUT_REDIRECT] 1 : Invalid condition id : UX_CORESTACK_Condition cause : null
2024-10-21 11:01:01,905 [WARN] PackLoader:238 - Cannot read IP mode file for STMicroelectronics.X-CUBE-AZRTOS-WL.2.0.0
2024-10-21 11:01:01,933 [ERROR] Engine:463 - C:\Users\thuyh\.stm32cubemx\thirdparties\pdsc\STMicroelectronics.FP-SNS-MOTENV1.5.0.0.pdsc: PDSC version is not supported
2024-10-21 11:01:01,954 [WARN] PackLoader:238 - Cannot read IP mode file for wolfSSL.I-CUBE-wolfMQTT.1.19.0
2024-10-21 11:01:01,986 [WARN] PackLoader:238 - Cannot read IP mode file for WES.I-CUBE-Cesium.1.3.0
2024-10-21 11:01:02,003 [WARN] PackLoader:238 - Cannot read IP mode file for STMicroelectronics.X-CUBE-BLE2.3.3.0
2024-10-21 11:01:02,055 [WARN] PackLoader:238 - Cannot read IP mode file for STMicroelectronics.X-CUBE-NFC9.1.0.0
2024-10-21 11:01:02,075 [ERROR] Engine:463 - C:\Users\thuyh\.stm32cubemx\thirdparties\pdsc\STMicroelectronics.X-CUBE-TCPP.4.1.0.pdsc: PDSC version is not supported
2024-10-21 11:01:02,123 [WARN] PackLoader:238 - Cannot read IP mode file for STMicroelectronics.X-CUBE-AZRTOS-G0.1.1.0
2024-10-21 11:01:02,163 [WARN] PackLoader:238 - Cannot read IP mode file for STMicroelectronics.X-CUBE-SAFEA1.1.2.2
2024-10-21 11:01:02,185 [WARN] PackLoader:238 - Cannot read IP mode file for STMicroelectronics.X-CUBE-NFC4.3.0.0
2024-10-21 11:01:02,208 [ERROR] Engine:463 - C:\Users\thuyh\.stm32cubemx\thirdparties\pdsc\EmbeddedOffice.I-CUBE-FS-RTOS.1.0.1.pdsc: PDSC version is not supported
2024-10-21 11:01:02,225 [ERROR] Engine:463 - C:\Users\thuyh\.stm32cubemx\thirdparties\pdsc\RealThread.X-CUBE-RT-Thread_Nano.4.1.1.pdsc: PDSC version is not supported
2024-10-21 11:01:02,245 [WARN] PackLoader:238 - Cannot read IP mode file for STMicroelectronics.FP-ATR-SIGFOX1.3.2.0
2024-10-21 11:01:02,263 [WARN] PackLoader:238 - Cannot read IP mode file for wolfSSL.I-CUBE-wolfSSL.5.7.2
2024-10-21 11:01:02,288 [WARN] PackLoader:238 - Cannot read IP mode file for STMicroelectronics.X-CUBE-EEPRMA1.5.1.0
2024-10-21 11:01:02,315 [ERROR] Engine:463 - C:\Users\thuyh\.stm32cubemx\thirdparties\pdsc\ITTIA_DB.I-CUBE-ITTIADB.8.9.0.pdsc: PDSC version is not supported
2024-10-21 11:01:02,398 [WARN] PackLoader:238 - Cannot read IP mode file for SEGGER.I-CUBE-embOS.1.3.1
2024-10-21 11:01:02,503 [WARN] PackLoader:238 - Cannot read IP mode file for STMicroelectronics.X-CUBE-ALGOBUILD.1.4.0
2024-10-21 11:01:02,523 [WARN] PackLoader:238 - Cannot read IP mode file for STMicroelectronics.X-CUBE-AI.9.1.0
2024-10-21 11:01:02,545 [WARN] PackLoader:238 - Cannot read IP mode file for STMicroelectronics.X-CUBE-GNSS1.6.0.0
2024-10-21 11:01:02,615 [WARN] PackLoader:238 - Cannot read IP mode file for STMicroelectronics.X-CUBE-AZRTOS-F4.1.1.0
2024-10-21 11:01:02,643 [WARN] PackLoader:238 - Cannot read IP mode file for STMicroelectronics.X-CUBE-ISPU.2.1.0
2024-10-21 11:01:02,668 [ERROR] Engine:463 - C:\Users\thuyh\.stm32cubemx\thirdparties\pdsc\STMicroelectronics.X-CUBE-FREERTOS.1.2.0.pdsc: PDSC version is not supported
2024-10-21 11:01:02,716 [WARN] PackLoader:238 - Cannot read IP mode file for STMicroelectronics.X-CUBE-AZRTOS-L5.2.0.0
2024-10-21 11:01:02,744 [WARN] PackLoader:238 - Cannot read IP mode file for STMicroelectronics.X-CUBE-NFC6.3.1.0
2024-10-21 11:01:02,763 [ERROR] Engine:463 - C:\Users\thuyh\.stm32cubemx\thirdparties\pdsc\STMicroelectronics.X-CUBE-DPower.1.2.0.pdsc: PDSC version is not supported
2024-10-21 11:01:02,773 [WARN] PackLoader:238 - Cannot read IP mode file for STMicroelectronics.X-CUBE-AI.9.0.0
2024-10-21 11:01:02,785 [WARN] PackLoader:238 - Cannot read IP mode file for STMicroelectronics.X-CUBE-NFC7.1.0.1
2024-10-21 11:01:02,837 [WARN] ConditionMgr:437 - getConditionDescription Invalid condition id : LAN8742 Phy interface Condition cause : null
2024-10-21 11:01:02,837 [WARN] PackLoader:238 - Cannot read IP mode file for STMicroelectronics.X-CUBE-AZRTOS-L4.2.0.0
2024-10-21 11:01:02,837 [WARN] ConditionMgr:1038 - genDependencies : Invalid condition id : LAN8742 Phy interface Condition cause : null
2024-10-21 11:01:02,837 [WARN] ConditionMgr:1038 - genDependencies : Invalid condition id : LAN8742 Phy interface Condition cause : null
2024-10-21 11:01:02,842 [WARN] ConditionMgr:1038 - genDependencies : Invalid condition id : LAN8742 Phy interface Condition cause : null
2024-10-21 11:01:02,865 [WARN] PackLoader:238 - Cannot read IP mode file for STMicroelectronics.X-CUBE-SFXS2LP1.4.0.0
2024-10-21 11:01:02,905 [WARN] PackLoader:238 - Cannot read IP mode file for STMicroelectronics.X-CUBE-AZRTOS-H7.3.3.0
2024-10-21 11:01:02,923 [ERROR] Engine:463 - C:\Users\thuyh\.stm32cubemx\thirdparties\pdsc\STMicroelectronics.X-CUBE-IPS.3.0.0.pdsc: PDSC version is not supported
2024-10-21 11:01:02,955 [WARN] ConditionMgr:437 - getConditionDescription Invalid condition id : UX DEVICE CLASS RTOS Condition cause : null
2024-10-21 11:01:02,955 [WARN] ConditionMgr:437 - getConditionDescription Invalid condition id : UX DEVICE CLASS RTOS Condition cause : null
2024-10-21 11:01:02,974 [WARN] PackLoader:238 - Cannot read IP mode file for STMicroelectronics.X-CUBE-AZRTOS-WB.2.0.0
2024-10-21 11:01:02,974 [WARN] ConditionMgr:1038 - genDependencies : Invalid condition id : UX DEVICE CLASS RTOS Condition cause : null
2024-10-21 11:01:02,974 [WARN] ConditionMgr:1038 - genDependencies : Invalid condition id : UX DEVICE CLASS RTOS Condition cause : null
2024-10-21 11:01:02,975 [WARN] ConditionMgr:1038 - genDependencies : Invalid condition id : UX DEVICE CLASS RTOS Condition cause : null
2024-10-21 11:01:02,975 [WARN] ConditionMgr:1038 - genDependencies : Invalid condition id : UX DEVICE CLASS RTOS Condition cause : null
2024-10-21 11:01:02,975 [WARN] ConditionMgr:1038 - genDependencies : Invalid condition id : UX DEVICE CLASS RTOS Condition cause : null
2024-10-21 11:01:02,986 [WARN] PackLoader:238 - Cannot read IP mode file for STMicroelectronics.X-CUBE-GNSS1.7.0.0
2024-10-21 11:01:03,013 [ERROR] Engine:463 - C:\Users\thuyh\.stm32cubemx\thirdparties\pdsc\STMicroelectronics.FP-SNS-STBOX1.2.0.0.pdsc: PDSC version is not supported
2024-10-21 11:01:03,043 [WARN] PackLoader:238 - Cannot read IP mode file for STMicroelectronics.X-CUBE-SUBG2.5.0.0
2024-10-21 11:01:03,063 [ERROR] Engine:463 - C:\Users\thuyh\.stm32cubemx\thirdparties\pdsc\Cesanta.I-CUBE-Mongoose.7.13.0.pdsc: PDSC version is not supported
2024-10-21 11:01:03,093 [WARN] PackLoader:238 - Cannot read IP mode file for STMicroelectronics.X-CUBE-AZRTOS-G4.2.0.0
2024-10-21 11:01:03,105 [WARN] PackLoader:238 - Cannot read IP mode file for STMicroelectronics.X-CUBE-ISPU.2.0.0
2024-10-21 11:01:03,115 [ERROR] Engine:463 - C:\Users\thuyh\.stm32cubemx\thirdparties\pdsc\STMicroelectronics.X-CUBE-ALS.1.0.2.pdsc: PDSC version is not supported
2024-10-21 11:01:03,133 [WARN] PackLoader:238 - Cannot read IP mode file for STMicroelectronics.X-CUBE-TOUCHGFX.4.24.0
2024-10-21 11:01:03,145 [WARN] PackLoader:238 - Cannot read IP mode file for STMicroelectronics.X-CUBE-TOUCHGFX.4.24.1
2024-10-21 11:01:03,153 [WARN] PackLoader:238 - Cannot read IP mode file for wolfSSL.I-CUBE-wolfTPM.3.4.0
2024-10-21 11:01:03,173 [WARN] PackLoader:238 - Cannot read IP mode file for portGmbH.I-Cube-SoM-uGOAL.1.1.0
2024-10-21 11:01:03,226 [WARN] PackLoader:238 - Cannot read IP mode file for STMicroelectronics.X-CUBE-AZRTOS-H7RS.1.0.0
2024-10-21 11:01:03,263 [WARN] PackLoader:238 - Cannot read IP mode file for STMicroelectronics.FP-ATR-ASTRA1.2.0.0
2024-10-21 11:01:03,288 [ERROR] Engine:463 - C:\Users\thuyh\.stm32cubemx\thirdparties\pdsc\STMicroelectronics.X-CUBE-TOF1.3.4.2.pdsc: PDSC version is not supported
2024-10-21 11:01:03,323 [ERROR] Engine:463 - C:\Users\thuyh\.stm32cubemx\thirdparties\pdsc\Infineon.AIROC-Wi-Fi-Bluetooth-STM32.1.6.1.pdsc: PDSC version is not supported
2024-10-21 11:01:03,344 [WARN] PackLoader:238 - Cannot read IP mode file for wolfSSL.I-CUBE-wolfSSH.1.4.17
2024-10-21 11:01:03,344 [INFO] ThirdParty:915 - Integrity check success = true
2024-10-21 11:01:03,344 [INFO] IntegrityCheckThread:94 - exiting critical section [integrity check]
2024-10-21 11:01:03,344 [INFO] IntegrityCheckThread:97 - End integrity checks thread
2024-10-21 11:01:03,344 [INFO] ThirdParty:815 - entering critical section [close project]
2024-10-21 11:01:03,344 [INFO] ThirdParty:825 - exiting critical section [close project]
2024-10-21 11:01:03,355 [INFO] PinOutPanel:1463 - setPackage(No Configuration,No Configuration)
2024-10-21 11:01:03,355 [INFO] UtilMem:74 - Begin LoadConfig() Used Memory: 818935928 Bytes (876609536)
2024-10-21 11:01:03,355 [INFO] MicroXplorer:448 - Change Database Path : 
2024-10-21 11:01:03,355 [INFO] MicroXplorer:478 - Change Database Version : DB.6.0.30
2024-10-21 11:01:03,355 [INFO] OpenFileManager:313 - Change cursor
2024-10-21 11:01:05,293 [INFO] Context:592 - Trying to add GPIOservice into a context  which must be forbidden
2024-10-21 11:01:05,828 [WARN] ApiManager:304 - Cannot register API 'Board Extension:NFC09A1' from pack STMicroelectronics.X-CUBE-NFC9.1.0.0: no header file found
2024-10-21 11:01:05,834 [WARN] ApiManager:304 - Cannot register API 'Board Extension:GNSS1A1' from pack STMicroelectronics.X-CUBE-GNSS1.6.0.0: no header file found
2024-10-21 11:01:05,835 [WARN] ApiManager:304 - Cannot register API 'Board Support:Custom' from pack STMicroelectronics.X-CUBE-GNSS1.6.0.0: no header file found
2024-10-21 11:01:05,835 [WARN] ApiManager:304 - Cannot register API 'Data Exchange:lib_gnss' from pack STMicroelectronics.X-CUBE-GNSS1.6.0.0: no header file found
2024-10-21 11:01:05,837 [WARN] ApiManager:304 - Cannot register API 'Wireless:STM32WB05N' from pack STMicroelectronics.X-CUBE-WB05N.1.1.0: no header file found
2024-10-21 11:01:05,848 [WARN] ApiManager:304 - Cannot register API 'Board Extension:GNSS1A1' from pack STMicroelectronics.X-CUBE-GNSS1.7.0.0: no header file found
2024-10-21 11:01:05,848 [WARN] ApiManager:304 - Cannot register API 'Board Support:Custom' from pack STMicroelectronics.X-CUBE-GNSS1.7.0.0: no header file found
2024-10-21 11:01:05,848 [WARN] ApiManager:304 - Cannot register API 'Data Exchange:lib_gnss' from pack STMicroelectronics.X-CUBE-GNSS1.7.0.0: no header file found
2024-10-21 11:01:05,864 [WARN] ApiManager:304 - Cannot register API 'Board Extension:NFC06A1' from pack STMicroelectronics.X-CUBE-NFC6.3.1.0: no header file found
2024-10-21 11:01:05,864 [WARN] ApiManager:304 - Cannot register API 'Board Extension:NFC08A1' from pack STMicroelectronics.X-CUBE-NFC6.3.1.0: no header file found
2024-10-21 11:01:06,235 [WARN] ApiManager:304 - Cannot register API 'Board Extension:IKS01A3' from pack STMicroelectronics.X-CUBE-MEMS1.11.0.0: no header file found
2024-10-21 11:01:06,235 [WARN] ApiManager:304 - Cannot register API 'Board Extension:IKS02A1' from pack STMicroelectronics.X-CUBE-MEMS1.11.0.0: no header file found
2024-10-21 11:01:06,235 [WARN] ApiManager:304 - Cannot register API 'Board Extension:IKS4A1' from pack STMicroelectronics.X-CUBE-MEMS1.11.0.0: no header file found
2024-10-21 11:01:06,243 [INFO] RtosManager:484 - Registered RTOS mode: class=CMSIS, group=RTOS, mode=CMSIS_V1, owner=FREERTOS
2024-10-21 11:01:06,243 [INFO] RtosManager:484 - Registered RTOS mode: class=CMSIS, group=RTOS2, mode=CMSIS_V2, owner=FREERTOS
2024-10-21 11:01:06,243 [INFO] RtosManager:484 - Registered RTOS mode: class=RTOS, group=Core, mode=CMSIS_V1, owner=FREERTOS
2024-10-21 11:01:06,243 [INFO] RtosManager:484 - Registered RTOS mode: class=RTOS, group=Core, mode=CMSIS_V2, owner=FREERTOS
2024-10-21 11:01:06,243 [WARN] ModelIntegratedComponent:181 - Missing modes for component STMicroelectronics:FreeRTOS:0.0.1:STMicroelectronics:RTOS:FreeRTOS:Core:::10.2.0:
2024-10-21 11:01:06,254 [WARN] ApiManager:304 - Cannot register API 'Board Extension:STSAFEA1' from pack STMicroelectronics.X-CUBE-SAFEA1.1.2.2: no header file found
2024-10-21 11:01:06,254 [WARN] ApiManager:304 - Cannot register API 'Board Part:STSAFEA110' from pack STMicroelectronics.X-CUBE-SAFEA1.1.2.2: no header file found
2024-10-21 11:01:06,254 [WARN] ApiManager:304 - Cannot register API 'Security:ST_Cryptolib' from pack STMicroelectronics.X-CUBE-SAFEA1.1.2.2: no header file found
2024-10-21 11:01:06,255 [WARN] ApiManager:304 - Cannot register API 'Security:MbedTLS' from pack STMicroelectronics.X-CUBE-SAFEA1.1.2.2: no header file found
2024-10-21 11:01:06,255 [WARN] ApiManager:304 - Cannot register API 'Board Extension:NFC04A1' from pack STMicroelectronics.X-CUBE-NFC4.3.0.0: no header file found
2024-10-21 11:01:06,255 [WARN] ApiManager:304 - Cannot register API 'Board Extension:S2868A1' from pack STMicroelectronics.X-CUBE-SUBG2.5.0.0: no header file found
2024-10-21 11:01:06,255 [WARN] ApiManager:304 - Cannot register API 'Board Extension:S2868A2' from pack STMicroelectronics.X-CUBE-SUBG2.5.0.0: no header file found
2024-10-21 11:01:06,255 [WARN] ApiManager:304 - Cannot register API 'Board Extension:S2915A1' from pack STMicroelectronics.X-CUBE-SUBG2.5.0.0: no header file found
2024-10-21 11:01:06,273 [WARN] ApiManager:304 - Cannot register API 'Wireless:BlueNRG-MS' from pack STMicroelectronics.X-CUBE-BLE1.7.0.0: no header file found
2024-10-21 11:01:06,275 [WARN] ApiManager:304 - Cannot register API 'Board Extension:NFC10A1' from pack STMicroelectronics.X-CUBE-NFC10.1.0.0: no header file found
2024-10-21 11:01:06,275 [WARN] ApiManager:304 - Cannot register API 'Board Extension:EEPRMA2' from pack STMicroelectronics.X-CUBE-EEPRMA1.5.1.0: no header file found
2024-10-21 11:01:06,275 [WARN] ApiManager:304 - Cannot register API 'Board Extension:PGEEZ1' from pack STMicroelectronics.X-CUBE-EEPRMA1.5.1.0: no header file found
2024-10-21 11:01:06,275 [WARN] ApiManager:304 - Cannot register API 'Board Extension:EEICA1' from pack STMicroelectronics.X-CUBE-EEPRMA1.5.1.0: no header file found
2024-10-21 11:01:06,275 [WARN] ApiManager:304 - Cannot register API 'Board Part:M24' from pack STMicroelectronics.X-CUBE-EEPRMA1.5.1.0: no header file found
2024-10-21 11:01:06,275 [WARN] ApiManager:304 - Cannot register API 'Board Part:M95' from pack STMicroelectronics.X-CUBE-EEPRMA1.5.1.0: no header file found
2024-10-21 11:01:06,275 [WARN] ApiManager:304 - Cannot register API 'Board Part:M95P32' from pack STMicroelectronics.X-CUBE-EEPRMA1.5.1.0: no header file found
2024-10-21 11:01:06,275 [WARN] ApiManager:304 - Cannot register API 'Board Part:M24256E-F' from pack STMicroelectronics.X-CUBE-EEPRMA1.5.1.0: no header file found
2024-10-21 11:01:06,275 [WARN] ApiManager:304 - Cannot register API 'Board Part:M24M01E-F' from pack STMicroelectronics.X-CUBE-EEPRMA1.5.1.0: no header file found
2024-10-21 11:01:06,275 [WARN] ApiManager:304 - Cannot register API 'PGEEZ1:SPI' from pack STMicroelectronics.X-CUBE-EEPRMA1.5.1.0: no header file found
2024-10-21 11:01:06,275 [WARN] ApiManager:304 - Cannot register API 'PGEEZ1:QDSPI' from pack STMicroelectronics.X-CUBE-EEPRMA1.5.1.0: no header file found
2024-10-21 11:01:06,284 [WARN] ModelIntegratedComponent:60 - No mode defined for component null
2024-10-21 11:01:06,284 [WARN] ModelIntegratedComponent:60 - No mode defined for component null
2024-10-21 11:01:06,284 [WARN] ModelIntegratedComponent:60 - No mode defined for component null
2024-10-21 11:01:06,284 [WARN] ModelIntegratedComponent:60 - No mode defined for component null
2024-10-21 11:01:06,284 [WARN] ModelIntegratedComponent:60 - No mode defined for component null
2024-10-21 11:01:06,284 [WARN] ModelIntegratedComponent:60 - No mode defined for component null
2024-10-21 11:01:06,284 [WARN] ModelIntegratedComponent:60 - No mode defined for component null
2024-10-21 11:01:06,284 [WARN] ModelIntegratedComponent:60 - No mode defined for component null
2024-10-21 11:01:06,284 [WARN] ModelIntegratedComponent:60 - No mode defined for component null
2024-10-21 11:01:06,284 [WARN] ModelIntegratedComponent:60 - No mode defined for component null
2024-10-21 11:01:06,284 [WARN] ModelIntegratedComponent:60 - No mode defined for component null
2024-10-21 11:01:06,284 [WARN] ModelIntegratedComponent:60 - No mode defined for component null
2024-10-21 11:01:06,284 [WARN] ModelIntegratedComponent:60 - No mode defined for component null
2024-10-21 11:01:06,284 [WARN] ModelIntegratedComponent:60 - No mode defined for component null
2024-10-21 11:01:06,284 [WARN] ModelIntegratedComponent:60 - No mode defined for component null
2024-10-21 11:01:06,284 [WARN] ModelIntegratedComponent:60 - No mode defined for component null
2024-10-21 11:01:06,284 [WARN] ModelIntegratedComponent:60 - No mode defined for component null
2024-10-21 11:01:06,284 [WARN] ModelIntegratedComponent:60 - No mode defined for component null
2024-10-21 11:01:06,284 [WARN] ModelIntegratedComponent:60 - No mode defined for component null
2024-10-21 11:01:06,284 [WARN] ModelIntegratedComponent:60 - No mode defined for component null
2024-10-21 11:01:06,284 [WARN] ModelIntegratedComponent:60 - No mode defined for component null
2024-10-21 11:01:06,284 [WARN] ModelIntegratedComponent:60 - No mode defined for component null
2024-10-21 11:01:06,284 [WARN] ModelIntegratedComponent:60 - No mode defined for component null
2024-10-21 11:01:06,284 [WARN] ModelIntegratedComponent:60 - No mode defined for component null
2024-10-21 11:01:06,284 [WARN] ModelIntegratedComponent:60 - No mode defined for component null
2024-10-21 11:01:06,284 [WARN] ModelIntegratedComponent:60 - No mode defined for component null
2024-10-21 11:01:06,284 [WARN] ModelIntegratedComponent:60 - No mode defined for component null
2024-10-21 11:01:06,284 [WARN] ModelIntegratedComponent:60 - No mode defined for component null
2024-10-21 11:01:06,284 [WARN] ModelIntegratedComponent:60 - No mode defined for component null
2024-10-21 11:01:06,284 [WARN] ModelIntegratedComponent:60 - No mode defined for component null
2024-10-21 11:01:06,284 [WARN] ModelIntegratedComponent:60 - No mode defined for component null
2024-10-21 11:01:06,284 [WARN] ApiManager:304 - Cannot register API 'Board Extension:NFC07A1' from pack STMicroelectronics.X-CUBE-NFC7.1.0.1: no header file found
2024-10-21 11:01:06,305 [WARN] ApiManager:304 - Cannot register API 'Board Extension:S2868A1' from pack STMicroelectronics.X-CUBE-SFXS2LP1.4.0.0: no header file found
2024-10-21 11:01:06,305 [WARN] ApiManager:304 - Cannot register API 'Board Extension:S2868A2' from pack STMicroelectronics.X-CUBE-SFXS2LP1.4.0.0: no header file found
2024-10-21 11:01:06,305 [WARN] ApiManager:304 - Cannot register API 'Board Extension:S2915A1' from pack STMicroelectronics.X-CUBE-SFXS2LP1.4.0.0: no header file found
2024-10-21 11:01:06,305 [WARN] ApiManager:304 - Cannot register API 'Wireless:BlueNRG-2' from pack STMicroelectronics.X-CUBE-BLE2.3.3.0: no header file found
2024-10-21 11:01:09,995 [INFO] UtilMem:74 - End LoadConfig() Used Memory: 829840248 Bytes (876609536)
2024-10-21 11:01:10,004 [INFO] DbMcusXml:100 - Load MCU database from C:\Users\thuyh\STM32CubeIDE_1.7.0\STM32CubeIDE\plugins\com.st.stm32cube.common.mx_6.3.0.202107141111\\db\/mcu/families.xml
2024-10-21 11:01:11,603 [INFO] DbMcusJson:93 - JSON generation date=Tue Nov 16 23:17:54 ICT 2021 (1637079474)
2024-10-21 11:01:12,876 [INFO] DbMcus:175 - Found 1951 MCUs (1903 are supported by CubeMX, 1914 are visible in CubeMX)
2024-10-21 11:01:12,896 [INFO] ApiDb:251 - Load user favorites file C:\Users\thuyh/.stm32cubeide/favorites.mcus.txt: 0 item(s)
2024-10-21 11:01:12,896 [INFO] ApiDb:255 - User favorites MCUs=[]
2024-10-21 11:01:12,896 [INFO] DbMcus:187 - Set 0 / 0 favorites MCUs
2024-10-21 11:01:12,904 [WARN] ThirdParty:779 - waiting for thirdparty lock release [change project]
2024-10-21 11:01:12,904 [INFO] ThirdParty:781 - entering critical section [change project]
2024-10-21 11:01:12,904 [INFO] ThirdParty:967 - CMSIS Pack Vendor :STMicroelectronics X-CUBE-AZRTOS-H7 3.3.0
2024-10-21 11:01:12,904 [INFO] ThirdParty:967 - CMSIS Pack Vendor :STMicroelectronics X-CUBE-NFC9 1.0.0
2024-10-21 11:01:12,904 [INFO] ThirdParty:967 - CMSIS Pack Vendor :STMicroelectronics X-CUBE-GNSS1 6.0.0
2024-10-21 11:01:12,904 [INFO] ThirdParty:967 - CMSIS Pack Vendor :STMicroelectronics USB_HOST 2.0.0
2024-10-21 11:01:12,904 [INFO] ThirdParty:967 - CMSIS Pack Vendor :STMicroelectronics X-CUBE-AZRTOS-F4 1.1.0
2024-10-21 11:01:12,904 [INFO] ThirdParty:967 - CMSIS Pack Vendor :STMicroelectronics X-CUBE-WB05N 1.1.0
2024-10-21 11:01:12,904 [INFO] ThirdParty:967 - CMSIS Pack Vendor :STMicroelectronics USB_DEVICE 3.0.0
2024-10-21 11:01:12,904 [INFO] ThirdParty:967 - CMSIS Pack Vendor :STMicroelectronics X-CUBE-ISPU 2.1.0
2024-10-21 11:01:12,904 [INFO] ThirdParty:967 - CMSIS Pack Vendor :STMicroelectronics X-CUBE-AZRTOS-WB 2.0.0
2024-10-21 11:01:12,904 [INFO] ThirdParty:967 - CMSIS Pack Vendor :STMicroelectronics X-CUBE-GNSS1 7.0.0
2024-10-21 11:01:12,904 [INFO] ThirdParty:967 - CMSIS Pack Vendor :STMicroelectronics X-CUBE-AZRTOS-F7 1.1.0
2024-10-21 11:01:12,913 [INFO] ThirdParty:967 - CMSIS Pack Vendor :STMicroelectronics X-CUBE-AZRTOS-L5 2.0.0
2024-10-21 11:01:12,913 [INFO] ThirdParty:967 - CMSIS Pack Vendor :STMicroelectronics USB_DEVICE 2.0.0
2024-10-21 11:01:12,913 [INFO] ThirdParty:967 - CMSIS Pack Vendor :STMicroelectronics X-CUBE-NFC6 3.1.0
2024-10-21 11:01:12,913 [INFO] ThirdParty:967 - CMSIS Pack Vendor :STMicroelectronics X-CUBE-MEMS1 11.0.0
2024-10-21 11:01:12,913 [INFO] ThirdParty:967 - CMSIS Pack Vendor :STMicroelectronics FreeRTOS 0.0.1
2024-10-21 11:01:12,914 [INFO] ThirdParty:967 - CMSIS Pack Vendor :STMicroelectronics X-CUBE-AZRTOS-G0 1.1.0
2024-10-21 11:01:12,914 [INFO] ThirdParty:967 - CMSIS Pack Vendor :STMicroelectronics X-CUBE-SAFEA1 1.2.2
2024-10-21 11:01:12,914 [INFO] ThirdParty:967 - CMSIS Pack Vendor :STMicroelectronics X-CUBE-NFC4 3.0.0
2024-10-21 11:01:12,914 [INFO] ThirdParty:967 - CMSIS Pack Vendor :STMicroelectronics X-CUBE-SUBG2 5.0.0
2024-10-21 11:01:12,914 [INFO] ThirdParty:967 - CMSIS Pack Vendor :STMicroelectronics lwIP 2.0.3
2024-10-21 11:01:12,914 [INFO] ThirdParty:967 - CMSIS Pack Vendor :STMicroelectronics USB_HOST 1.0.0
2024-10-21 11:01:12,914 [INFO] ThirdParty:967 - CMSIS Pack Vendor :STMicroelectronics X-CUBE-AI 9.0.0
2024-10-21 11:01:12,914 [INFO] ThirdParty:967 - CMSIS Pack Vendor :STMicroelectronics X-CUBE-AZRTOS-G4 2.0.0
2024-10-21 11:01:12,914 [INFO] ThirdParty:967 - CMSIS Pack Vendor :STMicroelectronics PDM2PCM 3.1.0
2024-10-21 11:01:12,914 [INFO] ThirdParty:967 - CMSIS Pack Vendor :STMicroelectronics PDM2PCM 3.3.0
2024-10-21 11:01:12,914 [INFO] ThirdParty:967 - CMSIS Pack Vendor :STMicroelectronics X-CUBE-BLE1 7.0.0
2024-10-21 11:01:12,914 [INFO] ThirdParty:967 - CMSIS Pack Vendor :STMicroelectronics FP-ATR-SIGFOX1 3.2.0
2024-10-21 11:01:12,914 [INFO] ThirdParty:967 - CMSIS Pack Vendor :STMicroelectronics X-CUBE-NFC10 1.0.0
2024-10-21 11:01:12,914 [INFO] ThirdParty:967 - CMSIS Pack Vendor :wolfSSL I-CUBE-wolfSSL 5.7.2
2024-10-21 11:01:12,916 [INFO] ThirdParty:967 - CMSIS Pack Vendor :STMicroelectronics X-CUBE-ISPU 2.0.0
2024-10-21 11:01:12,916 [INFO] ThirdParty:967 - CMSIS Pack Vendor :STMicroelectronics X-CUBE-EEPRMA1 5.1.0
2024-10-21 11:01:12,916 [INFO] ThirdParty:967 - CMSIS Pack Vendor :STMicroelectronics HAL Drivers 0.0.0
2024-10-21 11:01:12,916 [INFO] ThirdParty:967 - CMSIS Pack Vendor :STMicroelectronics MBEDTLS 2.16.2
2024-10-21 11:01:12,916 [INFO] ThirdParty:967 - CMSIS Pack Vendor :STMicroelectronics X-CUBE-NFC7 1.0.1
2024-10-21 11:01:12,916 [INFO] ThirdParty:967 - CMSIS Pack Vendor :STMicroelectronics MBEDTLS 2.14.1
2024-10-21 11:01:12,916 [INFO] ThirdParty:967 - CMSIS Pack Vendor :STMicroelectronics X-CUBE-TOUCHGFX 4.24.0
2024-10-21 11:01:12,916 [INFO] ThirdParty:967 - CMSIS Pack Vendor :STMicroelectronics X-CUBE-TOUCHGFX 4.24.1
2024-10-21 11:01:12,916 [INFO] ThirdParty:967 - CMSIS Pack Vendor :wolfSSL I-CUBE-wolfTPM 3.4.0
2024-10-21 11:01:12,916 [INFO] ThirdParty:967 - CMSIS Pack Vendor :portGmbH I-Cube-SoM-uGOAL 1.1.0
2024-10-21 11:01:12,916 [INFO] ThirdParty:967 - CMSIS Pack Vendor :STMicroelectronics X-CUBE-AZRTOS-WL 2.0.0
2024-10-21 11:01:12,916 [INFO] ThirdParty:967 - CMSIS Pack Vendor :SEGGER I-CUBE-embOS 1.3.1
2024-10-21 11:01:12,916 [INFO] ThirdParty:967 - CMSIS Pack Vendor :STMicroelectronics X-CUBE-ALGOBUILD 1.4.0
2024-10-21 11:01:12,916 [INFO] ThirdParty:967 - CMSIS Pack Vendor :STMicroelectronics USB_DEVICE 1.0.0
2024-10-21 11:01:12,916 [INFO] ThirdParty:967 - CMSIS Pack Vendor :STMicroelectronics X-CUBE-AZRTOS-H7RS 1.0.0
2024-10-21 11:01:12,916 [INFO] ThirdParty:967 - CMSIS Pack Vendor :wolfSSL I-CUBE-wolfMQTT 1.19.0
2024-10-21 11:01:12,916 [INFO] ThirdParty:967 - CMSIS Pack Vendor :STMicroelectronics X-CUBE-AZRTOS-L4 2.0.0
2024-10-21 11:01:12,916 [INFO] ThirdParty:967 - CMSIS Pack Vendor :STMicroelectronics ThreadX 0.0.2
2024-10-21 11:01:12,916 [INFO] ThirdParty:967 - CMSIS Pack Vendor :WES I-CUBE-Cesium 1.3.0
2024-10-21 11:01:12,916 [INFO] ThirdParty:967 - CMSIS Pack Vendor :STMicroelectronics FP-ATR-ASTRA1 2.0.0
2024-10-21 11:01:12,916 [INFO] ThirdParty:967 - CMSIS Pack Vendor :STMicroelectronics lwIP 2.1.2
2024-10-21 11:01:12,916 [INFO] ThirdParty:967 - CMSIS Pack Vendor :STMicroelectronics X-CUBE-SFXS2LP1 4.0.0
2024-10-21 11:01:12,916 [INFO] ThirdParty:967 - CMSIS Pack Vendor :STMicroelectronics X-CUBE-BLE2 3.3.0
2024-10-21 11:01:12,916 [INFO] ThirdParty:967 - CMSIS Pack Vendor :STMicroelectronics X-CUBE-AI 9.1.0
2024-10-21 11:01:12,916 [INFO] ThirdParty:967 - CMSIS Pack Vendor :STMicroelectronics PDM2PCM 3.2.0
2024-10-21 11:01:12,916 [INFO] ThirdParty:967 - CMSIS Pack Vendor :wolfSSL I-CUBE-wolfSSH 1.4.17
2024-10-21 11:01:12,916 [INFO] ThirdParty:787 - exiting critical section [change project]
2024-10-21 11:01:13,504 [INFO] PinOutPanel:1463 - setPackage(No Configuration,No Configuration)
2024-10-21 11:01:13,504 [INFO] PinOutPanel:1463 - setPackage(STM32F103C6Tx,LQFP48)
2024-10-21 11:01:14,176 [INFO] UtilMem:74 - Before build in PCC Used Memory: 969163584 Bytes (1054867456)
2024-10-21 11:01:15,114 [INFO] UtilMem:74 - After build in PCC Used Memory: 935743192 Bytes (1054867456)
2024-10-21 11:01:15,136 [INFO] IPUIPlugin:74 - create IPUIPlugin
2024-10-21 11:01:15,136 [INFO] IPUIPlugin:74 - create IPUIPlugin
2024-10-21 11:01:15,136 [INFO] IPUIPlugin:74 - create IPUIPlugin
2024-10-21 11:01:15,136 [INFO] IPUIPlugin:74 - create IPUIPlugin
2024-10-21 11:01:15,136 [INFO] IPUIPlugin:74 - create IPUIPlugin
2024-10-21 11:01:15,136 [INFO] IPUIPlugin:74 - create IPUIPlugin
2024-10-21 11:01:15,136 [INFO] IPUIPlugin:74 - create IPUIPlugin
2024-10-21 11:01:15,136 [INFO] IPUIPlugin:74 - create IPUIPlugin
2024-10-21 11:01:15,136 [INFO] IPUIPlugin:74 - create IPUIPlugin
2024-10-21 11:01:15,136 [INFO] IPUIPlugin:74 - create IPUIPlugin
2024-10-21 11:01:15,136 [INFO] IPUIPlugin:74 - create IPUIPlugin
2024-10-21 11:01:15,136 [INFO] IPUIPlugin:74 - create IPUIPlugin
2024-10-21 11:01:15,136 [INFO] IPUIPlugin:74 - create IPUIPlugin
2024-10-21 11:01:15,136 [INFO] IPUIPlugin:74 - create IPUIPlugin
2024-10-21 11:01:15,136 [INFO] IPUIPlugin:74 - create IPUIPlugin
2024-10-21 11:01:15,143 [INFO] IPUIPlugin:74 - create IPUIPlugin
2024-10-21 11:01:15,143 [INFO] IPUIPlugin:74 - create IPUIPlugin
2024-10-21 11:01:15,143 [INFO] IPUIPlugin:74 - create IPUIPlugin
2024-10-21 11:01:15,143 [INFO] IPUIPlugin:74 - create IPUIPlugin
2024-10-21 11:01:15,144 [INFO] IPUIPlugin:74 - create IPUIPlugin
2024-10-21 11:01:15,144 [INFO] IPUIPlugin:74 - create IPUIPlugin
2024-10-21 11:01:15,144 [INFO] IPUIPlugin:74 - create IPUIPlugin
2024-10-21 11:01:15,144 [INFO] IPUIPlugin:74 - create IPUIPlugin
2024-10-21 11:01:15,314 [INFO] OpenFileManager:333 - Restore cursor
2024-10-21 20:42:32,996 [INFO] Activator:177 - 


2024-10-21 20:42:32,999 [INFO] Activator:178 - !SESSION log4j initialized
2024-10-27 20:10:33,154 [INFO] Activator:177 - 


2024-10-27 20:10:33,169 [INFO] Activator:178 - !SESSION log4j initialized
2024-10-27 20:11:08,567 [INFO] RetryExec:97 - I/O exception (java.net.SocketException) caught when processing request to {s}->https://sw-center.st.com:443: Permission denied: connect
2024-10-27 20:11:08,583 [INFO] RetryExec:113 - Retrying request to {s}->https://sw-center.st.com:443
2024-10-27 20:11:08,599 [INFO] RetryExec:97 - I/O exception (java.net.SocketException) caught when processing request to {s}->https://sw-center.st.com:443: Permission denied: connect
2024-10-27 20:11:08,599 [INFO] RetryExec:113 - Retrying request to {s}->https://sw-center.st.com:443
2024-10-27 20:11:08,614 [INFO] RetryExec:97 - I/O exception (java.net.SocketException) caught when processing request to {s}->https://sw-center.st.com:443: Permission denied: connect
2024-10-27 20:11:08,614 [INFO] RetryExec:113 - Retrying request to {s}->https://sw-center.st.com:443
2024-10-27 20:11:08,849 [INFO] RetryExec:97 - I/O exception (java.net.SocketException) caught when processing request to {s}->https://sw-center.st.com:443: Permission denied: connect
2024-10-27 20:11:08,849 [INFO] RetryExec:113 - Retrying request to {s}->https://sw-center.st.com:443
2024-10-27 20:11:08,864 [INFO] RetryExec:97 - I/O exception (java.net.SocketException) caught when processing request to {s}->https://sw-center.st.com:443: Permission denied: connect
2024-10-27 20:11:08,864 [INFO] RetryExec:113 - Retrying request to {s}->https://sw-center.st.com:443
2024-10-27 20:11:08,880 [INFO] RetryExec:97 - I/O exception (java.net.SocketException) caught when processing request to {s}->https://sw-center.st.com:443: Permission denied: connect
2024-10-27 20:11:08,880 [INFO] RetryExec:113 - Retrying request to {s}->https://sw-center.st.com:443
2024-10-27 20:11:08,942 [INFO] RetryExec:97 - I/O exception (java.net.SocketException) caught when processing request to {s}->https://sw-center.st.com:443: Permission denied: connect
2024-10-27 20:11:08,942 [INFO] RetryExec:113 - Retrying request to {s}->https://sw-center.st.com:443
2024-10-27 20:11:08,958 [INFO] RetryExec:97 - I/O exception (java.net.SocketException) caught when processing request to {s}->https://sw-center.st.com:443: Permission denied: connect
2024-10-27 20:11:08,958 [INFO] RetryExec:113 - Retrying request to {s}->https://sw-center.st.com:443
2024-10-27 20:11:08,974 [INFO] RetryExec:97 - I/O exception (java.net.SocketException) caught when processing request to {s}->https://sw-center.st.com:443: Permission denied: connect
2024-10-27 20:11:08,974 [INFO] RetryExec:113 - Retrying request to {s}->https://sw-center.st.com:443
2024-10-27 20:11:09,005 [INFO] RetryExec:97 - I/O exception (java.net.SocketException) caught when processing request to {s}->https://sw-center.st.com:443: Permission denied: connect
2024-10-27 20:11:09,005 [INFO] RetryExec:113 - Retrying request to {s}->https://sw-center.st.com:443
2024-10-27 20:11:09,020 [INFO] RetryExec:97 - I/O exception (java.net.SocketException) caught when processing request to {s}->https://sw-center.st.com:443: Permission denied: connect
2024-10-27 20:11:09,020 [INFO] RetryExec:113 - Retrying request to {s}->https://sw-center.st.com:443
2024-10-27 20:11:09,036 [INFO] RetryExec:97 - I/O exception (java.net.SocketException) caught when processing request to {s}->https://sw-center.st.com:443: Permission denied: connect
2024-10-27 20:11:09,036 [INFO] RetryExec:113 - Retrying request to {s}->https://sw-center.st.com:443
2024-10-27 20:11:09,067 [INFO] RetryExec:97 - I/O exception (java.net.SocketException) caught when processing request to {s}->https://sw-center.st.com:443: Permission denied: connect
2024-10-27 20:11:09,067 [INFO] RetryExec:113 - Retrying request to {s}->https://sw-center.st.com:443
2024-10-27 20:11:09,083 [INFO] RetryExec:97 - I/O exception (java.net.SocketException) caught when processing request to {s}->https://sw-center.st.com:443: Permission denied: connect
2024-10-27 20:11:09,083 [INFO] RetryExec:113 - Retrying request to {s}->https://sw-center.st.com:443
2024-10-27 20:11:09,099 [INFO] RetryExec:97 - I/O exception (java.net.SocketException) caught when processing request to {s}->https://sw-center.st.com:443: Permission denied: connect
2024-10-27 20:11:09,099 [INFO] RetryExec:113 - Retrying request to {s}->https://sw-center.st.com:443
2024-10-27 20:11:09,333 [INFO] RetryExec:97 - I/O exception (java.net.SocketException) caught when processing request to {s}->https://sw-center.st.com:443: Permission denied: connect
2024-10-27 20:11:09,333 [INFO] RetryExec:113 - Retrying request to {s}->https://sw-center.st.com:443
2024-10-27 20:11:09,349 [INFO] RetryExec:97 - I/O exception (java.net.SocketException) caught when processing request to {s}->https://sw-center.st.com:443: Permission denied: connect
2024-10-27 20:11:09,349 [INFO] RetryExec:113 - Retrying request to {s}->https://sw-center.st.com:443
2024-10-27 20:11:09,364 [INFO] RetryExec:97 - I/O exception (java.net.SocketException) caught when processing request to {s}->https://sw-center.st.com:443: Permission denied: connect
2024-10-27 20:11:09,364 [INFO] RetryExec:113 - Retrying request to {s}->https://sw-center.st.com:443
2024-10-27 20:11:09,396 [INFO] RetryExec:97 - I/O exception (java.net.SocketException) caught when processing request to {s}->https://sw-center.st.com:443: Permission denied: connect
2024-10-27 20:11:09,396 [INFO] RetryExec:113 - Retrying request to {s}->https://sw-center.st.com:443
2024-10-27 20:11:09,396 [INFO] RetryExec:97 - I/O exception (java.net.SocketException) caught when processing request to {s}->https://sw-center.st.com:443: Permission denied: connect
2024-10-27 20:11:09,396 [INFO] RetryExec:113 - Retrying request to {s}->https://sw-center.st.com:443
2024-10-27 20:11:09,411 [INFO] RetryExec:97 - I/O exception (java.net.SocketException) caught when processing request to {s}->https://sw-center.st.com:443: Permission denied: connect
2024-10-27 20:11:09,411 [INFO] RetryExec:113 - Retrying request to {s}->https://sw-center.st.com:443
2024-10-27 20:11:09,442 [INFO] RetryExec:97 - I/O exception (java.net.SocketException) caught when processing request to {s}->https://sw-center.st.com:443: Permission denied: connect
2024-10-27 20:11:09,442 [INFO] RetryExec:113 - Retrying request to {s}->https://sw-center.st.com:443
2024-10-27 20:11:09,458 [INFO] RetryExec:97 - I/O exception (java.net.SocketException) caught when processing request to {s}->https://sw-center.st.com:443: Permission denied: connect
2024-10-27 20:11:09,458 [INFO] RetryExec:113 - Retrying request to {s}->https://sw-center.st.com:443
2024-10-27 20:11:09,458 [INFO] RetryExec:97 - I/O exception (java.net.SocketException) caught when processing request to {s}->https://sw-center.st.com:443: Permission denied: connect
2024-10-27 20:11:09,458 [INFO] RetryExec:113 - Retrying request to {s}->https://sw-center.st.com:443
2024-10-27 20:11:09,489 [INFO] RetryExec:97 - I/O exception (java.net.SocketException) caught when processing request to {s}->https://download.eclipse.org:443: Permission denied: connect
2024-10-27 20:11:09,489 [INFO] RetryExec:113 - Retrying request to {s}->https://download.eclipse.org:443
2024-10-27 20:11:09,505 [INFO] RetryExec:97 - I/O exception (java.net.SocketException) caught when processing request to {s}->https://download.eclipse.org:443: Permission denied: connect
2024-10-27 20:11:09,505 [INFO] RetryExec:113 - Retrying request to {s}->https://download.eclipse.org:443
2024-10-27 20:11:09,521 [INFO] RetryExec:97 - I/O exception (java.net.SocketException) caught when processing request to {s}->https://download.eclipse.org:443: Permission denied: connect
2024-10-27 20:11:09,521 [INFO] RetryExec:113 - Retrying request to {s}->https://download.eclipse.org:443
2024-10-27 20:11:09,755 [INFO] RetryExec:97 - I/O exception (java.net.SocketException) caught when processing request to {s}->https://download.eclipse.org:443: Permission denied: connect
2024-10-27 20:11:09,755 [INFO] RetryExec:113 - Retrying request to {s}->https://download.eclipse.org:443
2024-10-27 20:11:09,770 [INFO] RetryExec:97 - I/O exception (java.net.SocketException) caught when processing request to {s}->https://download.eclipse.org:443: Permission denied: connect
2024-10-27 20:11:09,770 [INFO] RetryExec:113 - Retrying request to {s}->https://download.eclipse.org:443
2024-10-27 20:11:09,786 [INFO] RetryExec:97 - I/O exception (java.net.SocketException) caught when processing request to {s}->https://download.eclipse.org:443: Permission denied: connect
2024-10-27 20:11:09,786 [INFO] RetryExec:113 - Retrying request to {s}->https://download.eclipse.org:443
2024-10-27 20:11:09,817 [INFO] RetryExec:97 - I/O exception (java.net.SocketException) caught when processing request to {s}->https://download.eclipse.org:443: Permission denied: connect
2024-10-27 20:11:09,817 [INFO] RetryExec:113 - Retrying request to {s}->https://download.eclipse.org:443
2024-10-27 20:11:09,833 [INFO] RetryExec:97 - I/O exception (java.net.SocketException) caught when processing request to {s}->https://download.eclipse.org:443: Permission denied: connect
2024-10-27 20:11:09,833 [INFO] RetryExec:113 - Retrying request to {s}->https://download.eclipse.org:443
2024-10-27 20:11:09,848 [INFO] RetryExec:97 - I/O exception (java.net.SocketException) caught when processing request to {s}->https://download.eclipse.org:443: Permission denied: connect
2024-10-27 20:11:09,848 [INFO] RetryExec:113 - Retrying request to {s}->https://download.eclipse.org:443
2024-10-27 20:11:09,880 [INFO] RetryExec:97 - I/O exception (java.net.SocketException) caught when processing request to {s}->https://download.eclipse.org:443: Permission denied: connect
2024-10-27 20:11:09,880 [INFO] RetryExec:113 - Retrying request to {s}->https://download.eclipse.org:443
2024-10-27 20:11:09,895 [INFO] RetryExec:97 - I/O exception (java.net.SocketException) caught when processing request to {s}->https://download.eclipse.org:443: Permission denied: connect
2024-10-27 20:11:09,895 [INFO] RetryExec:113 - Retrying request to {s}->https://download.eclipse.org:443
2024-10-27 20:11:09,911 [INFO] RetryExec:97 - I/O exception (java.net.SocketException) caught when processing request to {s}->https://download.eclipse.org:443: Permission denied: connect
2024-10-27 20:11:09,911 [INFO] RetryExec:113 - Retrying request to {s}->https://download.eclipse.org:443
2024-11-01 08:04:28,628 [INFO] Activator:177 - 


2024-11-01 08:04:28,628 [INFO] Activator:178 - !SESSION log4j initialized
2024-11-01 08:06:03,383 [INFO] McuFinderGlobals:39 - Set McuFinder mode to 2 (CubeIDE integrated)
2024-11-01 08:06:03,820 [INFO] ApplicationProperties:181 - Using Application install path: C:\Users\thuyh\STM32CubeIDE_1.7.0\STM32CubeIDE\plugins\com.st.stm32cube.common.mx_6.3.0.202107141111
2024-11-01 08:06:03,836 [INFO] DbMcusXml:74 - Set database path to: C:\Users\thuyh\STM32CubeIDE_1.7.0\STM32CubeIDE\plugins\com.st.stm32cube.common.mx_6.3.0.202107141111\\db\/mcu/
2024-11-01 08:06:03,836 [INFO] DbBoardsPdsc:56 - Set plugin database path to: C:\Users\thuyh\STM32CubeIDE_1.7.0\STM32CubeIDE\plugins\com.st.stm32cube.common.mx_6.3.0.202107141111\\db\/plugins/boardmanager/
2024-11-01 08:06:03,836 [INFO] DbMcus:258 - Set plugin images path to: C:\Users\thuyh\STM32CubeIDE_1.7.0\STM32CubeIDE\plugins\com.st.stm32cube.common.mx_6.3.0.202107141111\\db\/plugins/mcufinder/images/
2024-11-01 08:06:03,836 [INFO] DbBoards:264 - Set plugin images path to: C:\Users\thuyh\STM32CubeIDE_1.7.0\STM32CubeIDE\plugins\com.st.stm32cube.common.mx_6.3.0.202107141111\\db\/plugins/mcufinder/images/
2024-11-01 08:06:03,836 [INFO] DbExamples:333 - Set plugin images path to: C:\Users\thuyh\STM32CubeIDE_1.7.0\STM32CubeIDE\plugins\com.st.stm32cube.common.mx_6.3.0.202107141111\\db\/plugins/mcufinder/images/
2024-11-01 08:06:03,851 [INFO] DbMcusAds:119 - Set database path to: C:\Users\thuyh\.stmcufinder\plugins\mcufinder//mcu/
2024-11-01 08:06:03,851 [INFO] DbMcusDocs:110 - Set database path to: C:\Users\thuyh\.stmcufinder\plugins\mcufinder//mcu/
2024-11-01 08:06:03,851 [INFO] DbMcusJson:64 - Set database path to: C:\Users\thuyh\.stmcufinder\plugins\mcufinder//mcu/
2024-11-01 08:06:03,851 [INFO] DbBoardsDocs:110 - Set database path to: C:\Users\thuyh\.stmcufinder\plugins\mcufinder//mcu/
2024-11-01 08:06:03,851 [INFO] DbBoardsJson:57 - Set database path to: C:\Users\thuyh\.stmcufinder\plugins\mcufinder//mcu/
2024-11-01 08:06:03,961 [INFO] CrossReferenceDbSqlite:196 - Set database path to: C:\Users\thuyh\.stmcufinder\plugins\mcufinder//mcu/cs/
2024-11-01 08:06:03,961 [INFO] DbExamplesSqlite:767 - Set database path to: C:\Users\thuyh\.stmcufinder\plugins\mcufinder//mcu/
2024-11-01 08:06:04,101 [INFO] RulesReader:57 - Compatibility file has been processed (242 Rules)
2024-11-01 08:06:04,226 [INFO] DbMcusXml:74 - Set database path to: C:\Users\thuyh\STM32CubeIDE_1.7.0\STM32CubeIDE\plugins\com.st.stm32cube.common.mx_6.3.0.202107141111\\db\/mcu/
2024-11-01 08:06:04,226 [INFO] DbBoardsPdsc:56 - Set plugin database path to: C:\Users\thuyh\STM32CubeIDE_1.7.0\STM32CubeIDE\plugins\com.st.stm32cube.common.mx_6.3.0.202107141111\\db\/plugins/boardmanager/
2024-11-01 08:06:04,226 [INFO] DbMcus:258 - Set plugin images path to: C:\Users\thuyh\STM32CubeIDE_1.7.0\STM32CubeIDE\plugins\com.st.stm32cube.common.mx_6.3.0.202107141111\\db\/plugins/mcufinder/images/
2024-11-01 08:06:04,226 [INFO] DbBoards:264 - Set plugin images path to: C:\Users\thuyh\STM32CubeIDE_1.7.0\STM32CubeIDE\plugins\com.st.stm32cube.common.mx_6.3.0.202107141111\\db\/plugins/mcufinder/images/
2024-11-01 08:06:04,226 [INFO] DbExamples:333 - Set plugin images path to: C:\Users\thuyh\STM32CubeIDE_1.7.0\STM32CubeIDE\plugins\com.st.stm32cube.common.mx_6.3.0.202107141111\\db\/plugins/mcufinder/images/
2024-11-01 08:06:04,226 [WARN] DbFile:35 - Overriding database path with different value: C:\Users\thuyh\.stmcufinder\plugins\mcufinder/ => C:\Users\thuyh\.stmcufinder\plugins\mcufinder
2024-11-01 08:06:04,226 [INFO] DbMcusAds:119 - Set database path to: C:\Users\thuyh\.stmcufinder\plugins\mcufinder//mcu/
2024-11-01 08:06:04,226 [WARN] DbFile:35 - Overriding database path with different value: C:\Users\thuyh\.stmcufinder\plugins\mcufinder/ => C:\Users\thuyh\.stmcufinder\plugins\mcufinder
2024-11-01 08:06:04,226 [INFO] DbMcusDocs:110 - Set database path to: C:\Users\thuyh\.stmcufinder\plugins\mcufinder//mcu/
2024-11-01 08:06:04,226 [WARN] DbFile:35 - Overriding database path with different value: C:\Users\thuyh\.stmcufinder\plugins\mcufinder/ => C:\Users\thuyh\.stmcufinder\plugins\mcufinder
2024-11-01 08:06:04,226 [INFO] DbMcusJson:64 - Set database path to: C:\Users\thuyh\.stmcufinder\plugins\mcufinder//mcu/
2024-11-01 08:06:04,226 [WARN] DbFile:35 - Overriding database path with different value: C:\Users\thuyh\.stmcufinder\plugins\mcufinder/ => C:\Users\thuyh\.stmcufinder\plugins\mcufinder
2024-11-01 08:06:04,226 [INFO] DbBoardsDocs:110 - Set database path to: C:\Users\thuyh\.stmcufinder\plugins\mcufinder//mcu/
2024-11-01 08:06:04,226 [WARN] DbFile:35 - Overriding database path with different value: C:\Users\thuyh\.stmcufinder\plugins\mcufinder/ => C:\Users\thuyh\.stmcufinder\plugins\mcufinder
2024-11-01 08:06:04,226 [INFO] DbBoardsJson:57 - Set database path to: C:\Users\thuyh\.stmcufinder\plugins\mcufinder//mcu/
2024-11-01 08:06:04,226 [WARN] DbFile:35 - Overriding database path with different value: C:\Users\thuyh\.stmcufinder\plugins\mcufinder/ => C:\Users\thuyh\.stmcufinder\plugins\mcufinder
2024-11-01 08:06:04,226 [WARN] DbFile:35 - Overriding database path with different value: C:\Users\thuyh\.stmcufinder\plugins\mcufinder/ => C:\Users\thuyh\.stmcufinder\plugins\mcufinder
2024-11-01 08:06:04,226 [INFO] CrossReferenceDbSqlite:196 - Set database path to: C:\Users\thuyh\.stmcufinder\plugins\mcufinder//mcu/cs/
2024-11-01 08:06:04,226 [WARN] DbFile:35 - Overriding database path with different value: C:\Users\thuyh\.stmcufinder\plugins\mcufinder/ => C:\Users\thuyh\.stmcufinder\plugins\mcufinder
2024-11-01 08:06:04,226 [INFO] DbExamplesSqlite:767 - Set database path to: C:\Users\thuyh\.stmcufinder\plugins\mcufinder//mcu/
2024-11-01 08:06:04,304 [INFO] MainPanel:214 - HeapMemory: 512753664
2024-11-01 08:06:04,398 [INFO] DbMcusXml:74 - Set database path to: C:\Users\thuyh\STM32CubeIDE_1.7.0\STM32CubeIDE\plugins\com.st.stm32cube.common.mx_6.3.0.202107141111\\db\/mcu/
2024-11-01 08:06:04,398 [INFO] DbBoardsPdsc:56 - Set plugin database path to: C:\Users\thuyh\STM32CubeIDE_1.7.0\STM32CubeIDE\plugins\com.st.stm32cube.common.mx_6.3.0.202107141111\\db\/plugins/boardmanager/
2024-11-01 08:06:04,398 [INFO] DbMcus:258 - Set plugin images path to: C:\Users\thuyh\STM32CubeIDE_1.7.0\STM32CubeIDE\plugins\com.st.stm32cube.common.mx_6.3.0.202107141111\\db\/plugins/mcufinder/images/
2024-11-01 08:06:04,398 [INFO] DbBoards:264 - Set plugin images path to: C:\Users\thuyh\STM32CubeIDE_1.7.0\STM32CubeIDE\plugins\com.st.stm32cube.common.mx_6.3.0.202107141111\\db\/plugins/mcufinder/images/
2024-11-01 08:06:04,398 [INFO] DbExamples:333 - Set plugin images path to: C:\Users\thuyh\STM32CubeIDE_1.7.0\STM32CubeIDE\plugins\com.st.stm32cube.common.mx_6.3.0.202107141111\\db\/plugins/mcufinder/images/
2024-11-01 08:06:04,398 [WARN] DbFile:35 - Overriding database path with different value: C:\Users\thuyh\.stmcufinder\plugins\mcufinder/ => C:\Users\thuyh\.stmcufinder\plugins\mcufinder
2024-11-01 08:06:04,398 [INFO] DbMcusAds:119 - Set database path to: C:\Users\thuyh\.stmcufinder\plugins\mcufinder//mcu/
2024-11-01 08:06:04,398 [WARN] DbFile:35 - Overriding database path with different value: C:\Users\thuyh\.stmcufinder\plugins\mcufinder/ => C:\Users\thuyh\.stmcufinder\plugins\mcufinder
2024-11-01 08:06:04,398 [INFO] DbMcusDocs:110 - Set database path to: C:\Users\thuyh\.stmcufinder\plugins\mcufinder//mcu/
2024-11-01 08:06:04,398 [WARN] DbFile:35 - Overriding database path with different value: C:\Users\thuyh\.stmcufinder\plugins\mcufinder/ => C:\Users\thuyh\.stmcufinder\plugins\mcufinder
2024-11-01 08:06:04,398 [INFO] DbMcusJson:64 - Set database path to: C:\Users\thuyh\.stmcufinder\plugins\mcufinder//mcu/
2024-11-01 08:06:04,398 [WARN] DbFile:35 - Overriding database path with different value: C:\Users\thuyh\.stmcufinder\plugins\mcufinder/ => C:\Users\thuyh\.stmcufinder\plugins\mcufinder
2024-11-01 08:06:04,398 [INFO] DbBoardsDocs:110 - Set database path to: C:\Users\thuyh\.stmcufinder\plugins\mcufinder//mcu/
2024-11-01 08:06:04,398 [WARN] DbFile:35 - Overriding database path with different value: C:\Users\thuyh\.stmcufinder\plugins\mcufinder/ => C:\Users\thuyh\.stmcufinder\plugins\mcufinder
2024-11-01 08:06:04,398 [INFO] DbBoardsJson:57 - Set database path to: C:\Users\thuyh\.stmcufinder\plugins\mcufinder//mcu/
2024-11-01 08:06:04,398 [WARN] DbFile:35 - Overriding database path with different value: C:\Users\thuyh\.stmcufinder\plugins\mcufinder/ => C:\Users\thuyh\.stmcufinder\plugins\mcufinder
2024-11-01 08:06:04,398 [WARN] DbFile:35 - Overriding database path with different value: C:\Users\thuyh\.stmcufinder\plugins\mcufinder/ => C:\Users\thuyh\.stmcufinder\plugins\mcufinder
2024-11-01 08:06:04,398 [INFO] CrossReferenceDbSqlite:196 - Set database path to: C:\Users\thuyh\.stmcufinder\plugins\mcufinder//mcu/cs/
2024-11-01 08:06:04,398 [WARN] DbFile:35 - Overriding database path with different value: C:\Users\thuyh\.stmcufinder\plugins\mcufinder/ => C:\Users\thuyh\.stmcufinder\plugins\mcufinder
2024-11-01 08:06:04,398 [INFO] DbExamplesSqlite:767 - Set database path to: C:\Users\thuyh\.stmcufinder\plugins\mcufinder//mcu/
2024-11-01 08:06:04,429 [INFO] ApplicationProperties:181 - Using Application install path: C:\Users\thuyh\STM32CubeIDE_1.7.0\STM32CubeIDE\plugins\com.st.stm32cube.common.mx_6.3.0.202107141111
2024-11-01 08:06:04,429 [INFO] PluginManage:188 - Search for loadable plugins [exclusion list=, ]
2024-11-01 08:06:04,429 [INFO] PluginManage:302 - Check plugin analytics
2024-11-01 08:06:04,648 [INFO] AnalyticsPlugin:257 - Accepted Software Licenses: 
2024-11-01 08:06:04,648 [INFO] AnalyticsPlugin:259 - Accepted CMSIS Pack Licenses: 
2024-11-01 08:06:04,648 [INFO] AnalyticsPlugin:261 - Accepted Firmware Licenses: 
2024-11-01 08:06:04,648 [INFO] PluginManage:352 - Loaded plugin analytics (category:tool,tabindex:-1)
2024-11-01 08:06:04,648 [INFO] PluginManage:302 - Check plugin clock
2024-11-01 08:06:04,679 [INFO] PluginManage:352 - Loaded plugin clock (category:base,tabindex:2)
2024-11-01 08:06:04,679 [INFO] PluginManage:302 - Check plugin ddr
2024-11-01 08:06:04,679 [INFO] PluginManage:352 - Loaded plugin ddr (category:tool,tabindex:6)
2024-11-01 08:06:04,679 [INFO] PluginManage:302 - Check plugin filemanager
2024-11-01 08:06:04,882 [INFO] PluginManage:352 - Loaded plugin filemanager (category:base,tabindex:10)
2024-11-01 08:06:04,882 [INFO] PluginManage:302 - Check plugin ipmanager
2024-11-01 08:06:04,898 [INFO] PluginManage:352 - Loaded plugin ipmanager (category:base,tabindex:5)
2024-11-01 08:06:04,898 [INFO] PluginManage:302 - Check plugin pinoutandconfiguration
2024-11-01 08:06:04,914 [INFO] PluginManage:352 - Loaded plugin pinoutandconfiguration (category:base,tabindex:1)
2024-11-01 08:06:04,914 [INFO] PluginManage:302 - Check plugin pinoutconfig
2024-11-01 08:06:04,960 [INFO] PluginManage:352 - Loaded plugin pinoutconfig (category:base,tabindex:0)
2024-11-01 08:06:04,960 [INFO] PluginManage:302 - Check plugin power
2024-11-01 08:06:04,992 [INFO] PluginManage:352 - Loaded plugin power (category:power,tabindex:4)
2024-11-01 08:06:04,992 [INFO] PluginManage:302 - Check plugin projectmanager
2024-11-01 08:06:05,023 [INFO] PluginManage:352 - Loaded plugin projectmanager (category:projectmanager,tabindex:3)
2024-11-01 08:06:05,023 [INFO] PluginManage:302 - Check plugin thirdparty
2024-11-01 08:06:05,367 [WARN] IntegrityCheckThread:78 - waiting for thirdparty lock release [integrity check]
2024-11-01 08:06:05,367 [INFO] IntegrityCheckThread:80 - entering critical section [integrity check]
2024-11-01 08:06:05,367 [INFO] PluginManage:352 - Loaded plugin thirdparty (category:base,tabindex:-1)
2024-11-01 08:06:05,367 [INFO] ThirdPartyUpdaterWithRetryManager:66 - Updater plugin not ready yet. [1/15]
2024-11-01 08:06:05,367 [INFO] PluginManage:302 - Check plugin tools
2024-11-01 08:06:05,538 [INFO] PluginManage:352 - Loaded plugin tools (category:base,tabindex:7)
2024-11-01 08:06:05,538 [INFO] PluginManage:302 - Check plugin tutovideos
2024-11-01 08:06:06,007 [INFO] PluginManage:352 - Loaded plugin tutovideos (category:base,tabindex:-1)
2024-11-01 08:06:06,007 [INFO] PluginManage:302 - Check plugin updater
2024-11-01 08:06:06,085 [INFO] PluginManage:352 - Loaded plugin updater (category:base,tabindex:12)
2024-11-01 08:06:06,085 [INFO] PluginManage:275 - PluginManage : Loaded plugins [13]
2024-11-01 08:06:06,382 [INFO] PinOutPanel:1463 - setPackage(No Configuration,No Configuration)
2024-11-01 08:06:06,507 [INFO] IPUIPlugin:74 - create IPUIPlugin
2024-11-01 08:06:06,507 [INFO] PluginManager:213 - loadIPPluginJar : add adc
2024-11-01 08:06:06,616 [INFO] IPUIPlugin:74 - create IPUIPlugin
2024-11-01 08:06:06,616 [INFO] PluginManager:213 - loadIPPluginJar : add aes
2024-11-01 08:06:06,694 [INFO] IPUIPlugin:74 - create IPUIPlugin
2024-11-01 08:06:06,694 [INFO] PluginManager:213 - loadIPPluginJar : add can
2024-11-01 08:06:06,741 [INFO] IPUIPlugin:74 - create IPUIPlugin
2024-11-01 08:06:06,741 [INFO] PluginManager:213 - loadIPPluginJar : add comp
2024-11-01 08:06:06,819 [INFO] IPUIPlugin:74 - create IPUIPlugin
2024-11-01 08:06:06,819 [INFO] PluginManager:213 - loadIPPluginJar : add cryp
2024-11-01 08:06:06,882 [INFO] IPUIPlugin:74 - create IPUIPlugin
2024-11-01 08:06:06,882 [INFO] PluginManager:213 - loadIPPluginJar : add dfsdm
2024-11-01 08:06:06,897 [INFO] IPUIPlugin:74 - create IPUIPlugin
2024-11-01 08:06:06,897 [INFO] PluginManager:213 - loadIPPluginJar : add dma
2024-11-01 08:06:06,944 [INFO] IPUIPlugin:74 - create IPUIPlugin
2024-11-01 08:06:06,944 [INFO] PluginManager:213 - loadIPPluginJar : add dma3
2024-11-01 08:06:06,976 [INFO] IPUIPlugin:74 - create IPUIPlugin
2024-11-01 08:06:06,976 [INFO] PluginManager:213 - loadIPPluginJar : add fatfs
2024-11-01 08:06:07,038 [INFO] IPUIPlugin:74 - create IPUIPlugin
2024-11-01 08:06:07,038 [INFO] PluginManager:213 - loadIPPluginJar : add fmc
2024-11-01 08:06:07,069 [INFO] IPUIPlugin:74 - create IPUIPlugin
2024-11-01 08:06:07,069 [INFO] PluginManager:213 - loadIPPluginJar : add freertos
2024-11-01 08:06:07,101 [INFO] IPUIPlugin:74 - create IPUIPlugin
2024-11-01 08:06:07,101 [INFO] PluginManager:213 - loadIPPluginJar : add genericplugin
2024-11-01 08:06:07,210 [INFO] IPUIPlugin:74 - create IPUIPlugin
2024-11-01 08:06:07,210 [INFO] PluginManager:213 - loadIPPluginJar : add gfxmmu
2024-11-01 08:06:07,366 [INFO] IPUIPlugin:74 - create IPUIPlugin
2024-11-01 08:06:07,366 [INFO] PluginManager:213 - loadIPPluginJar : add gic
2024-11-01 08:06:07,382 [INFO] IPUIPlugin:74 - create IPUIPlugin
2024-11-01 08:06:07,382 [INFO] PluginManager:213 - loadIPPluginJar : add gpio
2024-11-01 08:06:07,475 [INFO] IPUIPlugin:74 - create IPUIPlugin
2024-11-01 08:06:07,475 [INFO] PluginManager:213 - loadIPPluginJar : add gtzc
2024-11-01 08:06:07,522 [INFO] IPUIPlugin:74 - create IPUIPlugin
2024-11-01 08:06:07,522 [INFO] PluginManager:213 - loadIPPluginJar : add hash
2024-11-01 08:06:07,585 [INFO] IPUIPlugin:74 - create IPUIPlugin
2024-11-01 08:06:07,585 [INFO] PluginManager:213 - loadIPPluginJar : add i2c
2024-11-01 08:06:07,632 [INFO] IPUIPlugin:74 - create IPUIPlugin
2024-11-01 08:06:07,632 [INFO] PluginManager:213 - loadIPPluginJar : add i2s
2024-11-01 08:06:07,647 [INFO] IPUIPlugin:74 - create IPUIPlugin
2024-11-01 08:06:07,647 [INFO] PluginManager:213 - loadIPPluginJar : add ipddr
2024-11-01 08:06:07,772 [INFO] IPUIPlugin:74 - create IPUIPlugin
2024-11-01 08:06:07,772 [INFO] PluginManager:213 - loadIPPluginJar : add linkedlist
2024-11-01 08:06:07,835 [INFO] IPUIPlugin:74 - create IPUIPlugin
2024-11-01 08:06:07,835 [INFO] PluginManager:213 - loadIPPluginJar : add lorawan
2024-11-01 08:06:07,882 [INFO] IPUIPlugin:74 - create IPUIPlugin
2024-11-01 08:06:07,882 [INFO] PluginManager:213 - loadIPPluginJar : add ltdc
2024-11-01 08:06:07,897 [INFO] IPUIPlugin:74 - create IPUIPlugin
2024-11-01 08:06:07,897 [INFO] PluginManager:213 - loadIPPluginJar : add mdma
2024-11-01 08:06:07,944 [INFO] IPUIPlugin:74 - create IPUIPlugin
2024-11-01 08:06:07,944 [INFO] PluginManager:213 - loadIPPluginJar : add nvic
2024-11-01 08:06:08,022 [INFO] IPUIPlugin:74 - create IPUIPlugin
2024-11-01 08:06:08,022 [INFO] PluginManager:213 - loadIPPluginJar : add opamp
2024-11-01 08:06:08,147 [INFO] IPUIPlugin:74 - create IPUIPlugin
2024-11-01 08:06:08,147 [INFO] PluginManager:213 - loadIPPluginJar : add openamp
2024-11-01 08:06:08,241 [INFO] IPUIPlugin:74 - create IPUIPlugin
2024-11-01 08:06:08,241 [INFO] PluginManager:213 - loadIPPluginJar : add pdm2pcm
2024-11-01 08:06:08,257 [INFO] IPUIPlugin:74 - create IPUIPlugin
2024-11-01 08:06:08,272 [INFO] PluginManager:213 - loadIPPluginJar : add plateformsettings
2024-11-01 08:06:08,319 [INFO] IPUIPlugin:74 - create IPUIPlugin
2024-11-01 08:06:08,319 [INFO] PluginManager:213 - loadIPPluginJar : add quadspi
2024-11-01 08:06:08,335 [INFO] IPUIPlugin:74 - create IPUIPlugin
2024-11-01 08:06:08,335 [INFO] PluginManager:213 - loadIPPluginJar : add resmgrutility
2024-11-01 08:06:08,397 [INFO] ThirdPartyUpdaterWithRetryManager:66 - Updater plugin not ready yet. [2/15]
2024-11-01 08:06:08,413 [INFO] IPUIPlugin:74 - create IPUIPlugin
2024-11-01 08:06:08,413 [INFO] PluginManager:213 - loadIPPluginJar : add sai
2024-11-01 08:06:08,475 [INFO] IPUIPlugin:74 - create IPUIPlugin
2024-11-01 08:06:08,475 [INFO] PluginManager:213 - loadIPPluginJar : add spi
2024-11-01 08:06:08,553 [INFO] IPUIPlugin:74 - create IPUIPlugin
2024-11-01 08:06:08,553 [INFO] PluginManager:213 - loadIPPluginJar : add stm32_wpan
2024-11-01 08:06:08,600 [INFO] IPUIPlugin:74 - create IPUIPlugin
2024-11-01 08:06:08,600 [INFO] PluginManager:213 - loadIPPluginJar : add tim
2024-11-01 08:06:08,694 [INFO] IPUIPlugin:74 - create IPUIPlugin
2024-11-01 08:06:08,694 [INFO] PluginManager:213 - loadIPPluginJar : add touchsensing
2024-11-01 08:06:08,741 [INFO] IPUIPlugin:74 - create IPUIPlugin
2024-11-01 08:06:08,741 [INFO] PluginManager:213 - loadIPPluginJar : add tracer_emb
2024-11-01 08:06:08,819 [INFO] IPUIPlugin:74 - create IPUIPlugin
2024-11-01 08:06:08,819 [INFO] PluginManager:213 - loadIPPluginJar : add ts
2024-11-01 08:06:08,913 [INFO] IPUIPlugin:74 - create IPUIPlugin
2024-11-01 08:06:08,913 [INFO] PluginManager:213 - loadIPPluginJar : add tsc
2024-11-01 08:06:08,944 [INFO] IPUIPlugin:74 - create IPUIPlugin
2024-11-01 08:06:08,944 [INFO] PluginManager:213 - loadIPPluginJar : add ucpd
2024-11-01 08:06:09,022 [INFO] IPUIPlugin:74 - create IPUIPlugin
2024-11-01 08:06:09,022 [INFO] PluginManager:213 - loadIPPluginJar : add usart
2024-11-01 08:06:09,069 [INFO] IPUIPlugin:74 - create IPUIPlugin
2024-11-01 08:06:09,069 [INFO] PluginManager:213 - loadIPPluginJar : add usbx
2024-11-01 08:06:09,453 [FATAL] Updater:294 - Updater called before beeing initialized
2024-11-01 08:06:09,641 [FATAL] Updater:294 - Updater called before beeing initialized
2024-11-01 08:06:09,656 [INFO] DbMcusAds:47 - JSON generation date=Fri Sep 20 20:04:38 ICT 2024 (1726837478367)
2024-11-01 08:06:09,656 [FATAL] Updater:294 - Updater called before beeing initialized
2024-11-01 08:06:09,781 [WARN] DetailPanel:314 - Failed to get advertising image, set to default
2024-11-01 08:06:09,985 [FATAL] Updater:294 - Updater called before beeing initialized
2024-11-01 08:06:09,985 [FATAL] Updater:294 - Updater called before beeing initialized
2024-11-01 08:06:09,985 [FATAL] Updater:294 - Updater called before beeing initialized
2024-11-01 08:06:10,000 [WARN] DetailPanel:314 - Failed to get advertising image, set to default
2024-11-01 08:06:10,000 [FATAL] Updater:294 - Updater called before beeing initialized
2024-11-01 08:06:10,141 [ERROR] Updater:1075 - MainUpdater not yet initialized. External WinMGr cannot be set.
2024-11-01 08:06:10,172 [INFO] Updater:1012 - Updater Version found : 6.3.0
2024-11-01 08:06:10,235 [INFO] ApplicationProperties:181 - Using Application install path: C:\Users\thuyh\STM32CubeIDE_1.7.0\STM32CubeIDE\plugins\com.st.stm32cube.common.mx_6.3.0.202107141111
2024-11-01 08:06:10,953 [INFO] MainUpdater:2671 - connection check result : 10
2024-11-01 08:06:10,953 [INFO] MainUpdater:265 - Updater Check For Update Now.
2024-11-01 08:06:10,953 [INFO] MicroXplorer:478 - Change Database Version : DB.6.0.30
2024-11-01 08:06:11,297 [INFO] CheckServerUpdateThread:112 - End of CheckServer Thread
2024-11-01 08:06:11,328 [INFO] MainUpdater:2671 - connection check result : 10
2024-11-01 08:06:11,344 [INFO] MainUpdater:2671 - connection check result : 10
2024-11-01 08:06:11,828 [ERROR] Engine:463 - C:\Users\thuyh\.stm32cubemx\thirdparties\pdsc\STMicroelectronics.FP-SNS-MOTENVWB1.1.4.0.pdsc: PDSC version is not supported
2024-11-01 08:06:11,891 [ERROR] Engine:463 - C:\Users\thuyh\.stm32cubemx\thirdparties\pdsc\STMicroelectronics.X-CUBE-SMBUS.2.1.0.pdsc: PDSC version is not supported
2024-11-01 08:06:11,891 [INFO] MicroXplorer:448 - Change Database Path : 
2024-11-01 08:06:11,891 [INFO] MicroXplorer:478 - Change Database Version : DB.6.0.30
2024-11-01 08:06:11,906 [WARN] ThirdParty:813 - waiting for thirdparty lock release [close project]
2024-11-01 08:06:11,969 [WARN] PackLoader:238 - Cannot read IP mode file for STMicroelectronics.X-CUBE-WB05N.1.1.0
2024-11-01 08:06:12,078 [WARN] PackLoader:238 - Cannot read IP mode file for STMicroelectronics.X-CUBE-AZRTOS-F7.1.1.0
2024-11-01 08:06:12,328 [WARN] PackLoader:238 - Cannot read IP mode file for STMicroelectronics.X-CUBE-MEMS1.11.0.0
2024-11-01 08:06:12,844 [ERROR] Engine:463 - C:\Users\thuyh\.stm32cubemx\thirdparties\pdsc\STMicroelectronics.FP-SNS-FLIGHT1.5.0.2.pdsc: PDSC version is not supported
2024-11-01 08:06:12,891 [ERROR] Engine:463 - C:\Users\thuyh\.stm32cubemx\thirdparties\pdsc\STMicroelectronics.X-CUBE-DISPLAY.3.0.0.pdsc: PDSC version is not supported
2024-11-01 08:06:12,938 [WARN] PackLoader:238 - Cannot read IP mode file for STMicroelectronics.X-CUBE-BLE1.7.0.0
2024-11-01 08:06:12,969 [WARN] PackLoader:238 - Cannot read IP mode file for STMicroelectronics.X-CUBE-NFC10.1.0.0
2024-11-01 08:06:13,016 [ERROR] Engine:463 - C:\Users\thuyh\.stm32cubemx\thirdparties\pdsc\emotas.I-CUBE-CANOPEN.1.3.0.pdsc: PDSC version is not supported
2024-11-01 08:06:13,062 [ERROR] Engine:463 - C:\Users\thuyh\.stm32cubemx\thirdparties\pdsc\STMicroelectronics.X-CUBE-BLEMGR.3.1.0.pdsc: PDSC version is not supported
2024-11-01 08:06:13,094 [ERROR] Engine:463 - C:\Users\thuyh\.stm32cubemx\thirdparties\pdsc\STMicroelectronics.FP-SNS-SMARTAG2.1.2.0.pdsc: PDSC version is not supported
2024-11-01 08:06:13,141 [INFO] LogOutputStream:76 - [STDOUT_REDIRECT] 1 : Invalid condition id : UX_CORESTACK_Condition cause : null
2024-11-01 08:06:13,156 [INFO] LogOutputStream:76 - [STDOUT_REDIRECT] 1 : Invalid condition id : UX_CORESTACK_Condition cause : null
2024-11-01 08:06:13,156 [INFO] LogOutputStream:76 - [STDOUT_REDIRECT] 1 : Invalid condition id : UX_CORESTACK_Condition cause : null
2024-11-01 08:06:13,156 [INFO] LogOutputStream:76 - [STDOUT_REDIRECT] 1 : Invalid condition id : UX_CORESTACK_Condition cause : null
2024-11-01 08:06:13,156 [INFO] LogOutputStream:76 - [STDOUT_REDIRECT] 1 : Invalid condition id : UX_CORESTACK_Condition cause : null
2024-11-01 08:06:13,172 [WARN] PackLoader:238 - Cannot read IP mode file for STMicroelectronics.X-CUBE-AZRTOS-WL.2.0.0
2024-11-01 08:06:13,203 [ERROR] Engine:463 - C:\Users\thuyh\.stm32cubemx\thirdparties\pdsc\STMicroelectronics.FP-SNS-MOTENV1.5.0.0.pdsc: PDSC version is not supported
2024-11-01 08:06:13,234 [WARN] PackLoader:238 - Cannot read IP mode file for wolfSSL.I-CUBE-wolfMQTT.1.19.0
2024-11-01 08:06:13,281 [WARN] PackLoader:238 - Cannot read IP mode file for WES.I-CUBE-Cesium.1.3.0
2024-11-01 08:06:13,312 [WARN] PackLoader:238 - Cannot read IP mode file for STMicroelectronics.X-CUBE-BLE2.3.3.0
2024-11-01 08:06:13,359 [WARN] PackLoader:238 - Cannot read IP mode file for STMicroelectronics.X-CUBE-NFC9.1.0.0
2024-11-01 08:06:13,391 [ERROR] Engine:463 - C:\Users\thuyh\.stm32cubemx\thirdparties\pdsc\STMicroelectronics.X-CUBE-TCPP.4.1.0.pdsc: PDSC version is not supported
2024-11-01 08:06:13,484 [WARN] PackLoader:238 - Cannot read IP mode file for STMicroelectronics.X-CUBE-AZRTOS-G0.1.1.0
2024-11-01 08:06:13,531 [WARN] PackLoader:238 - Cannot read IP mode file for STMicroelectronics.X-CUBE-SAFEA1.1.2.2
2024-11-01 08:06:13,578 [WARN] PackLoader:238 - Cannot read IP mode file for STMicroelectronics.X-CUBE-NFC4.3.0.0
2024-11-01 08:06:13,625 [ERROR] Engine:463 - C:\Users\thuyh\.stm32cubemx\thirdparties\pdsc\EmbeddedOffice.I-CUBE-FS-RTOS.1.0.1.pdsc: PDSC version is not supported
2024-11-01 08:06:13,687 [ERROR] Engine:463 - C:\Users\thuyh\.stm32cubemx\thirdparties\pdsc\RealThread.X-CUBE-RT-Thread_Nano.4.1.1.pdsc: PDSC version is not supported
2024-11-01 08:06:13,719 [WARN] PackLoader:238 - Cannot read IP mode file for STMicroelectronics.FP-ATR-SIGFOX1.3.2.0
2024-11-01 08:06:13,750 [WARN] PackLoader:238 - Cannot read IP mode file for wolfSSL.I-CUBE-wolfSSL.5.7.2
2024-11-01 08:06:13,781 [WARN] PackLoader:238 - Cannot read IP mode file for STMicroelectronics.X-CUBE-EEPRMA1.5.1.0
2024-11-01 08:06:13,812 [ERROR] Engine:463 - C:\Users\thuyh\.stm32cubemx\thirdparties\pdsc\ITTIA_DB.I-CUBE-ITTIADB.8.9.0.pdsc: PDSC version is not supported
2024-11-01 08:06:13,969 [WARN] PackLoader:238 - Cannot read IP mode file for SEGGER.I-CUBE-embOS.1.3.1
2024-11-01 08:06:14,187 [WARN] PackLoader:238 - Cannot read IP mode file for STMicroelectronics.X-CUBE-ALGOBUILD.1.4.0
2024-11-01 08:06:14,234 [WARN] PackLoader:238 - Cannot read IP mode file for STMicroelectronics.X-CUBE-AI.9.1.0
2024-11-01 08:06:14,281 [WARN] PackLoader:238 - Cannot read IP mode file for STMicroelectronics.X-CUBE-GNSS1.6.0.0
2024-11-01 08:06:14,375 [WARN] PackLoader:238 - Cannot read IP mode file for STMicroelectronics.X-CUBE-AZRTOS-F4.1.1.0
2024-11-01 08:06:14,422 [WARN] PackLoader:238 - Cannot read IP mode file for STMicroelectronics.X-CUBE-ISPU.2.1.0
2024-11-01 08:06:14,437 [ERROR] Engine:463 - C:\Users\thuyh\.stm32cubemx\thirdparties\pdsc\STMicroelectronics.X-CUBE-FREERTOS.1.2.0.pdsc: PDSC version is not supported
2024-11-01 08:06:14,500 [WARN] PackLoader:238 - Cannot read IP mode file for STMicroelectronics.X-CUBE-AZRTOS-L5.2.0.0
2024-11-01 08:06:14,562 [WARN] PackLoader:238 - Cannot read IP mode file for STMicroelectronics.X-CUBE-NFC6.3.1.0
2024-11-01 08:06:14,593 [ERROR] Engine:463 - C:\Users\thuyh\.stm32cubemx\thirdparties\pdsc\STMicroelectronics.X-CUBE-DPower.1.2.0.pdsc: PDSC version is not supported
2024-11-01 08:06:14,609 [WARN] PackLoader:238 - Cannot read IP mode file for STMicroelectronics.X-CUBE-AI.9.0.0
2024-11-01 08:06:14,640 [WARN] PackLoader:238 - Cannot read IP mode file for STMicroelectronics.X-CUBE-NFC7.1.0.1
2024-11-01 08:06:14,734 [WARN] ConditionMgr:437 - getConditionDescription Invalid condition id : LAN8742 Phy interface Condition cause : null
2024-11-01 08:06:14,734 [WARN] PackLoader:238 - Cannot read IP mode file for STMicroelectronics.X-CUBE-AZRTOS-L4.2.0.0
2024-11-01 08:06:14,734 [WARN] ConditionMgr:1038 - genDependencies : Invalid condition id : LAN8742 Phy interface Condition cause : null
2024-11-01 08:06:14,734 [WARN] ConditionMgr:1038 - genDependencies : Invalid condition id : LAN8742 Phy interface Condition cause : null
2024-11-01 08:06:14,734 [WARN] ConditionMgr:1038 - genDependencies : Invalid condition id : LAN8742 Phy interface Condition cause : null
2024-11-01 08:06:14,812 [WARN] PackLoader:238 - Cannot read IP mode file for STMicroelectronics.X-CUBE-SFXS2LP1.4.0.0
2024-11-01 08:06:14,921 [WARN] PackLoader:238 - Cannot read IP mode file for STMicroelectronics.X-CUBE-AZRTOS-H7.3.3.0
2024-11-01 08:06:14,984 [ERROR] Engine:463 - C:\Users\thuyh\.stm32cubemx\thirdparties\pdsc\STMicroelectronics.X-CUBE-IPS.3.0.0.pdsc: PDSC version is not supported
2024-11-01 08:06:15,078 [WARN] ConditionMgr:437 - getConditionDescription Invalid condition id : UX DEVICE CLASS RTOS Condition cause : null
2024-11-01 08:06:15,078 [WARN] ConditionMgr:437 - getConditionDescription Invalid condition id : UX DEVICE CLASS RTOS Condition cause : null
2024-11-01 08:06:15,093 [WARN] PackLoader:238 - Cannot read IP mode file for STMicroelectronics.X-CUBE-AZRTOS-WB.2.0.0
2024-11-01 08:06:15,093 [WARN] ConditionMgr:1038 - genDependencies : Invalid condition id : UX DEVICE CLASS RTOS Condition cause : null
2024-11-01 08:06:15,093 [WARN] ConditionMgr:1038 - genDependencies : Invalid condition id : UX DEVICE CLASS RTOS Condition cause : null
2024-11-01 08:06:15,093 [WARN] ConditionMgr:1038 - genDependencies : Invalid condition id : UX DEVICE CLASS RTOS Condition cause : null
2024-11-01 08:06:15,093 [WARN] ConditionMgr:1038 - genDependencies : Invalid condition id : UX DEVICE CLASS RTOS Condition cause : null
2024-11-01 08:06:15,093 [WARN] ConditionMgr:1038 - genDependencies : Invalid condition id : UX DEVICE CLASS RTOS Condition cause : null
2024-11-01 08:06:15,125 [WARN] PackLoader:238 - Cannot read IP mode file for STMicroelectronics.X-CUBE-GNSS1.7.0.0
2024-11-01 08:06:15,171 [ERROR] Engine:463 - C:\Users\thuyh\.stm32cubemx\thirdparties\pdsc\STMicroelectronics.FP-SNS-STBOX1.2.0.0.pdsc: PDSC version is not supported
2024-11-01 08:06:15,208 [WARN] PackLoader:238 - Cannot read IP mode file for STMicroelectronics.X-CUBE-SUBG2.5.0.0
2024-11-01 08:06:15,250 [ERROR] Engine:463 - C:\Users\thuyh\.stm32cubemx\thirdparties\pdsc\Cesanta.I-CUBE-Mongoose.7.13.0.pdsc: PDSC version is not supported
2024-11-01 08:06:15,328 [WARN] PackLoader:238 - Cannot read IP mode file for STMicroelectronics.X-CUBE-AZRTOS-G4.2.0.0
2024-11-01 08:06:15,359 [WARN] PackLoader:238 - Cannot read IP mode file for STMicroelectronics.X-CUBE-ISPU.2.0.0
2024-11-01 08:06:15,391 [ERROR] Engine:463 - C:\Users\thuyh\.stm32cubemx\thirdparties\pdsc\STMicroelectronics.X-CUBE-ALS.1.0.2.pdsc: PDSC version is not supported
2024-11-01 08:06:15,422 [WARN] PackLoader:238 - Cannot read IP mode file for STMicroelectronics.X-CUBE-TOUCHGFX.4.24.0
2024-11-01 08:06:15,453 [WARN] PackLoader:238 - Cannot read IP mode file for STMicroelectronics.X-CUBE-TOUCHGFX.4.24.1
2024-11-01 08:06:15,484 [WARN] PackLoader:238 - Cannot read IP mode file for wolfSSL.I-CUBE-wolfTPM.3.4.0
2024-11-01 08:06:15,515 [WARN] PackLoader:238 - Cannot read IP mode file for portGmbH.I-Cube-SoM-uGOAL.1.1.0
2024-11-01 08:06:15,609 [WARN] PackLoader:238 - Cannot read IP mode file for STMicroelectronics.X-CUBE-AZRTOS-H7RS.1.0.0
2024-11-01 08:06:15,672 [WARN] PackLoader:238 - Cannot read IP mode file for STMicroelectronics.FP-ATR-ASTRA1.2.0.0
2024-11-01 08:06:15,734 [ERROR] Engine:463 - C:\Users\thuyh\.stm32cubemx\thirdparties\pdsc\STMicroelectronics.X-CUBE-TOF1.3.4.2.pdsc: PDSC version is not supported
2024-11-01 08:06:15,797 [ERROR] Engine:463 - C:\Users\thuyh\.stm32cubemx\thirdparties\pdsc\Infineon.AIROC-Wi-Fi-Bluetooth-STM32.1.6.1.pdsc: PDSC version is not supported
2024-11-01 08:06:15,812 [WARN] PackLoader:238 - Cannot read IP mode file for wolfSSL.I-CUBE-wolfSSH.1.4.17
2024-11-01 08:06:15,812 [INFO] ThirdParty:915 - Integrity check success = true
2024-11-01 08:06:15,828 [INFO] IntegrityCheckThread:94 - exiting critical section [integrity check]
2024-11-01 08:06:15,828 [INFO] IntegrityCheckThread:97 - End integrity checks thread
2024-11-01 08:06:15,828 [INFO] ThirdParty:815 - entering critical section [close project]
2024-11-01 08:06:15,828 [INFO] ThirdParty:825 - exiting critical section [close project]
2024-11-01 08:06:15,828 [INFO] PinOutPanel:1463 - setPackage(No Configuration,No Configuration)
2024-11-01 08:06:15,844 [INFO] UtilMem:74 - Begin LoadConfig() Used Memory: 554993824 Bytes (601882624)
2024-11-01 08:06:15,844 [INFO] MicroXplorer:448 - Change Database Path : 
2024-11-01 08:06:15,844 [INFO] MicroXplorer:478 - Change Database Version : DB.6.0.30
2024-11-01 08:06:15,844 [INFO] OpenFileManager:313 - Change cursor
2024-11-01 08:06:17,859 [INFO] Context:592 - Trying to add GPIOservice into a context  which must be forbidden
2024-11-01 08:06:18,359 [WARN] ApiManager:304 - Cannot register API 'Board Extension:NFC09A1' from pack STMicroelectronics.X-CUBE-NFC9.1.0.0: no header file found
2024-11-01 08:06:18,359 [WARN] ApiManager:304 - Cannot register API 'Board Extension:GNSS1A1' from pack STMicroelectronics.X-CUBE-GNSS1.6.0.0: no header file found
2024-11-01 08:06:18,359 [WARN] ApiManager:304 - Cannot register API 'Board Support:Custom' from pack STMicroelectronics.X-CUBE-GNSS1.6.0.0: no header file found
2024-11-01 08:06:18,359 [WARN] ApiManager:304 - Cannot register API 'Data Exchange:lib_gnss' from pack STMicroelectronics.X-CUBE-GNSS1.6.0.0: no header file found
2024-11-01 08:06:18,375 [WARN] ApiManager:304 - Cannot register API 'Wireless:STM32WB05N' from pack STMicroelectronics.X-CUBE-WB05N.1.1.0: no header file found
2024-11-01 08:06:18,375 [WARN] ApiManager:304 - Cannot register API 'Board Extension:GNSS1A1' from pack STMicroelectronics.X-CUBE-GNSS1.7.0.0: no header file found
2024-11-01 08:06:18,375 [WARN] ApiManager:304 - Cannot register API 'Board Support:Custom' from pack STMicroelectronics.X-CUBE-GNSS1.7.0.0: no header file found
2024-11-01 08:06:18,375 [WARN] ApiManager:304 - Cannot register API 'Data Exchange:lib_gnss' from pack STMicroelectronics.X-CUBE-GNSS1.7.0.0: no header file found
2024-11-01 08:06:18,390 [WARN] ApiManager:304 - Cannot register API 'Board Extension:NFC06A1' from pack STMicroelectronics.X-CUBE-NFC6.3.1.0: no header file found
2024-11-01 08:06:18,390 [WARN] ApiManager:304 - Cannot register API 'Board Extension:NFC08A1' from pack STMicroelectronics.X-CUBE-NFC6.3.1.0: no header file found
2024-11-01 08:06:18,734 [WARN] ApiManager:304 - Cannot register API 'Board Extension:IKS01A3' from pack STMicroelectronics.X-CUBE-MEMS1.11.0.0: no header file found
2024-11-01 08:06:18,734 [WARN] ApiManager:304 - Cannot register API 'Board Extension:IKS02A1' from pack STMicroelectronics.X-CUBE-MEMS1.11.0.0: no header file found
2024-11-01 08:06:18,734 [WARN] ApiManager:304 - Cannot register API 'Board Extension:IKS4A1' from pack STMicroelectronics.X-CUBE-MEMS1.11.0.0: no header file found
2024-11-01 08:06:18,750 [INFO] RtosManager:484 - Registered RTOS mode: class=CMSIS, group=RTOS, mode=CMSIS_V1, owner=FREERTOS
2024-11-01 08:06:18,750 [INFO] RtosManager:484 - Registered RTOS mode: class=CMSIS, group=RTOS2, mode=CMSIS_V2, owner=FREERTOS
2024-11-01 08:06:18,750 [INFO] RtosManager:484 - Registered RTOS mode: class=RTOS, group=Core, mode=CMSIS_V1, owner=FREERTOS
2024-11-01 08:06:18,750 [INFO] RtosManager:484 - Registered RTOS mode: class=RTOS, group=Core, mode=CMSIS_V2, owner=FREERTOS
2024-11-01 08:06:18,750 [WARN] ModelIntegratedComponent:181 - Missing modes for component STMicroelectronics:FreeRTOS:0.0.1:STMicroelectronics:RTOS:FreeRTOS:Core:::10.2.0:
2024-11-01 08:06:18,765 [WARN] ApiManager:304 - Cannot register API 'Board Extension:STSAFEA1' from pack STMicroelectronics.X-CUBE-SAFEA1.1.2.2: no header file found
2024-11-01 08:06:18,765 [WARN] ApiManager:304 - Cannot register API 'Board Part:STSAFEA110' from pack STMicroelectronics.X-CUBE-SAFEA1.1.2.2: no header file found
2024-11-01 08:06:18,765 [WARN] ApiManager:304 - Cannot register API 'Security:ST_Cryptolib' from pack STMicroelectronics.X-CUBE-SAFEA1.1.2.2: no header file found
2024-11-01 08:06:18,765 [WARN] ApiManager:304 - Cannot register API 'Security:MbedTLS' from pack STMicroelectronics.X-CUBE-SAFEA1.1.2.2: no header file found
2024-11-01 08:06:18,765 [WARN] ApiManager:304 - Cannot register API 'Board Extension:NFC04A1' from pack STMicroelectronics.X-CUBE-NFC4.3.0.0: no header file found
2024-11-01 08:06:18,781 [WARN] ApiManager:304 - Cannot register API 'Board Extension:S2868A1' from pack STMicroelectronics.X-CUBE-SUBG2.5.0.0: no header file found
2024-11-01 08:06:18,781 [WARN] ApiManager:304 - Cannot register API 'Board Extension:S2868A2' from pack STMicroelectronics.X-CUBE-SUBG2.5.0.0: no header file found
2024-11-01 08:06:18,781 [WARN] ApiManager:304 - Cannot register API 'Board Extension:S2915A1' from pack STMicroelectronics.X-CUBE-SUBG2.5.0.0: no header file found
2024-11-01 08:06:18,781 [WARN] ApiManager:304 - Cannot register API 'Wireless:BlueNRG-MS' from pack STMicroelectronics.X-CUBE-BLE1.7.0.0: no header file found
2024-11-01 08:06:18,781 [WARN] ApiManager:304 - Cannot register API 'Board Extension:NFC10A1' from pack STMicroelectronics.X-CUBE-NFC10.1.0.0: no header file found
2024-11-01 08:06:18,781 [WARN] ApiManager:304 - Cannot register API 'Board Extension:EEPRMA2' from pack STMicroelectronics.X-CUBE-EEPRMA1.5.1.0: no header file found
2024-11-01 08:06:18,781 [WARN] ApiManager:304 - Cannot register API 'Board Extension:PGEEZ1' from pack STMicroelectronics.X-CUBE-EEPRMA1.5.1.0: no header file found
2024-11-01 08:06:18,781 [WARN] ApiManager:304 - Cannot register API 'Board Extension:EEICA1' from pack STMicroelectronics.X-CUBE-EEPRMA1.5.1.0: no header file found
2024-11-01 08:06:18,781 [WARN] ApiManager:304 - Cannot register API 'Board Part:M24' from pack STMicroelectronics.X-CUBE-EEPRMA1.5.1.0: no header file found
2024-11-01 08:06:18,781 [WARN] ApiManager:304 - Cannot register API 'Board Part:M95' from pack STMicroelectronics.X-CUBE-EEPRMA1.5.1.0: no header file found
2024-11-01 08:06:18,781 [WARN] ApiManager:304 - Cannot register API 'Board Part:M95P32' from pack STMicroelectronics.X-CUBE-EEPRMA1.5.1.0: no header file found
2024-11-01 08:06:18,781 [WARN] ApiManager:304 - Cannot register API 'Board Part:M24256E-F' from pack STMicroelectronics.X-CUBE-EEPRMA1.5.1.0: no header file found
2024-11-01 08:06:18,781 [WARN] ApiManager:304 - Cannot register API 'Board Part:M24M01E-F' from pack STMicroelectronics.X-CUBE-EEPRMA1.5.1.0: no header file found
2024-11-01 08:06:18,781 [WARN] ApiManager:304 - Cannot register API 'PGEEZ1:SPI' from pack STMicroelectronics.X-CUBE-EEPRMA1.5.1.0: no header file found
2024-11-01 08:06:18,781 [WARN] ApiManager:304 - Cannot register API 'PGEEZ1:QDSPI' from pack STMicroelectronics.X-CUBE-EEPRMA1.5.1.0: no header file found
2024-11-01 08:06:18,781 [WARN] ModelIntegratedComponent:60 - No mode defined for component null
2024-11-01 08:06:18,781 [WARN] ModelIntegratedComponent:60 - No mode defined for component null
2024-11-01 08:06:18,781 [WARN] ModelIntegratedComponent:60 - No mode defined for component null
2024-11-01 08:06:18,781 [WARN] ModelIntegratedComponent:60 - No mode defined for component null
2024-11-01 08:06:18,781 [WARN] ModelIntegratedComponent:60 - No mode defined for component null
2024-11-01 08:06:18,781 [WARN] ModelIntegratedComponent:60 - No mode defined for component null
2024-11-01 08:06:18,781 [WARN] ModelIntegratedComponent:60 - No mode defined for component null
2024-11-01 08:06:18,781 [WARN] ModelIntegratedComponent:60 - No mode defined for component null
2024-11-01 08:06:18,781 [WARN] ModelIntegratedComponent:60 - No mode defined for component null
2024-11-01 08:06:18,781 [WARN] ModelIntegratedComponent:60 - No mode defined for component null
2024-11-01 08:06:18,781 [WARN] ModelIntegratedComponent:60 - No mode defined for component null
2024-11-01 08:06:18,781 [WARN] ModelIntegratedComponent:60 - No mode defined for component null
2024-11-01 08:06:18,781 [WARN] ModelIntegratedComponent:60 - No mode defined for component null
2024-11-01 08:06:18,781 [WARN] ModelIntegratedComponent:60 - No mode defined for component null
2024-11-01 08:06:18,781 [WARN] ModelIntegratedComponent:60 - No mode defined for component null
2024-11-01 08:06:18,781 [WARN] ModelIntegratedComponent:60 - No mode defined for component null
2024-11-01 08:06:18,781 [WARN] ModelIntegratedComponent:60 - No mode defined for component null
2024-11-01 08:06:18,796 [WARN] ModelIntegratedComponent:60 - No mode defined for component null
2024-11-01 08:06:18,796 [WARN] ModelIntegratedComponent:60 - No mode defined for component null
2024-11-01 08:06:18,796 [WARN] ModelIntegratedComponent:60 - No mode defined for component null
2024-11-01 08:06:18,796 [WARN] ModelIntegratedComponent:60 - No mode defined for component null
2024-11-01 08:06:18,796 [WARN] ModelIntegratedComponent:60 - No mode defined for component null
2024-11-01 08:06:18,796 [WARN] ModelIntegratedComponent:60 - No mode defined for component null
2024-11-01 08:06:18,796 [WARN] ModelIntegratedComponent:60 - No mode defined for component null
2024-11-01 08:06:18,796 [WARN] ModelIntegratedComponent:60 - No mode defined for component null
2024-11-01 08:06:18,796 [WARN] ModelIntegratedComponent:60 - No mode defined for component null
2024-11-01 08:06:18,796 [WARN] ModelIntegratedComponent:60 - No mode defined for component null
2024-11-01 08:06:18,796 [WARN] ModelIntegratedComponent:60 - No mode defined for component null
2024-11-01 08:06:18,796 [WARN] ModelIntegratedComponent:60 - No mode defined for component null
2024-11-01 08:06:18,796 [WARN] ModelIntegratedComponent:60 - No mode defined for component null
2024-11-01 08:06:18,796 [WARN] ModelIntegratedComponent:60 - No mode defined for component null
2024-11-01 08:06:18,796 [WARN] ApiManager:304 - Cannot register API 'Board Extension:NFC07A1' from pack STMicroelectronics.X-CUBE-NFC7.1.0.1: no header file found
2024-11-01 08:06:18,812 [WARN] ApiManager:304 - Cannot register API 'Board Extension:S2868A1' from pack STMicroelectronics.X-CUBE-SFXS2LP1.4.0.0: no header file found
2024-11-01 08:06:18,812 [WARN] ApiManager:304 - Cannot register API 'Board Extension:S2868A2' from pack STMicroelectronics.X-CUBE-SFXS2LP1.4.0.0: no header file found
2024-11-01 08:06:18,812 [WARN] ApiManager:304 - Cannot register API 'Board Extension:S2915A1' from pack STMicroelectronics.X-CUBE-SFXS2LP1.4.0.0: no header file found
2024-11-01 08:06:18,812 [WARN] ApiManager:304 - Cannot register API 'Wireless:BlueNRG-2' from pack STMicroelectronics.X-CUBE-BLE2.3.3.0: no header file found
2024-11-01 08:06:22,906 [INFO] UtilMem:74 - End LoadConfig() Used Memory: 588387112 Bytes (734003200)
2024-11-01 08:06:22,906 [INFO] DbMcusXml:100 - Load MCU database from C:\Users\thuyh\STM32CubeIDE_1.7.0\STM32CubeIDE\plugins\com.st.stm32cube.common.mx_6.3.0.202107141111\\db\/mcu/families.xml
2024-11-01 08:06:24,265 [INFO] DbMcusJson:93 - JSON generation date=Tue Nov 16 23:17:54 ICT 2021 (1637079474)
2024-11-01 08:06:25,546 [INFO] DbMcus:175 - Found 1951 MCUs (1903 are supported by CubeMX, 1914 are visible in CubeMX)
2024-11-01 08:06:25,546 [INFO] ApiDb:251 - Load user favorites file C:\Users\thuyh/.stm32cubeide/favorites.mcus.txt: 0 item(s)
2024-11-01 08:06:25,546 [INFO] ApiDb:255 - User favorites MCUs=[]
2024-11-01 08:06:25,546 [INFO] DbMcus:187 - Set 0 / 0 favorites MCUs
2024-11-01 08:06:25,561 [WARN] ThirdParty:779 - waiting for thirdparty lock release [change project]
2024-11-01 08:06:25,561 [INFO] ThirdParty:781 - entering critical section [change project]
2024-11-01 08:06:25,561 [INFO] ThirdParty:967 - CMSIS Pack Vendor :STMicroelectronics X-CUBE-AZRTOS-H7 3.3.0
2024-11-01 08:06:25,561 [INFO] ThirdParty:967 - CMSIS Pack Vendor :STMicroelectronics X-CUBE-NFC9 1.0.0
2024-11-01 08:06:25,561 [INFO] ThirdParty:967 - CMSIS Pack Vendor :STMicroelectronics X-CUBE-GNSS1 6.0.0
2024-11-01 08:06:25,561 [INFO] ThirdParty:967 - CMSIS Pack Vendor :STMicroelectronics USB_HOST 2.0.0
2024-11-01 08:06:25,561 [INFO] ThirdParty:967 - CMSIS Pack Vendor :STMicroelectronics X-CUBE-AZRTOS-F4 1.1.0
2024-11-01 08:06:25,561 [INFO] ThirdParty:967 - CMSIS Pack Vendor :STMicroelectronics X-CUBE-WB05N 1.1.0
2024-11-01 08:06:25,561 [INFO] ThirdParty:967 - CMSIS Pack Vendor :STMicroelectronics USB_DEVICE 3.0.0
2024-11-01 08:06:25,561 [INFO] ThirdParty:967 - CMSIS Pack Vendor :STMicroelectronics X-CUBE-ISPU 2.1.0
2024-11-01 08:06:25,561 [INFO] ThirdParty:967 - CMSIS Pack Vendor :STMicroelectronics X-CUBE-AZRTOS-WB 2.0.0
2024-11-01 08:06:25,561 [INFO] ThirdParty:967 - CMSIS Pack Vendor :STMicroelectronics X-CUBE-GNSS1 7.0.0
2024-11-01 08:06:25,561 [INFO] ThirdParty:967 - CMSIS Pack Vendor :STMicroelectronics X-CUBE-AZRTOS-F7 1.1.0
2024-11-01 08:06:25,561 [INFO] ThirdParty:967 - CMSIS Pack Vendor :STMicroelectronics X-CUBE-AZRTOS-L5 2.0.0
2024-11-01 08:06:25,561 [INFO] ThirdParty:967 - CMSIS Pack Vendor :STMicroelectronics USB_DEVICE 2.0.0
2024-11-01 08:06:25,561 [INFO] ThirdParty:967 - CMSIS Pack Vendor :STMicroelectronics X-CUBE-NFC6 3.1.0
2024-11-01 08:06:25,561 [INFO] ThirdParty:967 - CMSIS Pack Vendor :STMicroelectronics X-CUBE-MEMS1 11.0.0
2024-11-01 08:06:25,561 [INFO] ThirdParty:967 - CMSIS Pack Vendor :STMicroelectronics FreeRTOS 0.0.1
2024-11-01 08:06:25,561 [INFO] ThirdParty:967 - CMSIS Pack Vendor :STMicroelectronics X-CUBE-AZRTOS-G0 1.1.0
2024-11-01 08:06:25,561 [INFO] ThirdParty:967 - CMSIS Pack Vendor :STMicroelectronics X-CUBE-SAFEA1 1.2.2
2024-11-01 08:06:25,561 [INFO] ThirdParty:967 - CMSIS Pack Vendor :STMicroelectronics X-CUBE-NFC4 3.0.0
2024-11-01 08:06:25,561 [INFO] ThirdParty:967 - CMSIS Pack Vendor :STMicroelectronics X-CUBE-SUBG2 5.0.0
2024-11-01 08:06:25,561 [INFO] ThirdParty:967 - CMSIS Pack Vendor :STMicroelectronics lwIP 2.0.3
2024-11-01 08:06:25,561 [INFO] ThirdParty:967 - CMSIS Pack Vendor :STMicroelectronics USB_HOST 1.0.0
2024-11-01 08:06:25,561 [INFO] ThirdParty:967 - CMSIS Pack Vendor :STMicroelectronics X-CUBE-AI 9.0.0
2024-11-01 08:06:25,561 [INFO] ThirdParty:967 - CMSIS Pack Vendor :STMicroelectronics X-CUBE-AZRTOS-G4 2.0.0
2024-11-01 08:06:25,561 [INFO] ThirdParty:967 - CMSIS Pack Vendor :STMicroelectronics PDM2PCM 3.1.0
2024-11-01 08:06:25,561 [INFO] ThirdParty:967 - CMSIS Pack Vendor :STMicroelectronics PDM2PCM 3.3.0
2024-11-01 08:06:25,561 [INFO] ThirdParty:967 - CMSIS Pack Vendor :STMicroelectronics X-CUBE-BLE1 7.0.0
2024-11-01 08:06:25,561 [INFO] ThirdParty:967 - CMSIS Pack Vendor :STMicroelectronics FP-ATR-SIGFOX1 3.2.0
2024-11-01 08:06:25,561 [INFO] ThirdParty:967 - CMSIS Pack Vendor :STMicroelectronics X-CUBE-NFC10 1.0.0
2024-11-01 08:06:25,561 [INFO] ThirdParty:967 - CMSIS Pack Vendor :wolfSSL I-CUBE-wolfSSL 5.7.2
2024-11-01 08:06:25,561 [INFO] ThirdParty:967 - CMSIS Pack Vendor :STMicroelectronics X-CUBE-ISPU 2.0.0
2024-11-01 08:06:25,561 [INFO] ThirdParty:967 - CMSIS Pack Vendor :STMicroelectronics X-CUBE-EEPRMA1 5.1.0
2024-11-01 08:06:25,561 [INFO] ThirdParty:967 - CMSIS Pack Vendor :STMicroelectronics HAL Drivers 0.0.0
2024-11-01 08:06:25,561 [INFO] ThirdParty:967 - CMSIS Pack Vendor :STMicroelectronics MBEDTLS 2.16.2
2024-11-01 08:06:25,561 [INFO] ThirdParty:967 - CMSIS Pack Vendor :STMicroelectronics X-CUBE-NFC7 1.0.1
2024-11-01 08:06:25,561 [INFO] ThirdParty:967 - CMSIS Pack Vendor :STMicroelectronics MBEDTLS 2.14.1
2024-11-01 08:06:25,561 [INFO] ThirdParty:967 - CMSIS Pack Vendor :STMicroelectronics X-CUBE-TOUCHGFX 4.24.0
2024-11-01 08:06:25,561 [INFO] ThirdParty:967 - CMSIS Pack Vendor :STMicroelectronics X-CUBE-TOUCHGFX 4.24.1
2024-11-01 08:06:25,561 [INFO] ThirdParty:967 - CMSIS Pack Vendor :wolfSSL I-CUBE-wolfTPM 3.4.0
2024-11-01 08:06:25,561 [INFO] ThirdParty:967 - CMSIS Pack Vendor :portGmbH I-Cube-SoM-uGOAL 1.1.0
2024-11-01 08:06:25,561 [INFO] ThirdParty:967 - CMSIS Pack Vendor :STMicroelectronics X-CUBE-AZRTOS-WL 2.0.0
2024-11-01 08:06:25,561 [INFO] ThirdParty:967 - CMSIS Pack Vendor :SEGGER I-CUBE-embOS 1.3.1
2024-11-01 08:06:25,561 [INFO] ThirdParty:967 - CMSIS Pack Vendor :STMicroelectronics X-CUBE-ALGOBUILD 1.4.0
2024-11-01 08:06:25,561 [INFO] ThirdParty:967 - CMSIS Pack Vendor :STMicroelectronics USB_DEVICE 1.0.0
2024-11-01 08:06:25,561 [INFO] ThirdParty:967 - CMSIS Pack Vendor :STMicroelectronics X-CUBE-AZRTOS-H7RS 1.0.0
2024-11-01 08:06:25,561 [INFO] ThirdParty:967 - CMSIS Pack Vendor :wolfSSL I-CUBE-wolfMQTT 1.19.0
2024-11-01 08:06:25,561 [INFO] ThirdParty:967 - CMSIS Pack Vendor :STMicroelectronics X-CUBE-AZRTOS-L4 2.0.0
2024-11-01 08:06:25,561 [INFO] ThirdParty:967 - CMSIS Pack Vendor :STMicroelectronics ThreadX 0.0.2
2024-11-01 08:06:25,561 [INFO] ThirdParty:967 - CMSIS Pack Vendor :WES I-CUBE-Cesium 1.3.0
2024-11-01 08:06:25,561 [INFO] ThirdParty:967 - CMSIS Pack Vendor :STMicroelectronics FP-ATR-ASTRA1 2.0.0
2024-11-01 08:06:25,561 [INFO] ThirdParty:967 - CMSIS Pack Vendor :STMicroelectronics lwIP 2.1.2
2024-11-01 08:06:25,561 [INFO] ThirdParty:967 - CMSIS Pack Vendor :STMicroelectronics X-CUBE-SFXS2LP1 4.0.0
2024-11-01 08:06:25,561 [INFO] ThirdParty:967 - CMSIS Pack Vendor :STMicroelectronics X-CUBE-BLE2 3.3.0
2024-11-01 08:06:25,561 [INFO] ThirdParty:967 - CMSIS Pack Vendor :STMicroelectronics X-CUBE-AI 9.1.0
2024-11-01 08:06:25,561 [INFO] ThirdParty:967 - CMSIS Pack Vendor :STMicroelectronics PDM2PCM 3.2.0
2024-11-01 08:06:25,561 [INFO] ThirdParty:967 - CMSIS Pack Vendor :wolfSSL I-CUBE-wolfSSH 1.4.17
2024-11-01 08:06:25,577 [INFO] ThirdParty:787 - exiting critical section [change project]
2024-11-01 08:06:26,108 [INFO] PinOutPanel:1463 - setPackage(No Configuration,No Configuration)
2024-11-01 08:06:26,108 [INFO] PinOutPanel:1463 - setPackage(STM32F103C6Tx,LQFP48)
2024-11-01 08:06:26,640 [INFO] UtilMem:74 - Before build in PCC Used Memory: 802052976 Bytes (932184064)
2024-11-01 08:06:27,468 [INFO] UtilMem:74 - After build in PCC Used Memory: 750303168 Bytes (938475520)
2024-11-01 08:06:27,499 [INFO] IPUIPlugin:74 - create IPUIPlugin
2024-11-01 08:06:27,499 [INFO] IPUIPlugin:74 - create IPUIPlugin
2024-11-01 08:06:27,499 [INFO] IPUIPlugin:74 - create IPUIPlugin
2024-11-01 08:06:27,499 [INFO] IPUIPlugin:74 - create IPUIPlugin
2024-11-01 08:06:27,499 [INFO] IPUIPlugin:74 - create IPUIPlugin
2024-11-01 08:06:27,499 [INFO] IPUIPlugin:74 - create IPUIPlugin
2024-11-01 08:06:27,499 [INFO] IPUIPlugin:74 - create IPUIPlugin
2024-11-01 08:06:27,499 [INFO] IPUIPlugin:74 - create IPUIPlugin
2024-11-01 08:06:27,499 [INFO] IPUIPlugin:74 - create IPUIPlugin
2024-11-01 08:06:27,499 [INFO] IPUIPlugin:74 - create IPUIPlugin
2024-11-01 08:06:27,499 [INFO] IPUIPlugin:74 - create IPUIPlugin
2024-11-01 08:06:27,499 [INFO] IPUIPlugin:74 - create IPUIPlugin
2024-11-01 08:06:27,499 [INFO] IPUIPlugin:74 - create IPUIPlugin
2024-11-01 08:06:27,499 [INFO] IPUIPlugin:74 - create IPUIPlugin
2024-11-01 08:06:27,499 [INFO] IPUIPlugin:74 - create IPUIPlugin
2024-11-01 08:06:27,499 [INFO] IPUIPlugin:74 - create IPUIPlugin
2024-11-01 08:06:27,499 [INFO] IPUIPlugin:74 - create IPUIPlugin
2024-11-01 08:06:27,499 [INFO] IPUIPlugin:74 - create IPUIPlugin
2024-11-01 08:06:27,499 [INFO] IPUIPlugin:74 - create IPUIPlugin
2024-11-01 08:06:27,499 [INFO] IPUIPlugin:74 - create IPUIPlugin
2024-11-01 08:06:27,499 [INFO] IPUIPlugin:74 - create IPUIPlugin
2024-11-01 08:06:27,499 [INFO] IPUIPlugin:74 - create IPUIPlugin
2024-11-01 08:06:27,499 [INFO] IPUIPlugin:74 - create IPUIPlugin
2024-11-01 08:06:27,655 [INFO] OpenFileManager:333 - Restore cursor
2024-11-01 13:11:42,946 [INFO] Activator:177 - 


2024-11-01 13:11:42,951 [INFO] Activator:178 - !SESSION log4j initialized
2024-11-01 13:37:44,310 [INFO] Activator:177 - 


2024-11-01 13:37:44,312 [INFO] Activator:178 - !SESSION log4j initialized
2024-11-01 18:26:32,106 [INFO] Activator:177 - 


2024-11-01 18:26:32,108 [INFO] Activator:178 - !SESSION log4j initialized
2024-11-03 15:23:15,302 [INFO] Activator:177 - 


2024-11-03 15:23:15,306 [INFO] Activator:178 - !SESSION log4j initialized
2024-11-03 19:10:57,875 [INFO] Activator:177 - 


2024-11-03 19:10:57,877 [INFO] Activator:178 - !SESSION log4j initialized
2024-11-03 19:14:17,687 [INFO] Activator:177 - 


2024-11-03 19:14:17,689 [INFO] Activator:178 - !SESSION log4j initialized
2024-11-03 19:19:35,519 [INFO] McuFinderGlobals:39 - Set McuFinder mode to 2 (CubeIDE integrated)
2024-11-03 19:19:35,829 [INFO] ApplicationProperties:181 - Using Application install path: C:\Users\thuyh\STM32CubeIDE_1.7.0\STM32CubeIDE\plugins\com.st.stm32cube.common.mx_6.3.0.202107141111
2024-11-03 19:19:35,850 [INFO] DbMcusXml:74 - Set database path to: C:\Users\thuyh\STM32CubeIDE_1.7.0\STM32CubeIDE\plugins\com.st.stm32cube.common.mx_6.3.0.202107141111\\db\/mcu/
2024-11-03 19:19:35,858 [INFO] DbBoardsPdsc:56 - Set plugin database path to: C:\Users\thuyh\STM32CubeIDE_1.7.0\STM32CubeIDE\plugins\com.st.stm32cube.common.mx_6.3.0.202107141111\\db\/plugins/boardmanager/
2024-11-03 19:19:35,858 [INFO] DbMcus:258 - Set plugin images path to: C:\Users\thuyh\STM32CubeIDE_1.7.0\STM32CubeIDE\plugins\com.st.stm32cube.common.mx_6.3.0.202107141111\\db\/plugins/mcufinder/images/
2024-11-03 19:19:35,859 [INFO] DbBoards:264 - Set plugin images path to: C:\Users\thuyh\STM32CubeIDE_1.7.0\STM32CubeIDE\plugins\com.st.stm32cube.common.mx_6.3.0.202107141111\\db\/plugins/mcufinder/images/
2024-11-03 19:19:35,864 [INFO] DbExamples:333 - Set plugin images path to: C:\Users\thuyh\STM32CubeIDE_1.7.0\STM32CubeIDE\plugins\com.st.stm32cube.common.mx_6.3.0.202107141111\\db\/plugins/mcufinder/images/
2024-11-03 19:19:35,872 [INFO] DbMcusAds:119 - Set database path to: C:\Users\thuyh\.stmcufinder\plugins\mcufinder//mcu/
2024-11-03 19:19:35,874 [INFO] DbMcusDocs:110 - Set database path to: C:\Users\thuyh\.stmcufinder\plugins\mcufinder//mcu/
2024-11-03 19:19:35,877 [INFO] DbMcusJson:64 - Set database path to: C:\Users\thuyh\.stmcufinder\plugins\mcufinder//mcu/
2024-11-03 19:19:35,878 [INFO] DbBoardsDocs:110 - Set database path to: C:\Users\thuyh\.stmcufinder\plugins\mcufinder//mcu/
2024-11-03 19:19:35,880 [INFO] DbBoardsJson:57 - Set database path to: C:\Users\thuyh\.stmcufinder\plugins\mcufinder//mcu/
2024-11-03 19:19:46,965 [INFO] CrossReferenceDbSqlite:196 - Set database path to: C:\Users\thuyh\.stmcufinder\plugins\mcufinder//mcu/cs/
2024-11-03 19:19:46,975 [INFO] DbExamplesSqlite:767 - Set database path to: C:\Users\thuyh\.stmcufinder\plugins\mcufinder//mcu/
2024-11-03 19:19:47,163 [INFO] RulesReader:57 - Compatibility file has been processed (242 Rules)
2024-11-03 19:19:47,404 [INFO] DbMcusXml:74 - Set database path to: C:\Users\thuyh\STM32CubeIDE_1.7.0\STM32CubeIDE\plugins\com.st.stm32cube.common.mx_6.3.0.202107141111\\db\/mcu/
2024-11-03 19:19:47,406 [INFO] DbBoardsPdsc:56 - Set plugin database path to: C:\Users\thuyh\STM32CubeIDE_1.7.0\STM32CubeIDE\plugins\com.st.stm32cube.common.mx_6.3.0.202107141111\\db\/plugins/boardmanager/
2024-11-03 19:19:47,407 [INFO] DbMcus:258 - Set plugin images path to: C:\Users\thuyh\STM32CubeIDE_1.7.0\STM32CubeIDE\plugins\com.st.stm32cube.common.mx_6.3.0.202107141111\\db\/plugins/mcufinder/images/
2024-11-03 19:19:47,408 [INFO] DbBoards:264 - Set plugin images path to: C:\Users\thuyh\STM32CubeIDE_1.7.0\STM32CubeIDE\plugins\com.st.stm32cube.common.mx_6.3.0.202107141111\\db\/plugins/mcufinder/images/
2024-11-03 19:19:47,409 [INFO] DbExamples:333 - Set plugin images path to: C:\Users\thuyh\STM32CubeIDE_1.7.0\STM32CubeIDE\plugins\com.st.stm32cube.common.mx_6.3.0.202107141111\\db\/plugins/mcufinder/images/
2024-11-03 19:19:47,409 [WARN] DbFile:35 - Overriding database path with different value: C:\Users\thuyh\.stmcufinder\plugins\mcufinder/ => C:\Users\thuyh\.stmcufinder\plugins\mcufinder
2024-11-03 19:19:47,410 [INFO] DbMcusAds:119 - Set database path to: C:\Users\thuyh\.stmcufinder\plugins\mcufinder//mcu/
2024-11-03 19:19:47,410 [WARN] DbFile:35 - Overriding database path with different value: C:\Users\thuyh\.stmcufinder\plugins\mcufinder/ => C:\Users\thuyh\.stmcufinder\plugins\mcufinder
2024-11-03 19:19:47,410 [INFO] DbMcusDocs:110 - Set database path to: C:\Users\thuyh\.stmcufinder\plugins\mcufinder//mcu/
2024-11-03 19:19:47,412 [WARN] DbFile:35 - Overriding database path with different value: C:\Users\thuyh\.stmcufinder\plugins\mcufinder/ => C:\Users\thuyh\.stmcufinder\plugins\mcufinder
2024-11-03 19:19:47,414 [INFO] DbMcusJson:64 - Set database path to: C:\Users\thuyh\.stmcufinder\plugins\mcufinder//mcu/
2024-11-03 19:19:47,415 [WARN] DbFile:35 - Overriding database path with different value: C:\Users\thuyh\.stmcufinder\plugins\mcufinder/ => C:\Users\thuyh\.stmcufinder\plugins\mcufinder
2024-11-03 19:19:47,416 [INFO] DbBoardsDocs:110 - Set database path to: C:\Users\thuyh\.stmcufinder\plugins\mcufinder//mcu/
2024-11-03 19:19:47,417 [WARN] DbFile:35 - Overriding database path with different value: C:\Users\thuyh\.stmcufinder\plugins\mcufinder/ => C:\Users\thuyh\.stmcufinder\plugins\mcufinder
2024-11-03 19:19:47,417 [INFO] DbBoardsJson:57 - Set database path to: C:\Users\thuyh\.stmcufinder\plugins\mcufinder//mcu/
2024-11-03 19:19:47,418 [WARN] DbFile:35 - Overriding database path with different value: C:\Users\thuyh\.stmcufinder\plugins\mcufinder/ => C:\Users\thuyh\.stmcufinder\plugins\mcufinder
2024-11-03 19:19:47,418 [WARN] DbFile:35 - Overriding database path with different value: C:\Users\thuyh\.stmcufinder\plugins\mcufinder/ => C:\Users\thuyh\.stmcufinder\plugins\mcufinder
2024-11-03 19:19:47,418 [INFO] CrossReferenceDbSqlite:196 - Set database path to: C:\Users\thuyh\.stmcufinder\plugins\mcufinder//mcu/cs/
2024-11-03 19:19:47,419 [WARN] DbFile:35 - Overriding database path with different value: C:\Users\thuyh\.stmcufinder\plugins\mcufinder/ => C:\Users\thuyh\.stmcufinder\plugins\mcufinder
2024-11-03 19:19:47,419 [INFO] DbExamplesSqlite:767 - Set database path to: C:\Users\thuyh\.stmcufinder\plugins\mcufinder//mcu/
2024-11-03 19:19:47,586 [INFO] MainPanel:214 - HeapMemory: 872415232
2024-11-03 19:19:47,813 [INFO] DbMcusXml:74 - Set database path to: C:\Users\thuyh\STM32CubeIDE_1.7.0\STM32CubeIDE\plugins\com.st.stm32cube.common.mx_6.3.0.202107141111\\db\/mcu/
2024-11-03 19:19:47,813 [INFO] DbBoardsPdsc:56 - Set plugin database path to: C:\Users\thuyh\STM32CubeIDE_1.7.0\STM32CubeIDE\plugins\com.st.stm32cube.common.mx_6.3.0.202107141111\\db\/plugins/boardmanager/
2024-11-03 19:19:47,813 [INFO] DbMcus:258 - Set plugin images path to: C:\Users\thuyh\STM32CubeIDE_1.7.0\STM32CubeIDE\plugins\com.st.stm32cube.common.mx_6.3.0.202107141111\\db\/plugins/mcufinder/images/
2024-11-03 19:19:47,813 [INFO] DbBoards:264 - Set plugin images path to: C:\Users\thuyh\STM32CubeIDE_1.7.0\STM32CubeIDE\plugins\com.st.stm32cube.common.mx_6.3.0.202107141111\\db\/plugins/mcufinder/images/
2024-11-03 19:19:47,814 [INFO] DbExamples:333 - Set plugin images path to: C:\Users\thuyh\STM32CubeIDE_1.7.0\STM32CubeIDE\plugins\com.st.stm32cube.common.mx_6.3.0.202107141111\\db\/plugins/mcufinder/images/
2024-11-03 19:19:47,815 [WARN] DbFile:35 - Overriding database path with different value: C:\Users\thuyh\.stmcufinder\plugins\mcufinder/ => C:\Users\thuyh\.stmcufinder\plugins\mcufinder
2024-11-03 19:19:47,815 [INFO] DbMcusAds:119 - Set database path to: C:\Users\thuyh\.stmcufinder\plugins\mcufinder//mcu/
2024-11-03 19:19:47,815 [WARN] DbFile:35 - Overriding database path with different value: C:\Users\thuyh\.stmcufinder\plugins\mcufinder/ => C:\Users\thuyh\.stmcufinder\plugins\mcufinder
2024-11-03 19:19:47,815 [INFO] DbMcusDocs:110 - Set database path to: C:\Users\thuyh\.stmcufinder\plugins\mcufinder//mcu/
2024-11-03 19:19:47,815 [WARN] DbFile:35 - Overriding database path with different value: C:\Users\thuyh\.stmcufinder\plugins\mcufinder/ => C:\Users\thuyh\.stmcufinder\plugins\mcufinder
2024-11-03 19:19:47,816 [INFO] DbMcusJson:64 - Set database path to: C:\Users\thuyh\.stmcufinder\plugins\mcufinder//mcu/
2024-11-03 19:19:47,816 [WARN] DbFile:35 - Overriding database path with different value: C:\Users\thuyh\.stmcufinder\plugins\mcufinder/ => C:\Users\thuyh\.stmcufinder\plugins\mcufinder
2024-11-03 19:19:47,816 [INFO] DbBoardsDocs:110 - Set database path to: C:\Users\thuyh\.stmcufinder\plugins\mcufinder//mcu/
2024-11-03 19:19:47,816 [WARN] DbFile:35 - Overriding database path with different value: C:\Users\thuyh\.stmcufinder\plugins\mcufinder/ => C:\Users\thuyh\.stmcufinder\plugins\mcufinder
2024-11-03 19:19:47,817 [INFO] DbBoardsJson:57 - Set database path to: C:\Users\thuyh\.stmcufinder\plugins\mcufinder//mcu/
2024-11-03 19:19:47,817 [WARN] DbFile:35 - Overriding database path with different value: C:\Users\thuyh\.stmcufinder\plugins\mcufinder/ => C:\Users\thuyh\.stmcufinder\plugins\mcufinder
2024-11-03 19:19:47,817 [WARN] DbFile:35 - Overriding database path with different value: C:\Users\thuyh\.stmcufinder\plugins\mcufinder/ => C:\Users\thuyh\.stmcufinder\plugins\mcufinder
2024-11-03 19:19:47,817 [INFO] CrossReferenceDbSqlite:196 - Set database path to: C:\Users\thuyh\.stmcufinder\plugins\mcufinder//mcu/cs/
2024-11-03 19:19:47,817 [WARN] DbFile:35 - Overriding database path with different value: C:\Users\thuyh\.stmcufinder\plugins\mcufinder/ => C:\Users\thuyh\.stmcufinder\plugins\mcufinder
2024-11-03 19:19:47,818 [INFO] DbExamplesSqlite:767 - Set database path to: C:\Users\thuyh\.stmcufinder\plugins\mcufinder//mcu/
2024-11-03 19:19:47,851 [INFO] ApplicationProperties:181 - Using Application install path: C:\Users\thuyh\STM32CubeIDE_1.7.0\STM32CubeIDE\plugins\com.st.stm32cube.common.mx_6.3.0.202107141111
2024-11-03 19:19:47,853 [INFO] PluginManage:188 - Search for loadable plugins [exclusion list=, ]
2024-11-03 19:19:47,865 [INFO] PluginManage:302 - Check plugin analytics
2024-11-03 19:19:48,239 [INFO] AnalyticsPlugin:257 - Accepted Software Licenses: 
2024-11-03 19:19:48,240 [INFO] AnalyticsPlugin:259 - Accepted CMSIS Pack Licenses: 
2024-11-03 19:19:48,240 [INFO] AnalyticsPlugin:261 - Accepted Firmware Licenses: 
2024-11-03 19:19:48,242 [INFO] PluginManage:352 - Loaded plugin analytics (category:tool,tabindex:-1)
2024-11-03 19:19:48,243 [INFO] PluginManage:302 - Check plugin clock
2024-11-03 19:19:48,267 [INFO] PluginManage:352 - Loaded plugin clock (category:base,tabindex:2)
2024-11-03 19:19:48,268 [INFO] PluginManage:302 - Check plugin ddr
2024-11-03 19:19:48,275 [INFO] PluginManage:352 - Loaded plugin ddr (category:tool,tabindex:6)
2024-11-03 19:19:48,275 [INFO] PluginManage:302 - Check plugin filemanager
2024-11-03 19:19:48,533 [INFO] PluginManage:352 - Loaded plugin filemanager (category:base,tabindex:10)
2024-11-03 19:19:48,534 [INFO] PluginManage:302 - Check plugin ipmanager
2024-11-03 19:19:48,546 [INFO] PluginManage:352 - Loaded plugin ipmanager (category:base,tabindex:5)
2024-11-03 19:19:48,546 [INFO] PluginManage:302 - Check plugin pinoutandconfiguration
2024-11-03 19:19:48,559 [INFO] PluginManage:352 - Loaded plugin pinoutandconfiguration (category:base,tabindex:1)
2024-11-03 19:19:48,559 [INFO] PluginManage:302 - Check plugin pinoutconfig
2024-11-03 19:19:48,600 [INFO] PluginManage:352 - Loaded plugin pinoutconfig (category:base,tabindex:0)
2024-11-03 19:19:48,600 [INFO] PluginManage:302 - Check plugin power
2024-11-03 19:19:48,617 [INFO] PluginManage:352 - Loaded plugin power (category:power,tabindex:4)
2024-11-03 19:19:48,618 [INFO] PluginManage:302 - Check plugin projectmanager
2024-11-03 19:19:48,672 [INFO] PluginManage:352 - Loaded plugin projectmanager (category:projectmanager,tabindex:3)
2024-11-03 19:19:48,672 [INFO] PluginManage:302 - Check plugin thirdparty
2024-11-03 19:19:48,903 [INFO] PluginManage:352 - Loaded plugin thirdparty (category:base,tabindex:-1)
2024-11-03 19:19:48,904 [WARN] IntegrityCheckThread:78 - waiting for thirdparty lock release [integrity check]
2024-11-03 19:19:48,904 [INFO] PluginManage:302 - Check plugin tools
2024-11-03 19:19:48,906 [INFO] IntegrityCheckThread:80 - entering critical section [integrity check]
2024-11-03 19:19:48,908 [INFO] ThirdPartyUpdaterWithRetryManager:66 - Updater plugin not ready yet. [1/15]
2024-11-03 19:19:48,915 [INFO] PluginManage:352 - Loaded plugin tools (category:base,tabindex:7)
2024-11-03 19:19:48,915 [INFO] PluginManage:302 - Check plugin tutovideos
2024-11-03 19:19:49,367 [INFO] PluginManage:352 - Loaded plugin tutovideos (category:base,tabindex:-1)
2024-11-03 19:19:49,367 [INFO] PluginManage:302 - Check plugin updater
2024-11-03 19:19:49,391 [INFO] PluginManage:352 - Loaded plugin updater (category:base,tabindex:12)
2024-11-03 19:19:49,391 [INFO] PluginManage:275 - PluginManage : Loaded plugins [13]
2024-11-03 19:19:49,694 [INFO] PinOutPanel:1463 - setPackage(No Configuration,No Configuration)
2024-11-03 19:19:49,830 [INFO] IPUIPlugin:74 - create IPUIPlugin
2024-11-03 19:19:49,830 [INFO] PluginManager:213 - loadIPPluginJar : add adc
2024-11-03 19:19:49,833 [INFO] IPUIPlugin:74 - create IPUIPlugin
2024-11-03 19:19:49,834 [INFO] PluginManager:213 - loadIPPluginJar : add aes
2024-11-03 19:19:49,836 [INFO] IPUIPlugin:74 - create IPUIPlugin
2024-11-03 19:19:49,836 [INFO] PluginManager:213 - loadIPPluginJar : add can
2024-11-03 19:19:49,838 [INFO] IPUIPlugin:74 - create IPUIPlugin
2024-11-03 19:19:49,838 [INFO] PluginManager:213 - loadIPPluginJar : add comp
2024-11-03 19:19:49,841 [INFO] IPUIPlugin:74 - create IPUIPlugin
2024-11-03 19:19:49,841 [INFO] PluginManager:213 - loadIPPluginJar : add cryp
2024-11-03 19:19:49,844 [INFO] IPUIPlugin:74 - create IPUIPlugin
2024-11-03 19:19:49,844 [INFO] PluginManager:213 - loadIPPluginJar : add dfsdm
2024-11-03 19:19:49,850 [INFO] IPUIPlugin:74 - create IPUIPlugin
2024-11-03 19:19:49,850 [INFO] PluginManager:213 - loadIPPluginJar : add dma
2024-11-03 19:19:49,854 [INFO] IPUIPlugin:74 - create IPUIPlugin
2024-11-03 19:19:49,854 [INFO] PluginManager:213 - loadIPPluginJar : add dma3
2024-11-03 19:19:49,855 [INFO] IPUIPlugin:74 - create IPUIPlugin
2024-11-03 19:19:49,855 [INFO] PluginManager:213 - loadIPPluginJar : add fatfs
2024-11-03 19:19:49,860 [INFO] IPUIPlugin:74 - create IPUIPlugin
2024-11-03 19:19:49,860 [INFO] PluginManager:213 - loadIPPluginJar : add fmc
2024-11-03 19:19:49,865 [INFO] IPUIPlugin:74 - create IPUIPlugin
2024-11-03 19:19:49,865 [INFO] PluginManager:213 - loadIPPluginJar : add freertos
2024-11-03 19:19:49,867 [INFO] IPUIPlugin:74 - create IPUIPlugin
2024-11-03 19:19:49,867 [INFO] PluginManager:213 - loadIPPluginJar : add genericplugin
2024-11-03 19:19:49,869 [INFO] IPUIPlugin:74 - create IPUIPlugin
2024-11-03 19:19:49,869 [INFO] PluginManager:213 - loadIPPluginJar : add gfxmmu
2024-11-03 19:19:49,876 [INFO] IPUIPlugin:74 - create IPUIPlugin
2024-11-03 19:19:49,876 [INFO] PluginManager:213 - loadIPPluginJar : add gic
2024-11-03 19:19:49,880 [INFO] IPUIPlugin:74 - create IPUIPlugin
2024-11-03 19:19:49,881 [INFO] PluginManager:213 - loadIPPluginJar : add gpio
2024-11-03 19:19:49,884 [INFO] IPUIPlugin:74 - create IPUIPlugin
2024-11-03 19:19:49,884 [INFO] PluginManager:213 - loadIPPluginJar : add gtzc
2024-11-03 19:19:49,886 [INFO] IPUIPlugin:74 - create IPUIPlugin
2024-11-03 19:19:49,886 [INFO] PluginManager:213 - loadIPPluginJar : add hash
2024-11-03 19:19:49,890 [INFO] IPUIPlugin:74 - create IPUIPlugin
2024-11-03 19:19:49,890 [INFO] PluginManager:213 - loadIPPluginJar : add i2c
2024-11-03 19:19:49,894 [INFO] IPUIPlugin:74 - create IPUIPlugin
2024-11-03 19:19:49,894 [INFO] PluginManager:213 - loadIPPluginJar : add i2s
2024-11-03 19:19:49,917 [INFO] IPUIPlugin:74 - create IPUIPlugin
2024-11-03 19:19:49,918 [INFO] PluginManager:213 - loadIPPluginJar : add ipddr
2024-11-03 19:19:49,935 [INFO] IPUIPlugin:74 - create IPUIPlugin
2024-11-03 19:19:49,936 [INFO] PluginManager:213 - loadIPPluginJar : add linkedlist
2024-11-03 19:19:49,940 [INFO] IPUIPlugin:74 - create IPUIPlugin
2024-11-03 19:19:49,940 [INFO] PluginManager:213 - loadIPPluginJar : add lorawan
2024-11-03 19:19:49,944 [INFO] IPUIPlugin:74 - create IPUIPlugin
2024-11-03 19:19:49,945 [INFO] PluginManager:213 - loadIPPluginJar : add ltdc
2024-11-03 19:19:49,951 [INFO] IPUIPlugin:74 - create IPUIPlugin
2024-11-03 19:19:49,951 [INFO] PluginManager:213 - loadIPPluginJar : add mdma
2024-11-03 19:19:49,957 [INFO] IPUIPlugin:74 - create IPUIPlugin
2024-11-03 19:19:49,957 [INFO] PluginManager:213 - loadIPPluginJar : add nvic
2024-11-03 19:19:49,960 [INFO] IPUIPlugin:74 - create IPUIPlugin
2024-11-03 19:19:49,960 [INFO] PluginManager:213 - loadIPPluginJar : add opamp
2024-11-03 19:19:49,964 [INFO] IPUIPlugin:74 - create IPUIPlugin
2024-11-03 19:19:49,964 [INFO] PluginManager:213 - loadIPPluginJar : add openamp
2024-11-03 19:19:49,968 [INFO] IPUIPlugin:74 - create IPUIPlugin
2024-11-03 19:19:49,968 [INFO] PluginManager:213 - loadIPPluginJar : add pdm2pcm
2024-11-03 19:19:49,977 [INFO] IPUIPlugin:74 - create IPUIPlugin
2024-11-03 19:19:49,980 [INFO] PluginManager:213 - loadIPPluginJar : add plateformsettings
2024-11-03 19:19:49,983 [INFO] IPUIPlugin:74 - create IPUIPlugin
2024-11-03 19:19:49,983 [INFO] PluginManager:213 - loadIPPluginJar : add quadspi
2024-11-03 19:19:49,986 [INFO] IPUIPlugin:74 - create IPUIPlugin
2024-11-03 19:19:49,987 [INFO] PluginManager:213 - loadIPPluginJar : add resmgrutility
2024-11-03 19:19:49,991 [INFO] IPUIPlugin:74 - create IPUIPlugin
2024-11-03 19:19:49,991 [INFO] PluginManager:213 - loadIPPluginJar : add sai
2024-11-03 19:19:49,995 [INFO] IPUIPlugin:74 - create IPUIPlugin
2024-11-03 19:19:49,995 [INFO] PluginManager:213 - loadIPPluginJar : add spi
2024-11-03 19:19:49,999 [INFO] IPUIPlugin:74 - create IPUIPlugin
2024-11-03 19:19:49,999 [INFO] PluginManager:213 - loadIPPluginJar : add stm32_wpan
2024-11-03 19:19:50,000 [INFO] IPUIPlugin:74 - create IPUIPlugin
2024-11-03 19:19:50,000 [INFO] PluginManager:213 - loadIPPluginJar : add tim
2024-11-03 19:19:50,005 [INFO] IPUIPlugin:74 - create IPUIPlugin
2024-11-03 19:19:50,005 [INFO] PluginManager:213 - loadIPPluginJar : add touchsensing
2024-11-03 19:19:50,007 [INFO] IPUIPlugin:74 - create IPUIPlugin
2024-11-03 19:19:50,007 [INFO] PluginManager:213 - loadIPPluginJar : add tracer_emb
2024-11-03 19:19:50,009 [INFO] IPUIPlugin:74 - create IPUIPlugin
2024-11-03 19:19:50,009 [INFO] PluginManager:213 - loadIPPluginJar : add ts
2024-11-03 19:19:50,010 [INFO] IPUIPlugin:74 - create IPUIPlugin
2024-11-03 19:19:50,010 [INFO] PluginManager:213 - loadIPPluginJar : add tsc
2024-11-03 19:19:50,012 [INFO] IPUIPlugin:74 - create IPUIPlugin
2024-11-03 19:19:50,012 [INFO] PluginManager:213 - loadIPPluginJar : add ucpd
2024-11-03 19:19:50,017 [INFO] IPUIPlugin:74 - create IPUIPlugin
2024-11-03 19:19:50,017 [INFO] PluginManager:213 - loadIPPluginJar : add usart
2024-11-03 19:19:50,020 [INFO] IPUIPlugin:74 - create IPUIPlugin
2024-11-03 19:19:50,020 [INFO] PluginManager:213 - loadIPPluginJar : add usbx
2024-11-03 19:19:50,516 [FATAL] Updater:294 - Updater called before beeing initialized
2024-11-03 19:19:50,744 [FATAL] Updater:294 - Updater called before beeing initialized
2024-11-03 19:19:50,751 [INFO] DbMcusAds:47 - JSON generation date=Fri Sep 20 20:04:38 ICT 2024 (1726837478367)
2024-11-03 19:19:50,751 [FATAL] Updater:294 - Updater called before beeing initialized
2024-11-03 19:19:50,815 [WARN] DetailPanel:314 - Failed to get advertising image, set to default
2024-11-03 19:19:51,009 [FATAL] Updater:294 - Updater called before beeing initialized
2024-11-03 19:19:51,012 [FATAL] Updater:294 - Updater called before beeing initialized
2024-11-03 19:19:51,013 [FATAL] Updater:294 - Updater called before beeing initialized
2024-11-03 19:19:51,013 [WARN] DetailPanel:314 - Failed to get advertising image, set to default
2024-11-03 19:19:51,016 [FATAL] Updater:294 - Updater called before beeing initialized
2024-11-03 19:19:51,130 [ERROR] Updater:1075 - MainUpdater not yet initialized. External WinMGr cannot be set.
2024-11-03 19:19:51,133 [INFO] Updater:1012 - Updater Version found : 6.3.0
2024-11-03 19:19:51,167 [INFO] ApplicationProperties:181 - Using Application install path: C:\Users\thuyh\STM32CubeIDE_1.7.0\STM32CubeIDE\plugins\com.st.stm32cube.common.mx_6.3.0.202107141111
2024-11-03 19:19:51,599 [INFO] MainUpdater:2671 - connection check result : 10
2024-11-03 19:19:51,600 [INFO] MainUpdater:265 - Updater Check For Update Now.
2024-11-03 19:19:51,601 [INFO] MicroXplorer:478 - Change Database Version : DB.6.0.30
2024-11-03 19:19:51,837 [INFO] CheckServerUpdateThread:112 - End of CheckServer Thread
2024-11-03 19:19:52,154 [INFO] MainUpdater:2671 - connection check result : 10
2024-11-03 19:19:52,156 [INFO] MainUpdater:2671 - connection check result : 10
2024-11-03 19:19:52,210 [ERROR] Engine:463 - C:\Users\thuyh\.stm32cubemx\thirdparties\pdsc\STMicroelectronics.FP-SNS-MOTENVWB1.1.4.0.pdsc: PDSC version is not supported
2024-11-03 19:19:52,222 [ERROR] Engine:463 - C:\Users\thuyh\.stm32cubemx\thirdparties\pdsc\STMicroelectronics.X-CUBE-SMBUS.2.1.0.pdsc: PDSC version is not supported
2024-11-03 19:19:52,296 [WARN] PackLoader:238 - Cannot read IP mode file for STMicroelectronics.X-CUBE-WB05N.1.1.0
2024-11-03 19:19:52,344 [INFO] MicroXplorer:448 - Change Database Path : 
2024-11-03 19:19:52,347 [INFO] MicroXplorer:478 - Change Database Version : DB.6.0.30
2024-11-03 19:19:52,349 [WARN] ThirdParty:813 - waiting for thirdparty lock release [close project]
2024-11-03 19:19:52,444 [WARN] PackLoader:238 - Cannot read IP mode file for STMicroelectronics.X-CUBE-AZRTOS-F7.1.1.0
2024-11-03 19:19:52,680 [WARN] PackLoader:238 - Cannot read IP mode file for STMicroelectronics.X-CUBE-MEMS1.11.0.0
2024-11-03 19:19:53,316 [ERROR] Engine:463 - C:\Users\thuyh\.stm32cubemx\thirdparties\pdsc\STMicroelectronics.FP-SNS-FLIGHT1.5.0.2.pdsc: PDSC version is not supported
2024-11-03 19:19:53,322 [ERROR] Engine:463 - C:\Users\thuyh\.stm32cubemx\thirdparties\pdsc\STMicroelectronics.X-CUBE-DISPLAY.3.0.0.pdsc: PDSC version is not supported
2024-11-03 19:19:53,330 [WARN] PackLoader:238 - Cannot read IP mode file for STMicroelectronics.X-CUBE-BLE1.7.0.0
2024-11-03 19:19:53,348 [WARN] PackLoader:238 - Cannot read IP mode file for STMicroelectronics.X-CUBE-NFC10.1.0.0
2024-11-03 19:19:53,359 [ERROR] Engine:463 - C:\Users\thuyh\.stm32cubemx\thirdparties\pdsc\emotas.I-CUBE-CANOPEN.1.3.0.pdsc: PDSC version is not supported
2024-11-03 19:19:53,367 [ERROR] Engine:463 - C:\Users\thuyh\.stm32cubemx\thirdparties\pdsc\STMicroelectronics.X-CUBE-BLEMGR.3.1.0.pdsc: PDSC version is not supported
2024-11-03 19:19:53,374 [ERROR] Engine:463 - C:\Users\thuyh\.stm32cubemx\thirdparties\pdsc\STMicroelectronics.FP-SNS-SMARTAG2.1.2.0.pdsc: PDSC version is not supported
2024-11-03 19:19:53,407 [INFO] LogOutputStream:76 - [STDOUT_REDIRECT] 1 : Invalid condition id : UX_CORESTACK_Condition cause : null
2024-11-03 19:19:53,410 [INFO] LogOutputStream:76 - [STDOUT_REDIRECT] 1 : Invalid condition id : UX_CORESTACK_Condition cause : null
2024-11-03 19:19:53,414 [INFO] LogOutputStream:76 - [STDOUT_REDIRECT] 1 : Invalid condition id : UX_CORESTACK_Condition cause : null
2024-11-03 19:19:53,416 [INFO] LogOutputStream:76 - [STDOUT_REDIRECT] 1 : Invalid condition id : UX_CORESTACK_Condition cause : null
2024-11-03 19:19:53,418 [INFO] LogOutputStream:76 - [STDOUT_REDIRECT] 1 : Invalid condition id : UX_CORESTACK_Condition cause : null
2024-11-03 19:19:53,427 [WARN] PackLoader:238 - Cannot read IP mode file for STMicroelectronics.X-CUBE-AZRTOS-WL.2.0.0
2024-11-03 19:19:53,434 [ERROR] Engine:463 - C:\Users\thuyh\.stm32cubemx\thirdparties\pdsc\STMicroelectronics.FP-SNS-MOTENV1.5.0.0.pdsc: PDSC version is not supported
2024-11-03 19:19:53,442 [WARN] PackLoader:238 - Cannot read IP mode file for wolfSSL.I-CUBE-wolfMQTT.1.19.0
2024-11-03 19:19:53,458 [WARN] PackLoader:238 - Cannot read IP mode file for WES.I-CUBE-Cesium.1.3.0
2024-11-03 19:19:53,469 [WARN] PackLoader:238 - Cannot read IP mode file for STMicroelectronics.X-CUBE-BLE2.3.3.0
2024-11-03 19:19:53,482 [WARN] PackLoader:238 - Cannot read IP mode file for STMicroelectronics.X-CUBE-NFC9.1.0.0
2024-11-03 19:19:53,495 [ERROR] Engine:463 - C:\Users\thuyh\.stm32cubemx\thirdparties\pdsc\STMicroelectronics.X-CUBE-TCPP.4.1.0.pdsc: PDSC version is not supported
2024-11-03 19:19:53,563 [WARN] PackLoader:238 - Cannot read IP mode file for STMicroelectronics.X-CUBE-AZRTOS-G0.1.1.0
2024-11-03 19:19:53,591 [WARN] PackLoader:238 - Cannot read IP mode file for STMicroelectronics.X-CUBE-SAFEA1.1.2.2
2024-11-03 19:19:53,608 [WARN] PackLoader:238 - Cannot read IP mode file for STMicroelectronics.X-CUBE-NFC4.3.0.0
2024-11-03 19:19:53,619 [ERROR] Engine:463 - C:\Users\thuyh\.stm32cubemx\thirdparties\pdsc\EmbeddedOffice.I-CUBE-FS-RTOS.1.0.1.pdsc: PDSC version is not supported
2024-11-03 19:19:53,625 [ERROR] Engine:463 - C:\Users\thuyh\.stm32cubemx\thirdparties\pdsc\RealThread.X-CUBE-RT-Thread_Nano.4.1.1.pdsc: PDSC version is not supported
2024-11-03 19:19:53,634 [WARN] PackLoader:238 - Cannot read IP mode file for STMicroelectronics.FP-ATR-SIGFOX1.3.2.0
2024-11-03 19:19:53,645 [WARN] PackLoader:238 - Cannot read IP mode file for wolfSSL.I-CUBE-wolfSSL.5.7.2
2024-11-03 19:19:53,662 [WARN] PackLoader:238 - Cannot read IP mode file for STMicroelectronics.X-CUBE-EEPRMA1.5.1.0
2024-11-03 19:19:53,675 [ERROR] Engine:463 - C:\Users\thuyh\.stm32cubemx\thirdparties\pdsc\ITTIA_DB.I-CUBE-ITTIADB.8.9.0.pdsc: PDSC version is not supported
2024-11-03 19:19:53,797 [WARN] PackLoader:238 - Cannot read IP mode file for SEGGER.I-CUBE-embOS.1.3.1
2024-11-03 19:19:53,935 [WARN] PackLoader:238 - Cannot read IP mode file for STMicroelectronics.X-CUBE-ALGOBUILD.1.4.0
2024-11-03 19:19:53,947 [WARN] PackLoader:238 - Cannot read IP mode file for STMicroelectronics.X-CUBE-AI.9.1.0
2024-11-03 19:19:53,960 [WARN] PackLoader:238 - Cannot read IP mode file for STMicroelectronics.X-CUBE-GNSS1.6.0.0
2024-11-03 19:19:54,004 [WARN] PackLoader:238 - Cannot read IP mode file for STMicroelectronics.X-CUBE-AZRTOS-F4.1.1.0
2024-11-03 19:19:54,029 [WARN] PackLoader:238 - Cannot read IP mode file for STMicroelectronics.X-CUBE-ISPU.2.1.0
2024-11-03 19:19:54,038 [ERROR] Engine:463 - C:\Users\thuyh\.stm32cubemx\thirdparties\pdsc\STMicroelectronics.X-CUBE-FREERTOS.1.2.0.pdsc: PDSC version is not supported
2024-11-03 19:19:54,150 [WARN] PackLoader:238 - Cannot read IP mode file for STMicroelectronics.X-CUBE-AZRTOS-L5.2.0.0
2024-11-03 19:19:54,173 [WARN] PackLoader:238 - Cannot read IP mode file for STMicroelectronics.X-CUBE-NFC6.3.1.0
2024-11-03 19:19:54,183 [ERROR] Engine:463 - C:\Users\thuyh\.stm32cubemx\thirdparties\pdsc\STMicroelectronics.X-CUBE-DPower.1.2.0.pdsc: PDSC version is not supported
2024-11-03 19:19:54,189 [WARN] PackLoader:238 - Cannot read IP mode file for STMicroelectronics.X-CUBE-AI.9.0.0
2024-11-03 19:19:54,199 [WARN] PackLoader:238 - Cannot read IP mode file for STMicroelectronics.X-CUBE-NFC7.1.0.1
2024-11-03 19:19:54,271 [WARN] ConditionMgr:437 - getConditionDescription Invalid condition id : LAN8742 Phy interface Condition cause : null
2024-11-03 19:19:54,273 [WARN] PackLoader:238 - Cannot read IP mode file for STMicroelectronics.X-CUBE-AZRTOS-L4.2.0.0
2024-11-03 19:19:54,279 [WARN] ConditionMgr:1038 - genDependencies : Invalid condition id : LAN8742 Phy interface Condition cause : null
2024-11-03 19:19:54,280 [WARN] ConditionMgr:1038 - genDependencies : Invalid condition id : LAN8742 Phy interface Condition cause : null
2024-11-03 19:19:54,282 [WARN] ConditionMgr:1038 - genDependencies : Invalid condition id : LAN8742 Phy interface Condition cause : null
2024-11-03 19:19:54,294 [WARN] PackLoader:238 - Cannot read IP mode file for STMicroelectronics.X-CUBE-SFXS2LP1.4.0.0
2024-11-03 19:19:54,385 [WARN] PackLoader:238 - Cannot read IP mode file for STMicroelectronics.X-CUBE-AZRTOS-H7.3.3.0
2024-11-03 19:19:54,405 [ERROR] Engine:463 - C:\Users\thuyh\.stm32cubemx\thirdparties\pdsc\STMicroelectronics.X-CUBE-IPS.3.0.0.pdsc: PDSC version is not supported
2024-11-03 19:19:54,438 [WARN] ConditionMgr:437 - getConditionDescription Invalid condition id : UX DEVICE CLASS RTOS Condition cause : null
2024-11-03 19:19:54,438 [WARN] ConditionMgr:437 - getConditionDescription Invalid condition id : UX DEVICE CLASS RTOS Condition cause : null
2024-11-03 19:19:54,444 [WARN] PackLoader:238 - Cannot read IP mode file for STMicroelectronics.X-CUBE-AZRTOS-WB.2.0.0
2024-11-03 19:19:54,446 [WARN] ConditionMgr:1038 - genDependencies : Invalid condition id : UX DEVICE CLASS RTOS Condition cause : null
2024-11-03 19:19:54,446 [WARN] ConditionMgr:1038 - genDependencies : Invalid condition id : UX DEVICE CLASS RTOS Condition cause : null
2024-11-03 19:19:54,448 [WARN] ConditionMgr:1038 - genDependencies : Invalid condition id : UX DEVICE CLASS RTOS Condition cause : null
2024-11-03 19:19:54,449 [WARN] ConditionMgr:1038 - genDependencies : Invalid condition id : UX DEVICE CLASS RTOS Condition cause : null
2024-11-03 19:19:54,449 [WARN] ConditionMgr:1038 - genDependencies : Invalid condition id : UX DEVICE CLASS RTOS Condition cause : null
2024-11-03 19:19:54,460 [WARN] PackLoader:238 - Cannot read IP mode file for STMicroelectronics.X-CUBE-GNSS1.7.0.0
2024-11-03 19:19:54,467 [ERROR] Engine:463 - C:\Users\thuyh\.stm32cubemx\thirdparties\pdsc\STMicroelectronics.FP-SNS-STBOX1.2.0.0.pdsc: PDSC version is not supported
2024-11-03 19:19:54,488 [WARN] PackLoader:238 - Cannot read IP mode file for STMicroelectronics.X-CUBE-SUBG2.5.0.0
2024-11-03 19:19:54,504 [ERROR] Engine:463 - C:\Users\thuyh\.stm32cubemx\thirdparties\pdsc\Cesanta.I-CUBE-Mongoose.7.13.0.pdsc: PDSC version is not supported
2024-11-03 19:19:54,559 [WARN] PackLoader:238 - Cannot read IP mode file for STMicroelectronics.X-CUBE-AZRTOS-G4.2.0.0
2024-11-03 19:19:54,603 [WARN] PackLoader:238 - Cannot read IP mode file for STMicroelectronics.X-CUBE-ISPU.2.0.0
2024-11-03 19:19:54,609 [ERROR] Engine:463 - C:\Users\thuyh\.stm32cubemx\thirdparties\pdsc\STMicroelectronics.X-CUBE-ALS.1.0.2.pdsc: PDSC version is not supported
2024-11-03 19:19:54,616 [WARN] PackLoader:238 - Cannot read IP mode file for STMicroelectronics.X-CUBE-TOUCHGFX.4.24.0
2024-11-03 19:19:54,619 [WARN] PackLoader:238 - Cannot read IP mode file for STMicroelectronics.X-CUBE-TOUCHGFX.4.24.1
2024-11-03 19:19:54,626 [WARN] PackLoader:238 - Cannot read IP mode file for wolfSSL.I-CUBE-wolfTPM.3.4.0
2024-11-03 19:19:54,634 [WARN] PackLoader:238 - Cannot read IP mode file for portGmbH.I-Cube-SoM-uGOAL.1.1.0
2024-11-03 19:19:54,676 [WARN] PackLoader:238 - Cannot read IP mode file for STMicroelectronics.X-CUBE-AZRTOS-H7RS.1.0.0
2024-11-03 19:19:54,688 [WARN] PackLoader:238 - Cannot read IP mode file for STMicroelectronics.FP-ATR-ASTRA1.2.0.0
2024-11-03 19:19:54,706 [ERROR] Engine:463 - C:\Users\thuyh\.stm32cubemx\thirdparties\pdsc\STMicroelectronics.X-CUBE-TOF1.3.4.2.pdsc: PDSC version is not supported
2024-11-03 19:19:54,717 [ERROR] Engine:463 - C:\Users\thuyh\.stm32cubemx\thirdparties\pdsc\Infineon.AIROC-Wi-Fi-Bluetooth-STM32.1.6.1.pdsc: PDSC version is not supported
2024-11-03 19:19:54,723 [WARN] PackLoader:238 - Cannot read IP mode file for wolfSSL.I-CUBE-wolfSSH.1.4.17
2024-11-03 19:19:54,723 [INFO] ThirdParty:915 - Integrity check success = true
2024-11-03 19:19:54,723 [INFO] IntegrityCheckThread:94 - exiting critical section [integrity check]
2024-11-03 19:19:54,724 [INFO] IntegrityCheckThread:97 - End integrity checks thread
2024-11-03 19:19:54,724 [INFO] ThirdParty:815 - entering critical section [close project]
2024-11-03 19:19:54,726 [INFO] ThirdParty:825 - exiting critical section [close project]
2024-11-03 19:19:54,737 [INFO] PinOutPanel:1463 - setPackage(No Configuration,No Configuration)
2024-11-03 19:19:54,738 [INFO] UtilMem:74 - Begin LoadConfig() Used Memory: 835500200 Bytes (872415232)
2024-11-03 19:19:54,740 [INFO] MicroXplorer:448 - Change Database Path : 
2024-11-03 19:19:54,740 [INFO] MicroXplorer:478 - Change Database Version : DB.6.0.30
2024-11-03 19:19:54,740 [INFO] OpenFileManager:313 - Change cursor
2024-11-03 19:19:56,423 [INFO] Context:592 - Trying to add GPIOservice into a context  which must be forbidden
2024-11-03 19:19:57,057 [WARN] ApiManager:304 - Cannot register API 'Board Extension:NFC09A1' from pack STMicroelectronics.X-CUBE-NFC9.1.0.0: no header file found
2024-11-03 19:19:57,061 [WARN] ApiManager:304 - Cannot register API 'Board Extension:GNSS1A1' from pack STMicroelectronics.X-CUBE-GNSS1.6.0.0: no header file found
2024-11-03 19:19:57,061 [WARN] ApiManager:304 - Cannot register API 'Board Support:Custom' from pack STMicroelectronics.X-CUBE-GNSS1.6.0.0: no header file found
2024-11-03 19:19:57,061 [WARN] ApiManager:304 - Cannot register API 'Data Exchange:lib_gnss' from pack STMicroelectronics.X-CUBE-GNSS1.6.0.0: no header file found
2024-11-03 19:19:57,073 [WARN] ApiManager:304 - Cannot register API 'Wireless:STM32WB05N' from pack STMicroelectronics.X-CUBE-WB05N.1.1.0: no header file found
2024-11-03 19:19:57,084 [WARN] ApiManager:304 - Cannot register API 'Board Extension:GNSS1A1' from pack STMicroelectronics.X-CUBE-GNSS1.7.0.0: no header file found
2024-11-03 19:19:57,085 [WARN] ApiManager:304 - Cannot register API 'Board Support:Custom' from pack STMicroelectronics.X-CUBE-GNSS1.7.0.0: no header file found
2024-11-03 19:19:57,085 [WARN] ApiManager:304 - Cannot register API 'Data Exchange:lib_gnss' from pack STMicroelectronics.X-CUBE-GNSS1.7.0.0: no header file found
2024-11-03 19:19:57,101 [WARN] ApiManager:304 - Cannot register API 'Board Extension:NFC06A1' from pack STMicroelectronics.X-CUBE-NFC6.3.1.0: no header file found
2024-11-03 19:19:57,102 [WARN] ApiManager:304 - Cannot register API 'Board Extension:NFC08A1' from pack STMicroelectronics.X-CUBE-NFC6.3.1.0: no header file found
2024-11-03 19:19:57,836 [WARN] ApiManager:304 - Cannot register API 'Board Extension:IKS01A3' from pack STMicroelectronics.X-CUBE-MEMS1.11.0.0: no header file found
2024-11-03 19:19:57,836 [WARN] ApiManager:304 - Cannot register API 'Board Extension:IKS02A1' from pack STMicroelectronics.X-CUBE-MEMS1.11.0.0: no header file found
2024-11-03 19:19:57,836 [WARN] ApiManager:304 - Cannot register API 'Board Extension:IKS4A1' from pack STMicroelectronics.X-CUBE-MEMS1.11.0.0: no header file found
2024-11-03 19:19:57,855 [INFO] RtosManager:484 - Registered RTOS mode: class=CMSIS, group=RTOS, mode=CMSIS_V1, owner=FREERTOS
2024-11-03 19:19:57,855 [INFO] RtosManager:484 - Registered RTOS mode: class=CMSIS, group=RTOS2, mode=CMSIS_V2, owner=FREERTOS
2024-11-03 19:19:57,855 [INFO] RtosManager:484 - Registered RTOS mode: class=RTOS, group=Core, mode=CMSIS_V1, owner=FREERTOS
2024-11-03 19:19:57,856 [INFO] RtosManager:484 - Registered RTOS mode: class=RTOS, group=Core, mode=CMSIS_V2, owner=FREERTOS
2024-11-03 19:19:57,856 [WARN] ModelIntegratedComponent:181 - Missing modes for component STMicroelectronics:FreeRTOS:0.0.1:STMicroelectronics:RTOS:FreeRTOS:Core:::10.2.0:
2024-11-03 19:19:57,859 [WARN] ApiManager:304 - Cannot register API 'Board Extension:STSAFEA1' from pack STMicroelectronics.X-CUBE-SAFEA1.1.2.2: no header file found
2024-11-03 19:19:57,860 [WARN] ApiManager:304 - Cannot register API 'Board Part:STSAFEA110' from pack STMicroelectronics.X-CUBE-SAFEA1.1.2.2: no header file found
2024-11-03 19:19:57,860 [WARN] ApiManager:304 - Cannot register API 'Security:ST_Cryptolib' from pack STMicroelectronics.X-CUBE-SAFEA1.1.2.2: no header file found
2024-11-03 19:19:57,860 [WARN] ApiManager:304 - Cannot register API 'Security:MbedTLS' from pack STMicroelectronics.X-CUBE-SAFEA1.1.2.2: no header file found
2024-11-03 19:19:57,861 [WARN] ApiManager:304 - Cannot register API 'Board Extension:NFC04A1' from pack STMicroelectronics.X-CUBE-NFC4.3.0.0: no header file found
2024-11-03 19:19:57,869 [WARN] ApiManager:304 - Cannot register API 'Board Extension:S2868A1' from pack STMicroelectronics.X-CUBE-SUBG2.5.0.0: no header file found
2024-11-03 19:19:57,869 [WARN] ApiManager:304 - Cannot register API 'Board Extension:S2868A2' from pack STMicroelectronics.X-CUBE-SUBG2.5.0.0: no header file found
2024-11-03 19:19:57,869 [WARN] ApiManager:304 - Cannot register API 'Board Extension:S2915A1' from pack STMicroelectronics.X-CUBE-SUBG2.5.0.0: no header file found
2024-11-03 19:19:57,874 [WARN] ApiManager:304 - Cannot register API 'Wireless:BlueNRG-MS' from pack STMicroelectronics.X-CUBE-BLE1.7.0.0: no header file found
2024-11-03 19:19:57,876 [WARN] ApiManager:304 - Cannot register API 'Board Extension:NFC10A1' from pack STMicroelectronics.X-CUBE-NFC10.1.0.0: no header file found
2024-11-03 19:19:57,879 [WARN] ApiManager:304 - Cannot register API 'Board Extension:EEPRMA2' from pack STMicroelectronics.X-CUBE-EEPRMA1.5.1.0: no header file found
2024-11-03 19:19:57,879 [WARN] ApiManager:304 - Cannot register API 'Board Extension:PGEEZ1' from pack STMicroelectronics.X-CUBE-EEPRMA1.5.1.0: no header file found
2024-11-03 19:19:57,880 [WARN] ApiManager:304 - Cannot register API 'Board Extension:EEICA1' from pack STMicroelectronics.X-CUBE-EEPRMA1.5.1.0: no header file found
2024-11-03 19:19:57,880 [WARN] ApiManager:304 - Cannot register API 'Board Part:M24' from pack STMicroelectronics.X-CUBE-EEPRMA1.5.1.0: no header file found
2024-11-03 19:19:57,880 [WARN] ApiManager:304 - Cannot register API 'Board Part:M95' from pack STMicroelectronics.X-CUBE-EEPRMA1.5.1.0: no header file found
2024-11-03 19:19:57,880 [WARN] ApiManager:304 - Cannot register API 'Board Part:M95P32' from pack STMicroelectronics.X-CUBE-EEPRMA1.5.1.0: no header file found
2024-11-03 19:19:57,880 [WARN] ApiManager:304 - Cannot register API 'Board Part:M24256E-F' from pack STMicroelectronics.X-CUBE-EEPRMA1.5.1.0: no header file found
2024-11-03 19:19:57,880 [WARN] ApiManager:304 - Cannot register API 'Board Part:M24M01E-F' from pack STMicroelectronics.X-CUBE-EEPRMA1.5.1.0: no header file found
2024-11-03 19:19:57,880 [WARN] ApiManager:304 - Cannot register API 'PGEEZ1:SPI' from pack STMicroelectronics.X-CUBE-EEPRMA1.5.1.0: no header file found
2024-11-03 19:19:57,881 [WARN] ApiManager:304 - Cannot register API 'PGEEZ1:QDSPI' from pack STMicroelectronics.X-CUBE-EEPRMA1.5.1.0: no header file found
2024-11-03 19:19:57,885 [WARN] ModelIntegratedComponent:60 - No mode defined for component null
2024-11-03 19:19:57,885 [WARN] ModelIntegratedComponent:60 - No mode defined for component null
2024-11-03 19:19:57,885 [WARN] ModelIntegratedComponent:60 - No mode defined for component null
2024-11-03 19:19:57,886 [WARN] ModelIntegratedComponent:60 - No mode defined for component null
2024-11-03 19:19:57,886 [WARN] ModelIntegratedComponent:60 - No mode defined for component null
2024-11-03 19:19:57,886 [WARN] ModelIntegratedComponent:60 - No mode defined for component null
2024-11-03 19:19:57,886 [WARN] ModelIntegratedComponent:60 - No mode defined for component null
2024-11-03 19:19:57,886 [WARN] ModelIntegratedComponent:60 - No mode defined for component null
2024-11-03 19:19:57,886 [WARN] ModelIntegratedComponent:60 - No mode defined for component null
2024-11-03 19:19:57,886 [WARN] ModelIntegratedComponent:60 - No mode defined for component null
2024-11-03 19:19:57,887 [WARN] ModelIntegratedComponent:60 - No mode defined for component null
2024-11-03 19:19:57,887 [WARN] ModelIntegratedComponent:60 - No mode defined for component null
2024-11-03 19:19:57,887 [WARN] ModelIntegratedComponent:60 - No mode defined for component null
2024-11-03 19:19:57,887 [WARN] ModelIntegratedComponent:60 - No mode defined for component null
2024-11-03 19:19:57,888 [WARN] ModelIntegratedComponent:60 - No mode defined for component null
2024-11-03 19:19:57,888 [WARN] ModelIntegratedComponent:60 - No mode defined for component null
2024-11-03 19:19:57,888 [WARN] ModelIntegratedComponent:60 - No mode defined for component null
2024-11-03 19:19:57,888 [WARN] ModelIntegratedComponent:60 - No mode defined for component null
2024-11-03 19:19:57,888 [WARN] ModelIntegratedComponent:60 - No mode defined for component null
2024-11-03 19:19:57,888 [WARN] ModelIntegratedComponent:60 - No mode defined for component null
2024-11-03 19:19:57,888 [WARN] ModelIntegratedComponent:60 - No mode defined for component null
2024-11-03 19:19:57,888 [WARN] ModelIntegratedComponent:60 - No mode defined for component null
2024-11-03 19:19:57,889 [WARN] ModelIntegratedComponent:60 - No mode defined for component null
2024-11-03 19:19:57,889 [WARN] ModelIntegratedComponent:60 - No mode defined for component null
2024-11-03 19:19:57,889 [WARN] ModelIntegratedComponent:60 - No mode defined for component null
2024-11-03 19:19:57,889 [WARN] ModelIntegratedComponent:60 - No mode defined for component null
2024-11-03 19:19:57,889 [WARN] ModelIntegratedComponent:60 - No mode defined for component null
2024-11-03 19:19:57,889 [WARN] ModelIntegratedComponent:60 - No mode defined for component null
2024-11-03 19:19:57,889 [WARN] ModelIntegratedComponent:60 - No mode defined for component null
2024-11-03 19:19:57,890 [WARN] ModelIntegratedComponent:60 - No mode defined for component null
2024-11-03 19:19:57,890 [WARN] ModelIntegratedComponent:60 - No mode defined for component null
2024-11-03 19:19:57,891 [WARN] ApiManager:304 - Cannot register API 'Board Extension:NFC07A1' from pack STMicroelectronics.X-CUBE-NFC7.1.0.1: no header file found
2024-11-03 19:19:57,912 [WARN] ApiManager:304 - Cannot register API 'Board Extension:S2868A1' from pack STMicroelectronics.X-CUBE-SFXS2LP1.4.0.0: no header file found
2024-11-03 19:19:57,912 [WARN] ApiManager:304 - Cannot register API 'Board Extension:S2868A2' from pack STMicroelectronics.X-CUBE-SFXS2LP1.4.0.0: no header file found
2024-11-03 19:19:57,912 [WARN] ApiManager:304 - Cannot register API 'Board Extension:S2915A1' from pack STMicroelectronics.X-CUBE-SFXS2LP1.4.0.0: no header file found
2024-11-03 19:19:57,915 [WARN] ApiManager:304 - Cannot register API 'Wireless:BlueNRG-2' from pack STMicroelectronics.X-CUBE-BLE2.3.3.0: no header file found
2024-11-03 19:20:03,386 [INFO] UtilMem:74 - End LoadConfig() Used Memory: 796018144 Bytes (872415232)
2024-11-03 19:20:03,391 [INFO] DbMcusXml:100 - Load MCU database from C:\Users\thuyh\STM32CubeIDE_1.7.0\STM32CubeIDE\plugins\com.st.stm32cube.common.mx_6.3.0.202107141111\\db\/mcu/families.xml
2024-11-03 19:20:08,232 [INFO] DbMcusJson:93 - JSON generation date=Tue Nov 16 23:17:54 ICT 2021 (1637079474)
2024-11-03 19:20:09,911 [INFO] DbMcus:175 - Found 1951 MCUs (1903 are supported by CubeMX, 1914 are visible in CubeMX)
2024-11-03 19:20:09,912 [INFO] ApiDb:251 - Load user favorites file C:\Users\thuyh/.stm32cubeide/favorites.mcus.txt: 0 item(s)
2024-11-03 19:20:09,912 [INFO] ApiDb:255 - User favorites MCUs=[]
2024-11-03 19:20:09,912 [INFO] DbMcus:187 - Set 0 / 0 favorites MCUs
2024-11-03 19:20:09,920 [WARN] ThirdParty:779 - waiting for thirdparty lock release [change project]
2024-11-03 19:20:09,920 [INFO] ThirdParty:781 - entering critical section [change project]
2024-11-03 19:20:09,920 [INFO] ThirdParty:967 - CMSIS Pack Vendor :STMicroelectronics X-CUBE-AZRTOS-H7 3.3.0
2024-11-03 19:20:09,921 [INFO] ThirdParty:967 - CMSIS Pack Vendor :STMicroelectronics X-CUBE-NFC9 1.0.0
2024-11-03 19:20:09,921 [INFO] ThirdParty:967 - CMSIS Pack Vendor :STMicroelectronics X-CUBE-GNSS1 6.0.0
2024-11-03 19:20:09,921 [INFO] ThirdParty:967 - CMSIS Pack Vendor :STMicroelectronics USB_HOST 2.0.0
2024-11-03 19:20:09,921 [INFO] ThirdParty:967 - CMSIS Pack Vendor :STMicroelectronics X-CUBE-AZRTOS-F4 1.1.0
2024-11-03 19:20:09,921 [INFO] ThirdParty:967 - CMSIS Pack Vendor :STMicroelectronics X-CUBE-WB05N 1.1.0
2024-11-03 19:20:09,921 [INFO] ThirdParty:967 - CMSIS Pack Vendor :STMicroelectronics USB_DEVICE 3.0.0
2024-11-03 19:20:09,921 [INFO] ThirdParty:967 - CMSIS Pack Vendor :STMicroelectronics X-CUBE-ISPU 2.1.0
2024-11-03 19:20:09,921 [INFO] ThirdParty:967 - CMSIS Pack Vendor :STMicroelectronics X-CUBE-AZRTOS-WB 2.0.0
2024-11-03 19:20:09,921 [INFO] ThirdParty:967 - CMSIS Pack Vendor :STMicroelectronics X-CUBE-GNSS1 7.0.0
2024-11-03 19:20:09,922 [INFO] ThirdParty:967 - CMSIS Pack Vendor :STMicroelectronics X-CUBE-AZRTOS-F7 1.1.0
2024-11-03 19:20:09,922 [INFO] ThirdParty:967 - CMSIS Pack Vendor :STMicroelectronics X-CUBE-AZRTOS-L5 2.0.0
2024-11-03 19:20:09,922 [INFO] ThirdParty:967 - CMSIS Pack Vendor :STMicroelectronics USB_DEVICE 2.0.0
2024-11-03 19:20:09,922 [INFO] ThirdParty:967 - CMSIS Pack Vendor :STMicroelectronics X-CUBE-NFC6 3.1.0
2024-11-03 19:20:09,922 [INFO] ThirdParty:967 - CMSIS Pack Vendor :STMicroelectronics X-CUBE-MEMS1 11.0.0
2024-11-03 19:20:09,923 [INFO] ThirdParty:967 - CMSIS Pack Vendor :STMicroelectronics FreeRTOS 0.0.1
2024-11-03 19:20:09,924 [INFO] ThirdParty:967 - CMSIS Pack Vendor :STMicroelectronics X-CUBE-AZRTOS-G0 1.1.0
2024-11-03 19:20:09,924 [INFO] ThirdParty:967 - CMSIS Pack Vendor :STMicroelectronics X-CUBE-SAFEA1 1.2.2
2024-11-03 19:20:09,924 [INFO] ThirdParty:967 - CMSIS Pack Vendor :STMicroelectronics X-CUBE-NFC4 3.0.0
2024-11-03 19:20:09,924 [INFO] ThirdParty:967 - CMSIS Pack Vendor :STMicroelectronics X-CUBE-SUBG2 5.0.0
2024-11-03 19:20:09,925 [INFO] ThirdParty:967 - CMSIS Pack Vendor :STMicroelectronics lwIP 2.0.3
2024-11-03 19:20:09,925 [INFO] ThirdParty:967 - CMSIS Pack Vendor :STMicroelectronics USB_HOST 1.0.0
2024-11-03 19:20:09,925 [INFO] ThirdParty:967 - CMSIS Pack Vendor :STMicroelectronics X-CUBE-AI 9.0.0
2024-11-03 19:20:09,925 [INFO] ThirdParty:967 - CMSIS Pack Vendor :STMicroelectronics X-CUBE-AZRTOS-G4 2.0.0
2024-11-03 19:20:09,925 [INFO] ThirdParty:967 - CMSIS Pack Vendor :STMicroelectronics PDM2PCM 3.1.0
2024-11-03 19:20:09,925 [INFO] ThirdParty:967 - CMSIS Pack Vendor :STMicroelectronics PDM2PCM 3.3.0
2024-11-03 19:20:09,926 [INFO] ThirdParty:967 - CMSIS Pack Vendor :STMicroelectronics X-CUBE-BLE1 7.0.0
2024-11-03 19:20:09,926 [INFO] ThirdParty:967 - CMSIS Pack Vendor :STMicroelectronics FP-ATR-SIGFOX1 3.2.0
2024-11-03 19:20:09,926 [INFO] ThirdParty:967 - CMSIS Pack Vendor :STMicroelectronics X-CUBE-NFC10 1.0.0
2024-11-03 19:20:09,926 [INFO] ThirdParty:967 - CMSIS Pack Vendor :wolfSSL I-CUBE-wolfSSL 5.7.2
2024-11-03 19:20:09,926 [INFO] ThirdParty:967 - CMSIS Pack Vendor :STMicroelectronics X-CUBE-ISPU 2.0.0
2024-11-03 19:20:09,926 [INFO] ThirdParty:967 - CMSIS Pack Vendor :STMicroelectronics X-CUBE-EEPRMA1 5.1.0
2024-11-03 19:20:09,926 [INFO] ThirdParty:967 - CMSIS Pack Vendor :STMicroelectronics HAL Drivers 0.0.0
2024-11-03 19:20:09,927 [INFO] ThirdParty:967 - CMSIS Pack Vendor :STMicroelectronics MBEDTLS 2.16.2
2024-11-03 19:20:09,927 [INFO] ThirdParty:967 - CMSIS Pack Vendor :STMicroelectronics X-CUBE-NFC7 1.0.1
2024-11-03 19:20:09,927 [INFO] ThirdParty:967 - CMSIS Pack Vendor :STMicroelectronics MBEDTLS 2.14.1
2024-11-03 19:20:09,927 [INFO] ThirdParty:967 - CMSIS Pack Vendor :STMicroelectronics X-CUBE-TOUCHGFX 4.24.0
2024-11-03 19:20:09,927 [INFO] ThirdParty:967 - CMSIS Pack Vendor :STMicroelectronics X-CUBE-TOUCHGFX 4.24.1
2024-11-03 19:20:09,927 [INFO] ThirdParty:967 - CMSIS Pack Vendor :wolfSSL I-CUBE-wolfTPM 3.4.0
2024-11-03 19:20:09,927 [INFO] ThirdParty:967 - CMSIS Pack Vendor :portGmbH I-Cube-SoM-uGOAL 1.1.0
2024-11-03 19:20:09,927 [INFO] ThirdParty:967 - CMSIS Pack Vendor :STMicroelectronics X-CUBE-AZRTOS-WL 2.0.0
2024-11-03 19:20:09,927 [INFO] ThirdParty:967 - CMSIS Pack Vendor :SEGGER I-CUBE-embOS 1.3.1
2024-11-03 19:20:09,928 [INFO] ThirdParty:967 - CMSIS Pack Vendor :STMicroelectronics X-CUBE-ALGOBUILD 1.4.0
2024-11-03 19:20:09,928 [INFO] ThirdParty:967 - CMSIS Pack Vendor :STMicroelectronics USB_DEVICE 1.0.0
2024-11-03 19:20:09,928 [INFO] ThirdParty:967 - CMSIS Pack Vendor :STMicroelectronics X-CUBE-AZRTOS-H7RS 1.0.0
2024-11-03 19:20:09,928 [INFO] ThirdParty:967 - CMSIS Pack Vendor :wolfSSL I-CUBE-wolfMQTT 1.19.0
2024-11-03 19:20:09,928 [INFO] ThirdParty:967 - CMSIS Pack Vendor :STMicroelectronics X-CUBE-AZRTOS-L4 2.0.0
2024-11-03 19:20:09,928 [INFO] ThirdParty:967 - CMSIS Pack Vendor :STMicroelectronics ThreadX 0.0.2
2024-11-03 19:20:09,928 [INFO] ThirdParty:967 - CMSIS Pack Vendor :WES I-CUBE-Cesium 1.3.0
2024-11-03 19:20:09,928 [INFO] ThirdParty:967 - CMSIS Pack Vendor :STMicroelectronics FP-ATR-ASTRA1 2.0.0
2024-11-03 19:20:09,928 [INFO] ThirdParty:967 - CMSIS Pack Vendor :STMicroelectronics lwIP 2.1.2
2024-11-03 19:20:09,929 [INFO] ThirdParty:967 - CMSIS Pack Vendor :STMicroelectronics X-CUBE-SFXS2LP1 4.0.0
2024-11-03 19:20:09,929 [INFO] ThirdParty:967 - CMSIS Pack Vendor :STMicroelectronics X-CUBE-BLE2 3.3.0
2024-11-03 19:20:09,929 [INFO] ThirdParty:967 - CMSIS Pack Vendor :STMicroelectronics X-CUBE-AI 9.1.0
2024-11-03 19:20:09,929 [INFO] ThirdParty:967 - CMSIS Pack Vendor :STMicroelectronics PDM2PCM 3.2.0
2024-11-03 19:20:09,929 [INFO] ThirdParty:967 - CMSIS Pack Vendor :wolfSSL I-CUBE-wolfSSH 1.4.17
2024-11-03 19:20:09,929 [INFO] ThirdParty:787 - exiting critical section [change project]
2024-11-03 19:20:11,349 [INFO] PinOutPanel:1463 - setPackage(No Configuration,No Configuration)
2024-11-03 19:20:11,351 [INFO] PinOutPanel:1463 - setPackage(STM32F103C6Tx,LQFP48)
2024-11-03 19:20:12,073 [INFO] UtilMem:74 - Before build in PCC Used Memory: 968252240 Bytes (1015021568)
2024-11-03 19:20:13,204 [INFO] UtilMem:74 - After build in PCC Used Memory: 943097264 Bytes (1025507328)
2024-11-03 19:20:13,253 [INFO] IPUIPlugin:74 - create IPUIPlugin
2024-11-03 19:20:13,254 [INFO] IPUIPlugin:74 - create IPUIPlugin
2024-11-03 19:20:13,254 [INFO] IPUIPlugin:74 - create IPUIPlugin
2024-11-03 19:20:13,255 [INFO] IPUIPlugin:74 - create IPUIPlugin
2024-11-03 19:20:13,255 [INFO] IPUIPlugin:74 - create IPUIPlugin
2024-11-03 19:20:13,256 [INFO] IPUIPlugin:74 - create IPUIPlugin
2024-11-03 19:20:13,256 [INFO] IPUIPlugin:74 - create IPUIPlugin
2024-11-03 19:20:13,257 [INFO] IPUIPlugin:74 - create IPUIPlugin
2024-11-03 19:20:13,257 [INFO] IPUIPlugin:74 - create IPUIPlugin
2024-11-03 19:20:13,258 [INFO] IPUIPlugin:74 - create IPUIPlugin
2024-11-03 19:20:13,259 [INFO] IPUIPlugin:74 - create IPUIPlugin
2024-11-03 19:20:13,260 [INFO] IPUIPlugin:74 - create IPUIPlugin
2024-11-03 19:20:13,260 [INFO] IPUIPlugin:74 - create IPUIPlugin
2024-11-03 19:20:13,260 [INFO] IPUIPlugin:74 - create IPUIPlugin
2024-11-03 19:20:13,261 [INFO] IPUIPlugin:74 - create IPUIPlugin
2024-11-03 19:20:13,262 [INFO] IPUIPlugin:74 - create IPUIPlugin
2024-11-03 19:20:13,262 [INFO] IPUIPlugin:74 - create IPUIPlugin
2024-11-03 19:20:13,263 [INFO] IPUIPlugin:74 - create IPUIPlugin
2024-11-03 19:20:13,264 [INFO] IPUIPlugin:74 - create IPUIPlugin
2024-11-03 19:20:13,264 [INFO] IPUIPlugin:74 - create IPUIPlugin
2024-11-03 19:20:13,265 [INFO] IPUIPlugin:74 - create IPUIPlugin
2024-11-03 19:20:13,266 [INFO] IPUIPlugin:74 - create IPUIPlugin
2024-11-03 19:20:13,267 [INFO] IPUIPlugin:74 - create IPUIPlugin
2024-11-03 19:20:13,523 [INFO] OpenFileManager:333 - Restore cursor
2024-11-15 13:57:29,086 [INFO] Activator:177 - 


2024-11-15 13:57:29,089 [INFO] Activator:178 - !SESSION log4j initialized
2024-11-15 14:12:16,066 [INFO] McuFinderGlobals:39 - Set McuFinder mode to 2 (CubeIDE integrated)
2024-11-15 14:12:16,219 [INFO] ApplicationProperties:181 - Using Application install path: C:\Users\thuyh\STM32CubeIDE_1.7.0\STM32CubeIDE\plugins\com.st.stm32cube.common.mx_6.3.0.202107141111
2024-11-15 14:12:16,232 [INFO] DbMcusXml:74 - Set database path to: C:\Users\thuyh\STM32CubeIDE_1.7.0\STM32CubeIDE\plugins\com.st.stm32cube.common.mx_6.3.0.202107141111\\db\/mcu/
2024-11-15 14:12:16,235 [INFO] DbBoardsPdsc:56 - Set plugin database path to: C:\Users\thuyh\STM32CubeIDE_1.7.0\STM32CubeIDE\plugins\com.st.stm32cube.common.mx_6.3.0.202107141111\\db\/plugins/boardmanager/
2024-11-15 14:12:16,236 [INFO] DbMcus:258 - Set plugin images path to: C:\Users\thuyh\STM32CubeIDE_1.7.0\STM32CubeIDE\plugins\com.st.stm32cube.common.mx_6.3.0.202107141111\\db\/plugins/mcufinder/images/
2024-11-15 14:12:16,236 [INFO] DbBoards:264 - Set plugin images path to: C:\Users\thuyh\STM32CubeIDE_1.7.0\STM32CubeIDE\plugins\com.st.stm32cube.common.mx_6.3.0.202107141111\\db\/plugins/mcufinder/images/
2024-11-15 14:12:16,238 [INFO] DbExamples:333 - Set plugin images path to: C:\Users\thuyh\STM32CubeIDE_1.7.0\STM32CubeIDE\plugins\com.st.stm32cube.common.mx_6.3.0.202107141111\\db\/plugins/mcufinder/images/
2024-11-15 14:12:16,246 [INFO] DbMcusAds:119 - Set database path to: C:\Users\thuyh\.stmcufinder\plugins\mcufinder//mcu/
2024-11-15 14:12:16,247 [INFO] DbMcusDocs:110 - Set database path to: C:\Users\thuyh\.stmcufinder\plugins\mcufinder//mcu/
2024-11-15 14:12:16,249 [INFO] DbMcusJson:64 - Set database path to: C:\Users\thuyh\.stmcufinder\plugins\mcufinder//mcu/
2024-11-15 14:12:16,250 [INFO] DbBoardsDocs:110 - Set database path to: C:\Users\thuyh\.stmcufinder\plugins\mcufinder//mcu/
2024-11-15 14:12:16,250 [INFO] DbBoardsJson:57 - Set database path to: C:\Users\thuyh\.stmcufinder\plugins\mcufinder//mcu/
2024-11-15 14:12:27,325 [INFO] CrossReferenceDbSqlite:196 - Set database path to: C:\Users\thuyh\.stmcufinder\plugins\mcufinder//mcu/cs/
2024-11-15 14:12:27,335 [INFO] DbExamplesSqlite:767 - Set database path to: C:\Users\thuyh\.stmcufinder\plugins\mcufinder//mcu/
2024-11-15 14:12:27,472 [INFO] RulesReader:57 - Compatibility file has been processed (242 Rules)
2024-11-15 14:12:27,610 [INFO] DbMcusXml:74 - Set database path to: C:\Users\thuyh\STM32CubeIDE_1.7.0\STM32CubeIDE\plugins\com.st.stm32cube.common.mx_6.3.0.202107141111\\db\/mcu/
2024-11-15 14:12:27,622 [INFO] DbBoardsPdsc:56 - Set plugin database path to: C:\Users\thuyh\STM32CubeIDE_1.7.0\STM32CubeIDE\plugins\com.st.stm32cube.common.mx_6.3.0.202107141111\\db\/plugins/boardmanager/
2024-11-15 14:12:27,622 [INFO] DbMcus:258 - Set plugin images path to: C:\Users\thuyh\STM32CubeIDE_1.7.0\STM32CubeIDE\plugins\com.st.stm32cube.common.mx_6.3.0.202107141111\\db\/plugins/mcufinder/images/
2024-11-15 14:12:27,622 [INFO] DbBoards:264 - Set plugin images path to: C:\Users\thuyh\STM32CubeIDE_1.7.0\STM32CubeIDE\plugins\com.st.stm32cube.common.mx_6.3.0.202107141111\\db\/plugins/mcufinder/images/
2024-11-15 14:12:27,622 [INFO] DbExamples:333 - Set plugin images path to: C:\Users\thuyh\STM32CubeIDE_1.7.0\STM32CubeIDE\plugins\com.st.stm32cube.common.mx_6.3.0.202107141111\\db\/plugins/mcufinder/images/
2024-11-15 14:12:27,622 [WARN] DbFile:35 - Overriding database path with different value: C:\Users\thuyh\.stmcufinder\plugins\mcufinder/ => C:\Users\thuyh\.stmcufinder\plugins\mcufinder
2024-11-15 14:12:27,626 [INFO] DbMcusAds:119 - Set database path to: C:\Users\thuyh\.stmcufinder\plugins\mcufinder//mcu/
2024-11-15 14:12:27,626 [WARN] DbFile:35 - Overriding database path with different value: C:\Users\thuyh\.stmcufinder\plugins\mcufinder/ => C:\Users\thuyh\.stmcufinder\plugins\mcufinder
2024-11-15 14:12:27,626 [INFO] DbMcusDocs:110 - Set database path to: C:\Users\thuyh\.stmcufinder\plugins\mcufinder//mcu/
2024-11-15 14:12:27,626 [WARN] DbFile:35 - Overriding database path with different value: C:\Users\thuyh\.stmcufinder\plugins\mcufinder/ => C:\Users\thuyh\.stmcufinder\plugins\mcufinder
2024-11-15 14:12:27,626 [INFO] DbMcusJson:64 - Set database path to: C:\Users\thuyh\.stmcufinder\plugins\mcufinder//mcu/
2024-11-15 14:12:27,626 [WARN] DbFile:35 - Overriding database path with different value: C:\Users\thuyh\.stmcufinder\plugins\mcufinder/ => C:\Users\thuyh\.stmcufinder\plugins\mcufinder
2024-11-15 14:12:27,626 [INFO] DbBoardsDocs:110 - Set database path to: C:\Users\thuyh\.stmcufinder\plugins\mcufinder//mcu/
2024-11-15 14:12:27,626 [WARN] DbFile:35 - Overriding database path with different value: C:\Users\thuyh\.stmcufinder\plugins\mcufinder/ => C:\Users\thuyh\.stmcufinder\plugins\mcufinder
2024-11-15 14:12:27,626 [INFO] DbBoardsJson:57 - Set database path to: C:\Users\thuyh\.stmcufinder\plugins\mcufinder//mcu/
2024-11-15 14:12:27,626 [WARN] DbFile:35 - Overriding database path with different value: C:\Users\thuyh\.stmcufinder\plugins\mcufinder/ => C:\Users\thuyh\.stmcufinder\plugins\mcufinder
2024-11-15 14:12:27,629 [WARN] DbFile:35 - Overriding database path with different value: C:\Users\thuyh\.stmcufinder\plugins\mcufinder/ => C:\Users\thuyh\.stmcufinder\plugins\mcufinder
2024-11-15 14:12:27,629 [INFO] CrossReferenceDbSqlite:196 - Set database path to: C:\Users\thuyh\.stmcufinder\plugins\mcufinder//mcu/cs/
2024-11-15 14:12:27,629 [WARN] DbFile:35 - Overriding database path with different value: C:\Users\thuyh\.stmcufinder\plugins\mcufinder/ => C:\Users\thuyh\.stmcufinder\plugins\mcufinder
2024-11-15 14:12:27,630 [INFO] DbExamplesSqlite:767 - Set database path to: C:\Users\thuyh\.stmcufinder\plugins\mcufinder//mcu/
2024-11-15 14:12:27,712 [INFO] MainPanel:214 - HeapMemory: 873463808
2024-11-15 14:12:27,809 [INFO] DbMcusXml:74 - Set database path to: C:\Users\thuyh\STM32CubeIDE_1.7.0\STM32CubeIDE\plugins\com.st.stm32cube.common.mx_6.3.0.202107141111\\db\/mcu/
2024-11-15 14:12:27,810 [INFO] DbBoardsPdsc:56 - Set plugin database path to: C:\Users\thuyh\STM32CubeIDE_1.7.0\STM32CubeIDE\plugins\com.st.stm32cube.common.mx_6.3.0.202107141111\\db\/plugins/boardmanager/
2024-11-15 14:12:27,810 [INFO] DbMcus:258 - Set plugin images path to: C:\Users\thuyh\STM32CubeIDE_1.7.0\STM32CubeIDE\plugins\com.st.stm32cube.common.mx_6.3.0.202107141111\\db\/plugins/mcufinder/images/
2024-11-15 14:12:27,810 [INFO] DbBoards:264 - Set plugin images path to: C:\Users\thuyh\STM32CubeIDE_1.7.0\STM32CubeIDE\plugins\com.st.stm32cube.common.mx_6.3.0.202107141111\\db\/plugins/mcufinder/images/
2024-11-15 14:12:27,810 [INFO] DbExamples:333 - Set plugin images path to: C:\Users\thuyh\STM32CubeIDE_1.7.0\STM32CubeIDE\plugins\com.st.stm32cube.common.mx_6.3.0.202107141111\\db\/plugins/mcufinder/images/
2024-11-15 14:12:27,812 [WARN] DbFile:35 - Overriding database path with different value: C:\Users\thuyh\.stmcufinder\plugins\mcufinder/ => C:\Users\thuyh\.stmcufinder\plugins\mcufinder
2024-11-15 14:12:27,812 [INFO] DbMcusAds:119 - Set database path to: C:\Users\thuyh\.stmcufinder\plugins\mcufinder//mcu/
2024-11-15 14:12:27,812 [WARN] DbFile:35 - Overriding database path with different value: C:\Users\thuyh\.stmcufinder\plugins\mcufinder/ => C:\Users\thuyh\.stmcufinder\plugins\mcufinder
2024-11-15 14:12:27,812 [INFO] DbMcusDocs:110 - Set database path to: C:\Users\thuyh\.stmcufinder\plugins\mcufinder//mcu/
2024-11-15 14:12:27,812 [WARN] DbFile:35 - Overriding database path with different value: C:\Users\thuyh\.stmcufinder\plugins\mcufinder/ => C:\Users\thuyh\.stmcufinder\plugins\mcufinder
2024-11-15 14:12:27,812 [INFO] DbMcusJson:64 - Set database path to: C:\Users\thuyh\.stmcufinder\plugins\mcufinder//mcu/
2024-11-15 14:12:27,812 [WARN] DbFile:35 - Overriding database path with different value: C:\Users\thuyh\.stmcufinder\plugins\mcufinder/ => C:\Users\thuyh\.stmcufinder\plugins\mcufinder
2024-11-15 14:12:27,812 [INFO] DbBoardsDocs:110 - Set database path to: C:\Users\thuyh\.stmcufinder\plugins\mcufinder//mcu/
2024-11-15 14:12:27,812 [WARN] DbFile:35 - Overriding database path with different value: C:\Users\thuyh\.stmcufinder\plugins\mcufinder/ => C:\Users\thuyh\.stmcufinder\plugins\mcufinder
2024-11-15 14:12:27,812 [INFO] DbBoardsJson:57 - Set database path to: C:\Users\thuyh\.stmcufinder\plugins\mcufinder//mcu/
2024-11-15 14:12:27,812 [WARN] DbFile:35 - Overriding database path with different value: C:\Users\thuyh\.stmcufinder\plugins\mcufinder/ => C:\Users\thuyh\.stmcufinder\plugins\mcufinder
2024-11-15 14:12:27,812 [WARN] DbFile:35 - Overriding database path with different value: C:\Users\thuyh\.stmcufinder\plugins\mcufinder/ => C:\Users\thuyh\.stmcufinder\plugins\mcufinder
2024-11-15 14:12:27,812 [INFO] CrossReferenceDbSqlite:196 - Set database path to: C:\Users\thuyh\.stmcufinder\plugins\mcufinder//mcu/cs/
2024-11-15 14:12:27,812 [WARN] DbFile:35 - Overriding database path with different value: C:\Users\thuyh\.stmcufinder\plugins\mcufinder/ => C:\Users\thuyh\.stmcufinder\plugins\mcufinder
2024-11-15 14:12:27,812 [INFO] DbExamplesSqlite:767 - Set database path to: C:\Users\thuyh\.stmcufinder\plugins\mcufinder//mcu/
2024-11-15 14:12:27,870 [INFO] ApplicationProperties:181 - Using Application install path: C:\Users\thuyh\STM32CubeIDE_1.7.0\STM32CubeIDE\plugins\com.st.stm32cube.common.mx_6.3.0.202107141111
2024-11-15 14:12:27,870 [INFO] PluginManage:188 - Search for loadable plugins [exclusion list=, ]
2024-11-15 14:12:27,870 [INFO] PluginManage:302 - Check plugin analytics
2024-11-15 14:12:28,156 [INFO] AnalyticsPlugin:257 - Accepted Software Licenses: 
2024-11-15 14:12:28,157 [INFO] AnalyticsPlugin:259 - Accepted CMSIS Pack Licenses: 
2024-11-15 14:12:28,158 [INFO] AnalyticsPlugin:261 - Accepted Firmware Licenses: 
2024-11-15 14:12:28,158 [INFO] PluginManage:352 - Loaded plugin analytics (category:tool,tabindex:-1)
2024-11-15 14:12:28,158 [INFO] PluginManage:302 - Check plugin clock
2024-11-15 14:12:28,191 [INFO] PluginManage:352 - Loaded plugin clock (category:base,tabindex:2)
2024-11-15 14:12:28,192 [INFO] PluginManage:302 - Check plugin ddr
2024-11-15 14:12:28,199 [INFO] PluginManage:352 - Loaded plugin ddr (category:tool,tabindex:6)
2024-11-15 14:12:28,200 [INFO] PluginManage:302 - Check plugin filemanager
2024-11-15 14:12:28,581 [INFO] PluginManage:352 - Loaded plugin filemanager (category:base,tabindex:10)
2024-11-15 14:12:28,582 [INFO] PluginManage:302 - Check plugin ipmanager
2024-11-15 14:12:28,618 [INFO] PluginManage:352 - Loaded plugin ipmanager (category:base,tabindex:5)
2024-11-15 14:12:28,619 [INFO] PluginManage:302 - Check plugin pinoutandconfiguration
2024-11-15 14:12:28,650 [INFO] PluginManage:352 - Loaded plugin pinoutandconfiguration (category:base,tabindex:1)
2024-11-15 14:12:28,650 [INFO] PluginManage:302 - Check plugin pinoutconfig
2024-11-15 14:12:28,725 [INFO] PluginManage:352 - Loaded plugin pinoutconfig (category:base,tabindex:0)
2024-11-15 14:12:28,726 [INFO] PluginManage:302 - Check plugin power
2024-11-15 14:12:28,751 [INFO] PluginManage:352 - Loaded plugin power (category:power,tabindex:4)
2024-11-15 14:12:28,752 [INFO] PluginManage:302 - Check plugin projectmanager
2024-11-15 14:12:28,803 [INFO] PluginManage:352 - Loaded plugin projectmanager (category:projectmanager,tabindex:3)
2024-11-15 14:12:28,804 [INFO] PluginManage:302 - Check plugin thirdparty
2024-11-15 14:12:29,029 [WARN] IntegrityCheckThread:78 - waiting for thirdparty lock release [integrity check]
2024-11-15 14:12:29,031 [INFO] PluginManage:352 - Loaded plugin thirdparty (category:base,tabindex:-1)
2024-11-15 14:12:29,031 [INFO] IntegrityCheckThread:80 - entering critical section [integrity check]
2024-11-15 14:12:29,032 [INFO] PluginManage:302 - Check plugin tools
2024-11-15 14:12:29,032 [INFO] ThirdPartyUpdaterWithRetryManager:66 - Updater plugin not ready yet. [1/15]
2024-11-15 14:12:29,035 [INFO] PluginManage:352 - Loaded plugin tools (category:base,tabindex:7)
2024-11-15 14:12:29,035 [INFO] PluginManage:302 - Check plugin tutovideos
2024-11-15 14:12:29,412 [INFO] PluginManage:352 - Loaded plugin tutovideos (category:base,tabindex:-1)
2024-11-15 14:12:29,412 [INFO] PluginManage:302 - Check plugin updater
2024-11-15 14:12:29,432 [INFO] PluginManage:352 - Loaded plugin updater (category:base,tabindex:12)
2024-11-15 14:12:29,432 [INFO] PluginManage:275 - PluginManage : Loaded plugins [13]
2024-11-15 14:12:29,714 [INFO] PinOutPanel:1463 - setPackage(No Configuration,No Configuration)
2024-11-15 14:12:29,895 [INFO] IPUIPlugin:74 - create IPUIPlugin
2024-11-15 14:12:29,896 [INFO] PluginManager:213 - loadIPPluginJar : add adc
2024-11-15 14:12:29,934 [INFO] IPUIPlugin:74 - create IPUIPlugin
2024-11-15 14:12:29,934 [INFO] PluginManager:213 - loadIPPluginJar : add aes
2024-11-15 14:12:29,940 [INFO] IPUIPlugin:74 - create IPUIPlugin
2024-11-15 14:12:29,940 [INFO] PluginManager:213 - loadIPPluginJar : add can
2024-11-15 14:12:29,945 [INFO] IPUIPlugin:74 - create IPUIPlugin
2024-11-15 14:12:29,945 [INFO] PluginManager:213 - loadIPPluginJar : add comp
2024-11-15 14:12:29,952 [INFO] IPUIPlugin:74 - create IPUIPlugin
2024-11-15 14:12:29,952 [INFO] PluginManager:213 - loadIPPluginJar : add cryp
2024-11-15 14:12:29,960 [INFO] IPUIPlugin:74 - create IPUIPlugin
2024-11-15 14:12:29,960 [INFO] PluginManager:213 - loadIPPluginJar : add dfsdm
2024-11-15 14:12:29,977 [INFO] IPUIPlugin:74 - create IPUIPlugin
2024-11-15 14:12:29,978 [INFO] PluginManager:213 - loadIPPluginJar : add dma
2024-11-15 14:12:29,985 [INFO] IPUIPlugin:74 - create IPUIPlugin
2024-11-15 14:12:29,986 [INFO] PluginManager:213 - loadIPPluginJar : add dma3
2024-11-15 14:12:29,988 [INFO] IPUIPlugin:74 - create IPUIPlugin
2024-11-15 14:12:29,988 [INFO] PluginManager:213 - loadIPPluginJar : add fatfs
2024-11-15 14:12:30,001 [INFO] IPUIPlugin:74 - create IPUIPlugin
2024-11-15 14:12:30,002 [INFO] PluginManager:213 - loadIPPluginJar : add fmc
2024-11-15 14:12:30,017 [INFO] IPUIPlugin:74 - create IPUIPlugin
2024-11-15 14:12:30,018 [INFO] PluginManager:213 - loadIPPluginJar : add freertos
2024-11-15 14:12:30,022 [INFO] IPUIPlugin:74 - create IPUIPlugin
2024-11-15 14:12:30,023 [INFO] PluginManager:213 - loadIPPluginJar : add genericplugin
2024-11-15 14:12:30,026 [INFO] IPUIPlugin:74 - create IPUIPlugin
2024-11-15 14:12:30,027 [INFO] PluginManager:213 - loadIPPluginJar : add gfxmmu
2024-11-15 14:12:30,042 [INFO] IPUIPlugin:74 - create IPUIPlugin
2024-11-15 14:12:30,043 [INFO] PluginManager:213 - loadIPPluginJar : add gic
2024-11-15 14:12:30,050 [INFO] IPUIPlugin:74 - create IPUIPlugin
2024-11-15 14:12:30,051 [INFO] PluginManager:213 - loadIPPluginJar : add gpio
2024-11-15 14:12:30,056 [INFO] IPUIPlugin:74 - create IPUIPlugin
2024-11-15 14:12:30,056 [INFO] PluginManager:213 - loadIPPluginJar : add gtzc
2024-11-15 14:12:30,060 [INFO] IPUIPlugin:74 - create IPUIPlugin
2024-11-15 14:12:30,061 [INFO] PluginManager:213 - loadIPPluginJar : add hash
2024-11-15 14:12:30,067 [INFO] IPUIPlugin:74 - create IPUIPlugin
2024-11-15 14:12:30,067 [INFO] PluginManager:213 - loadIPPluginJar : add i2c
2024-11-15 14:12:30,072 [INFO] IPUIPlugin:74 - create IPUIPlugin
2024-11-15 14:12:30,072 [INFO] PluginManager:213 - loadIPPluginJar : add i2s
2024-11-15 14:12:30,076 [INFO] IPUIPlugin:74 - create IPUIPlugin
2024-11-15 14:12:30,077 [INFO] PluginManager:213 - loadIPPluginJar : add ipddr
2024-11-15 14:12:30,089 [INFO] IPUIPlugin:74 - create IPUIPlugin
2024-11-15 14:12:30,089 [INFO] PluginManager:213 - loadIPPluginJar : add linkedlist
2024-11-15 14:12:30,092 [INFO] IPUIPlugin:74 - create IPUIPlugin
2024-11-15 14:12:30,092 [INFO] PluginManager:213 - loadIPPluginJar : add lorawan
2024-11-15 14:12:30,095 [INFO] IPUIPlugin:74 - create IPUIPlugin
2024-11-15 14:12:30,095 [INFO] PluginManager:213 - loadIPPluginJar : add ltdc
2024-11-15 14:12:30,105 [INFO] IPUIPlugin:74 - create IPUIPlugin
2024-11-15 14:12:30,105 [INFO] PluginManager:213 - loadIPPluginJar : add mdma
2024-11-15 14:12:30,111 [INFO] IPUIPlugin:74 - create IPUIPlugin
2024-11-15 14:12:30,111 [INFO] PluginManager:213 - loadIPPluginJar : add nvic
2024-11-15 14:12:30,112 [INFO] IPUIPlugin:74 - create IPUIPlugin
2024-11-15 14:12:30,112 [INFO] PluginManager:213 - loadIPPluginJar : add opamp
2024-11-15 14:12:30,121 [INFO] IPUIPlugin:74 - create IPUIPlugin
2024-11-15 14:12:30,121 [INFO] PluginManager:213 - loadIPPluginJar : add openamp
2024-11-15 14:12:30,131 [INFO] IPUIPlugin:74 - create IPUIPlugin
2024-11-15 14:12:30,131 [INFO] PluginManager:213 - loadIPPluginJar : add pdm2pcm
2024-11-15 14:12:30,143 [INFO] IPUIPlugin:74 - create IPUIPlugin
2024-11-15 14:12:30,150 [INFO] PluginManager:213 - loadIPPluginJar : add plateformsettings
2024-11-15 14:12:30,154 [INFO] IPUIPlugin:74 - create IPUIPlugin
2024-11-15 14:12:30,154 [INFO] PluginManager:213 - loadIPPluginJar : add quadspi
2024-11-15 14:12:30,184 [INFO] IPUIPlugin:74 - create IPUIPlugin
2024-11-15 14:12:30,185 [INFO] PluginManager:213 - loadIPPluginJar : add resmgrutility
2024-11-15 14:12:30,190 [INFO] IPUIPlugin:74 - create IPUIPlugin
2024-11-15 14:12:30,191 [INFO] PluginManager:213 - loadIPPluginJar : add sai
2024-11-15 14:12:30,195 [INFO] IPUIPlugin:74 - create IPUIPlugin
2024-11-15 14:12:30,197 [INFO] PluginManager:213 - loadIPPluginJar : add spi
2024-11-15 14:12:30,204 [INFO] IPUIPlugin:74 - create IPUIPlugin
2024-11-15 14:12:30,205 [INFO] PluginManager:213 - loadIPPluginJar : add stm32_wpan
2024-11-15 14:12:30,207 [INFO] IPUIPlugin:74 - create IPUIPlugin
2024-11-15 14:12:30,208 [INFO] PluginManager:213 - loadIPPluginJar : add tim
2024-11-15 14:12:30,213 [INFO] IPUIPlugin:74 - create IPUIPlugin
2024-11-15 14:12:30,214 [INFO] PluginManager:213 - loadIPPluginJar : add touchsensing
2024-11-15 14:12:30,218 [INFO] IPUIPlugin:74 - create IPUIPlugin
2024-11-15 14:12:30,218 [INFO] PluginManager:213 - loadIPPluginJar : add tracer_emb
2024-11-15 14:12:30,222 [INFO] IPUIPlugin:74 - create IPUIPlugin
2024-11-15 14:12:30,222 [INFO] PluginManager:213 - loadIPPluginJar : add ts
2024-11-15 14:12:30,224 [INFO] IPUIPlugin:74 - create IPUIPlugin
2024-11-15 14:12:30,224 [INFO] PluginManager:213 - loadIPPluginJar : add tsc
2024-11-15 14:12:30,227 [INFO] IPUIPlugin:74 - create IPUIPlugin
2024-11-15 14:12:30,227 [INFO] PluginManager:213 - loadIPPluginJar : add ucpd
2024-11-15 14:12:30,230 [INFO] IPUIPlugin:74 - create IPUIPlugin
2024-11-15 14:12:30,230 [INFO] PluginManager:213 - loadIPPluginJar : add usart
2024-11-15 14:12:30,234 [INFO] IPUIPlugin:74 - create IPUIPlugin
2024-11-15 14:12:30,234 [INFO] PluginManager:213 - loadIPPluginJar : add usbx
2024-11-15 14:12:30,920 [FATAL] Updater:294 - Updater called before beeing initialized
2024-11-15 14:12:31,157 [FATAL] Updater:294 - Updater called before beeing initialized
2024-11-15 14:12:31,162 [INFO] DbMcusAds:47 - JSON generation date=Fri Sep 20 20:04:38 ICT 2024 (1726837478367)
2024-11-15 14:12:31,162 [FATAL] Updater:294 - Updater called before beeing initialized
2024-11-15 14:12:31,312 [WARN] DetailPanel:314 - Failed to get advertising image, set to default
2024-11-15 14:12:31,569 [FATAL] Updater:294 - Updater called before beeing initialized
2024-11-15 14:12:31,572 [FATAL] Updater:294 - Updater called before beeing initialized
2024-11-15 14:12:31,572 [FATAL] Updater:294 - Updater called before beeing initialized
2024-11-15 14:12:31,573 [WARN] DetailPanel:314 - Failed to get advertising image, set to default
2024-11-15 14:12:31,575 [FATAL] Updater:294 - Updater called before beeing initialized
2024-11-15 14:12:31,684 [ERROR] Updater:1075 - MainUpdater not yet initialized. External WinMGr cannot be set.
2024-11-15 14:12:31,687 [INFO] Updater:1012 - Updater Version found : 6.3.0
2024-11-15 14:12:31,730 [INFO] ApplicationProperties:181 - Using Application install path: C:\Users\thuyh\STM32CubeIDE_1.7.0\STM32CubeIDE\plugins\com.st.stm32cube.common.mx_6.3.0.202107141111
2024-11-15 14:12:32,046 [INFO] ThirdPartyUpdaterWithRetryManager:66 - Updater plugin not ready yet. [2/15]
2024-11-15 14:12:32,184 [INFO] MainUpdater:2671 - connection check result : 10
2024-11-15 14:12:32,185 [INFO] MainUpdater:265 - Updater Check For Update Now.
2024-11-15 14:12:32,186 [INFO] MicroXplorer:478 - Change Database Version : DB.6.0.30
2024-11-15 14:12:32,455 [INFO] CheckServerUpdateThread:112 - End of CheckServer Thread
2024-11-15 14:12:32,526 [INFO] MainUpdater:2671 - connection check result : 10
2024-11-15 14:12:32,530 [INFO] MainUpdater:2671 - connection check result : 10
2024-11-15 14:12:32,812 [INFO] MicroXplorer:448 - Change Database Path : 
2024-11-15 14:12:32,814 [INFO] MicroXplorer:478 - Change Database Version : DB.6.0.30
2024-11-15 14:12:32,815 [WARN] ThirdParty:813 - waiting for thirdparty lock release [close project]
2024-11-15 14:12:35,547 [ERROR] Engine:463 - C:\Users\thuyh\.stm32cubemx\thirdparties\pdsc\STMicroelectronics.FP-SNS-MOTENVWB1.1.4.0.pdsc: PDSC version is not supported
2024-11-15 14:12:35,653 [WARN] PackLoader:238 - Cannot read IP mode file for STMicroelectronics.FP-ATR-ASTRA1.2.0.1
2024-11-15 14:12:35,679 [ERROR] Engine:463 - C:\Users\thuyh\.stm32cubemx\thirdparties\pdsc\STMicroelectronics.X-CUBE-SMBUS.2.1.0.pdsc: PDSC version is not supported
2024-11-15 14:12:35,705 [WARN] PackLoader:238 - Cannot read IP mode file for STMicroelectronics.X-CUBE-WB05N.1.1.0
2024-11-15 14:12:35,793 [WARN] PackLoader:238 - Cannot read IP mode file for STMicroelectronics.X-CUBE-AZRTOS-F7.1.1.0
2024-11-15 14:12:35,995 [WARN] PackLoader:238 - Cannot read IP mode file for STMicroelectronics.X-CUBE-MEMS1.11.0.0
2024-11-15 14:12:36,560 [ERROR] Engine:463 - C:\Users\thuyh\.stm32cubemx\thirdparties\pdsc\STMicroelectronics.FP-SNS-FLIGHT1.5.0.2.pdsc: PDSC version is not supported
2024-11-15 14:12:36,568 [ERROR] Engine:463 - C:\Users\thuyh\.stm32cubemx\thirdparties\pdsc\STMicroelectronics.X-CUBE-DISPLAY.3.0.0.pdsc: PDSC version is not supported
2024-11-15 14:12:36,578 [WARN] PackLoader:238 - Cannot read IP mode file for STMicroelectronics.X-CUBE-BLE1.7.0.0
2024-11-15 14:12:36,588 [WARN] PackLoader:238 - Cannot read IP mode file for STMicroelectronics.X-CUBE-NFC10.1.0.0
2024-11-15 14:12:36,597 [ERROR] Engine:463 - C:\Users\thuyh\.stm32cubemx\thirdparties\pdsc\emotas.I-CUBE-CANOPEN.1.3.0.pdsc: PDSC version is not supported
2024-11-15 14:12:36,603 [ERROR] Engine:463 - C:\Users\thuyh\.stm32cubemx\thirdparties\pdsc\STMicroelectronics.X-CUBE-BLEMGR.3.1.0.pdsc: PDSC version is not supported
2024-11-15 14:12:36,606 [ERROR] Engine:463 - C:\Users\thuyh\.stm32cubemx\thirdparties\pdsc\STMicroelectronics.FP-SNS-SMARTAG2.1.2.0.pdsc: PDSC version is not supported
2024-11-15 14:12:36,625 [INFO] LogOutputStream:76 - [STDOUT_REDIRECT] 1 : Invalid condition id : UX_CORESTACK_Condition cause : null
2024-11-15 14:12:36,627 [INFO] LogOutputStream:76 - [STDOUT_REDIRECT] 1 : Invalid condition id : UX_CORESTACK_Condition cause : null
2024-11-15 14:12:36,629 [INFO] LogOutputStream:76 - [STDOUT_REDIRECT] 1 : Invalid condition id : UX_CORESTACK_Condition cause : null
2024-11-15 14:12:36,634 [INFO] LogOutputStream:76 - [STDOUT_REDIRECT] 1 : Invalid condition id : UX_CORESTACK_Condition cause : null
2024-11-15 14:12:36,637 [INFO] LogOutputStream:76 - [STDOUT_REDIRECT] 1 : Invalid condition id : UX_CORESTACK_Condition cause : null
2024-11-15 14:12:36,644 [WARN] PackLoader:238 - Cannot read IP mode file for STMicroelectronics.X-CUBE-AZRTOS-WL.2.0.0
2024-11-15 14:12:36,652 [ERROR] Engine:463 - C:\Users\thuyh\.stm32cubemx\thirdparties\pdsc\STMicroelectronics.FP-SNS-MOTENV1.5.0.0.pdsc: PDSC version is not supported
2024-11-15 14:12:36,656 [WARN] PackLoader:238 - Cannot read IP mode file for wolfSSL.I-CUBE-wolfMQTT.1.19.0
2024-11-15 14:12:36,669 [WARN] PackLoader:238 - Cannot read IP mode file for WES.I-CUBE-Cesium.1.3.0
2024-11-15 14:12:36,677 [WARN] PackLoader:238 - Cannot read IP mode file for STMicroelectronics.X-CUBE-BLE2.3.3.0
2024-11-15 14:12:36,689 [WARN] PackLoader:238 - Cannot read IP mode file for STMicroelectronics.X-CUBE-NFC9.1.0.0
2024-11-15 14:12:36,705 [ERROR] Engine:463 - C:\Users\thuyh\.stm32cubemx\thirdparties\pdsc\STMicroelectronics.X-CUBE-TCPP.4.1.0.pdsc: PDSC version is not supported
2024-11-15 14:12:36,737 [WARN] PackLoader:238 - Cannot read IP mode file for STMicroelectronics.X-CUBE-AZRTOS-G0.1.1.0
2024-11-15 14:12:36,751 [WARN] PackLoader:238 - Cannot read IP mode file for STMicroelectronics.X-CUBE-SAFEA1.1.2.2
2024-11-15 14:12:36,762 [WARN] PackLoader:238 - Cannot read IP mode file for STMicroelectronics.X-CUBE-NFC4.3.0.0
2024-11-15 14:12:36,771 [ERROR] Engine:463 - C:\Users\thuyh\.stm32cubemx\thirdparties\pdsc\EmbeddedOffice.I-CUBE-FS-RTOS.1.0.1.pdsc: PDSC version is not supported
2024-11-15 14:12:36,775 [ERROR] Engine:463 - C:\Users\thuyh\.stm32cubemx\thirdparties\pdsc\RealThread.X-CUBE-RT-Thread_Nano.4.1.1.pdsc: PDSC version is not supported
2024-11-15 14:12:36,780 [WARN] PackLoader:238 - Cannot read IP mode file for STMicroelectronics.FP-ATR-SIGFOX1.3.2.0
2024-11-15 14:12:36,786 [WARN] PackLoader:238 - Cannot read IP mode file for wolfSSL.I-CUBE-wolfSSL.5.7.2
2024-11-15 14:12:36,789 [ERROR] Engine:463 - C:\Users\thuyh\.stm32cubemx\thirdparties\pdsc\quantropi.X-CUBE-qispace-sdk-base.1.9.3.pdsc: PDSC version is not supported
2024-11-15 14:12:36,798 [WARN] PackLoader:238 - Cannot read IP mode file for STMicroelectronics.X-CUBE-EEPRMA1.5.1.0
2024-11-15 14:12:36,809 [ERROR] Engine:463 - C:\Users\thuyh\.stm32cubemx\thirdparties\pdsc\ITTIA_DB.I-CUBE-ITTIADB.8.9.0.pdsc: PDSC version is not supported
2024-11-15 14:12:36,890 [WARN] PackLoader:238 - Cannot read IP mode file for SEGGER.I-CUBE-embOS.1.3.1
2024-11-15 14:12:37,091 [WARN] PackLoader:238 - Cannot read IP mode file for STMicroelectronics.X-CUBE-ALGOBUILD.1.4.0
2024-11-15 14:12:37,101 [WARN] PackLoader:238 - Cannot read IP mode file for STMicroelectronics.X-CUBE-AI.9.1.0
2024-11-15 14:12:37,110 [WARN] PackLoader:238 - Cannot read IP mode file for STMicroelectronics.X-CUBE-GNSS1.6.0.0
2024-11-15 14:12:37,158 [WARN] PackLoader:238 - Cannot read IP mode file for STMicroelectronics.X-CUBE-AZRTOS-F4.1.1.0
2024-11-15 14:12:37,173 [WARN] PackLoader:238 - Cannot read IP mode file for STMicroelectronics.X-CUBE-ISPU.2.1.0
2024-11-15 14:12:37,178 [ERROR] Engine:463 - C:\Users\thuyh\.stm32cubemx\thirdparties\pdsc\STMicroelectronics.X-CUBE-FREERTOS.1.2.0.pdsc: PDSC version is not supported
2024-11-15 14:12:37,233 [WARN] PackLoader:238 - Cannot read IP mode file for STMicroelectronics.X-CUBE-AZRTOS-L5.2.0.0
2024-11-15 14:12:37,265 [WARN] PackLoader:238 - Cannot read IP mode file for STMicroelectronics.X-CUBE-NFC6.3.1.0
2024-11-15 14:12:37,276 [ERROR] Engine:463 - C:\Users\thuyh\.stm32cubemx\thirdparties\pdsc\STMicroelectronics.X-CUBE-DPower.1.2.0.pdsc: PDSC version is not supported
2024-11-15 14:12:37,282 [WARN] PackLoader:238 - Cannot read IP mode file for STMicroelectronics.X-CUBE-AI.9.0.0
2024-11-15 14:12:37,294 [WARN] PackLoader:238 - Cannot read IP mode file for STMicroelectronics.X-CUBE-NFC7.1.0.1
2024-11-15 14:12:37,339 [WARN] ConditionMgr:437 - getConditionDescription Invalid condition id : LAN8742 Phy interface Condition cause : null
2024-11-15 14:12:37,344 [WARN] PackLoader:238 - Cannot read IP mode file for STMicroelectronics.X-CUBE-AZRTOS-L4.2.0.0
2024-11-15 14:12:37,345 [WARN] ConditionMgr:1038 - genDependencies : Invalid condition id : LAN8742 Phy interface Condition cause : null
2024-11-15 14:12:37,347 [WARN] ConditionMgr:1038 - genDependencies : Invalid condition id : LAN8742 Phy interface Condition cause : null
2024-11-15 14:12:37,348 [WARN] ConditionMgr:1038 - genDependencies : Invalid condition id : LAN8742 Phy interface Condition cause : null
2024-11-15 14:12:37,358 [WARN] PackLoader:238 - Cannot read IP mode file for STMicroelectronics.X-CUBE-SFXS2LP1.4.0.0
2024-11-15 14:12:37,422 [WARN] PackLoader:238 - Cannot read IP mode file for STMicroelectronics.X-CUBE-AZRTOS-H7.3.3.0
2024-11-15 14:12:37,452 [ERROR] Engine:463 - C:\Users\thuyh\.stm32cubemx\thirdparties\pdsc\STMicroelectronics.X-CUBE-IPS.3.0.0.pdsc: PDSC version is not supported
2024-11-15 14:12:37,496 [WARN] ConditionMgr:437 - getConditionDescription Invalid condition id : UX DEVICE CLASS RTOS Condition cause : null
2024-11-15 14:12:37,496 [WARN] ConditionMgr:437 - getConditionDescription Invalid condition id : UX DEVICE CLASS RTOS Condition cause : null
2024-11-15 14:12:37,503 [WARN] PackLoader:238 - Cannot read IP mode file for STMicroelectronics.X-CUBE-AZRTOS-WB.2.0.0
2024-11-15 14:12:37,504 [WARN] ConditionMgr:1038 - genDependencies : Invalid condition id : UX DEVICE CLASS RTOS Condition cause : null
2024-11-15 14:12:37,504 [WARN] ConditionMgr:1038 - genDependencies : Invalid condition id : UX DEVICE CLASS RTOS Condition cause : null
2024-11-15 14:12:37,505 [WARN] ConditionMgr:1038 - genDependencies : Invalid condition id : UX DEVICE CLASS RTOS Condition cause : null
2024-11-15 14:12:37,506 [WARN] ConditionMgr:1038 - genDependencies : Invalid condition id : UX DEVICE CLASS RTOS Condition cause : null
2024-11-15 14:12:37,506 [WARN] ConditionMgr:1038 - genDependencies : Invalid condition id : UX DEVICE CLASS RTOS Condition cause : null
2024-11-15 14:12:37,524 [WARN] PackLoader:238 - Cannot read IP mode file for STMicroelectronics.X-CUBE-GNSS1.7.0.0
2024-11-15 14:12:37,535 [ERROR] Engine:463 - C:\Users\thuyh\.stm32cubemx\thirdparties\pdsc\STMicroelectronics.FP-SNS-STBOX1.2.0.0.pdsc: PDSC version is not supported
2024-11-15 14:12:37,590 [WARN] PackLoader:238 - Cannot read IP mode file for STMicroelectronics.X-CUBE-SUBG2.5.0.0
2024-11-15 14:12:37,634 [ERROR] Engine:463 - C:\Users\thuyh\.stm32cubemx\thirdparties\pdsc\Cesanta.I-CUBE-Mongoose.7.13.0.pdsc: PDSC version is not supported
2024-11-15 14:12:37,700 [WARN] PackLoader:238 - Cannot read IP mode file for STMicroelectronics.X-CUBE-AZRTOS-G4.2.0.0
2024-11-15 14:12:37,722 [WARN] PackLoader:238 - Cannot read IP mode file for STMicroelectronics.X-CUBE-ISPU.2.0.0
2024-11-15 14:12:37,730 [ERROR] Engine:463 - C:\Users\thuyh\.stm32cubemx\thirdparties\pdsc\STMicroelectronics.X-CUBE-ALS.1.0.2.pdsc: PDSC version is not supported
2024-11-15 14:12:37,737 [WARN] PackLoader:238 - Cannot read IP mode file for STMicroelectronics.X-CUBE-TOUCHGFX.4.24.0
2024-11-15 14:12:37,743 [WARN] PackLoader:238 - Cannot read IP mode file for STMicroelectronics.X-CUBE-TOUCHGFX.4.24.1
2024-11-15 14:12:37,748 [WARN] PackLoader:238 - Cannot read IP mode file for wolfSSL.I-CUBE-wolfTPM.3.4.0
2024-11-15 14:12:37,766 [WARN] PackLoader:238 - Cannot read IP mode file for portGmbH.I-Cube-SoM-uGOAL.1.1.0
2024-11-15 14:12:37,815 [WARN] PackLoader:238 - Cannot read IP mode file for STMicroelectronics.X-CUBE-AZRTOS-H7RS.1.0.0
2024-11-15 14:12:37,826 [WARN] PackLoader:238 - Cannot read IP mode file for STMicroelectronics.FP-ATR-ASTRA1.2.0.0
2024-11-15 14:12:37,836 [ERROR] Engine:463 - C:\Users\thuyh\.stm32cubemx\thirdparties\pdsc\STMicroelectronics.X-CUBE-TOF1.3.4.2.pdsc: PDSC version is not supported
2024-11-15 14:12:37,855 [ERROR] Engine:463 - C:\Users\thuyh\.stm32cubemx\thirdparties\pdsc\Infineon.AIROC-Wi-Fi-Bluetooth-STM32.1.6.1.pdsc: PDSC version is not supported
2024-11-15 14:12:37,860 [WARN] PackLoader:238 - Cannot read IP mode file for wolfSSL.I-CUBE-wolfSSH.1.4.17
2024-11-15 14:12:37,865 [INFO] ThirdParty:915 - Integrity check success = true
2024-11-15 14:12:37,867 [INFO] IntegrityCheckThread:94 - exiting critical section [integrity check]
2024-11-15 14:12:37,867 [INFO] IntegrityCheckThread:97 - End integrity checks thread
2024-11-15 14:12:37,867 [INFO] ThirdParty:815 - entering critical section [close project]
2024-11-15 14:12:37,869 [INFO] ThirdParty:825 - exiting critical section [close project]
2024-11-15 14:12:37,880 [INFO] PinOutPanel:1463 - setPackage(No Configuration,No Configuration)
2024-11-15 14:12:37,882 [INFO] UtilMem:74 - Begin LoadConfig() Used Memory: 841453464 Bytes (873463808)
2024-11-15 14:12:37,884 [INFO] MicroXplorer:448 - Change Database Path : 
2024-11-15 14:12:37,884 [INFO] MicroXplorer:478 - Change Database Version : DB.6.0.30
2024-11-15 14:12:37,884 [INFO] OpenFileManager:313 - Change cursor
2024-11-15 14:12:40,090 [INFO] Context:592 - Trying to add GPIOservice into a context  which must be forbidden
2024-11-15 14:12:41,000 [WARN] ApiManager:304 - Cannot register API 'Board Extension:NFC09A1' from pack STMicroelectronics.X-CUBE-NFC9.1.0.0: no header file found
2024-11-15 14:12:41,005 [WARN] ApiManager:304 - Cannot register API 'Board Extension:GNSS1A1' from pack STMicroelectronics.X-CUBE-GNSS1.6.0.0: no header file found
2024-11-15 14:12:41,006 [WARN] ApiManager:304 - Cannot register API 'Board Support:Custom' from pack STMicroelectronics.X-CUBE-GNSS1.6.0.0: no header file found
2024-11-15 14:12:41,006 [WARN] ApiManager:304 - Cannot register API 'Data Exchange:lib_gnss' from pack STMicroelectronics.X-CUBE-GNSS1.6.0.0: no header file found
2024-11-15 14:12:41,017 [WARN] ApiManager:304 - Cannot register API 'Wireless:STM32WB05N' from pack STMicroelectronics.X-CUBE-WB05N.1.1.0: no header file found
2024-11-15 14:12:41,030 [WARN] ApiManager:304 - Cannot register API 'Board Extension:GNSS1A1' from pack STMicroelectronics.X-CUBE-GNSS1.7.0.0: no header file found
2024-11-15 14:12:41,030 [WARN] ApiManager:304 - Cannot register API 'Board Support:Custom' from pack STMicroelectronics.X-CUBE-GNSS1.7.0.0: no header file found
2024-11-15 14:12:41,030 [WARN] ApiManager:304 - Cannot register API 'Data Exchange:lib_gnss' from pack STMicroelectronics.X-CUBE-GNSS1.7.0.0: no header file found
2024-11-15 14:12:41,053 [WARN] ApiManager:304 - Cannot register API 'Board Extension:NFC06A1' from pack STMicroelectronics.X-CUBE-NFC6.3.1.0: no header file found
2024-11-15 14:12:41,053 [WARN] ApiManager:304 - Cannot register API 'Board Extension:NFC08A1' from pack STMicroelectronics.X-CUBE-NFC6.3.1.0: no header file found
2024-11-15 14:12:41,608 [WARN] ApiManager:304 - Cannot register API 'Board Extension:IKS01A3' from pack STMicroelectronics.X-CUBE-MEMS1.11.0.0: no header file found
2024-11-15 14:12:41,608 [WARN] ApiManager:304 - Cannot register API 'Board Extension:IKS02A1' from pack STMicroelectronics.X-CUBE-MEMS1.11.0.0: no header file found
2024-11-15 14:12:41,609 [WARN] ApiManager:304 - Cannot register API 'Board Extension:IKS4A1' from pack STMicroelectronics.X-CUBE-MEMS1.11.0.0: no header file found
2024-11-15 14:12:41,624 [INFO] RtosManager:484 - Registered RTOS mode: class=CMSIS, group=RTOS, mode=CMSIS_V1, owner=FREERTOS
2024-11-15 14:12:41,625 [INFO] RtosManager:484 - Registered RTOS mode: class=CMSIS, group=RTOS2, mode=CMSIS_V2, owner=FREERTOS
2024-11-15 14:12:41,625 [INFO] RtosManager:484 - Registered RTOS mode: class=RTOS, group=Core, mode=CMSIS_V1, owner=FREERTOS
2024-11-15 14:12:41,625 [INFO] RtosManager:484 - Registered RTOS mode: class=RTOS, group=Core, mode=CMSIS_V2, owner=FREERTOS
2024-11-15 14:12:41,625 [WARN] ModelIntegratedComponent:181 - Missing modes for component STMicroelectronics:FreeRTOS:0.0.1:STMicroelectronics:RTOS:FreeRTOS:Core:::10.2.0:
2024-11-15 14:12:41,630 [WARN] ApiManager:304 - Cannot register API 'Board Extension:STSAFEA1' from pack STMicroelectronics.X-CUBE-SAFEA1.1.2.2: no header file found
2024-11-15 14:12:41,630 [WARN] ApiManager:304 - Cannot register API 'Board Part:STSAFEA110' from pack STMicroelectronics.X-CUBE-SAFEA1.1.2.2: no header file found
2024-11-15 14:12:41,631 [WARN] ApiManager:304 - Cannot register API 'Security:ST_Cryptolib' from pack STMicroelectronics.X-CUBE-SAFEA1.1.2.2: no header file found
2024-11-15 14:12:41,631 [WARN] ApiManager:304 - Cannot register API 'Security:MbedTLS' from pack STMicroelectronics.X-CUBE-SAFEA1.1.2.2: no header file found
2024-11-15 14:12:41,633 [WARN] ApiManager:304 - Cannot register API 'Board Extension:NFC04A1' from pack STMicroelectronics.X-CUBE-NFC4.3.0.0: no header file found
2024-11-15 14:12:41,642 [WARN] ApiManager:304 - Cannot register API 'Board Extension:S2868A1' from pack STMicroelectronics.X-CUBE-SUBG2.5.0.0: no header file found
2024-11-15 14:12:41,643 [WARN] ApiManager:304 - Cannot register API 'Board Extension:S2868A2' from pack STMicroelectronics.X-CUBE-SUBG2.5.0.0: no header file found
2024-11-15 14:12:41,643 [WARN] ApiManager:304 - Cannot register API 'Board Extension:S2915A1' from pack STMicroelectronics.X-CUBE-SUBG2.5.0.0: no header file found
2024-11-15 14:12:41,646 [WARN] ApiManager:304 - Cannot register API 'Wireless:BlueNRG-MS' from pack STMicroelectronics.X-CUBE-BLE1.7.0.0: no header file found
2024-11-15 14:12:41,647 [WARN] ApiManager:304 - Cannot register API 'Board Extension:NFC10A1' from pack STMicroelectronics.X-CUBE-NFC10.1.0.0: no header file found
2024-11-15 14:12:41,651 [WARN] ApiManager:304 - Cannot register API 'Board Extension:EEPRMA2' from pack STMicroelectronics.X-CUBE-EEPRMA1.5.1.0: no header file found
2024-11-15 14:12:41,651 [WARN] ApiManager:304 - Cannot register API 'Board Extension:PGEEZ1' from pack STMicroelectronics.X-CUBE-EEPRMA1.5.1.0: no header file found
2024-11-15 14:12:41,651 [WARN] ApiManager:304 - Cannot register API 'Board Extension:EEICA1' from pack STMicroelectronics.X-CUBE-EEPRMA1.5.1.0: no header file found
2024-11-15 14:12:41,652 [WARN] ApiManager:304 - Cannot register API 'Board Part:M24' from pack STMicroelectronics.X-CUBE-EEPRMA1.5.1.0: no header file found
2024-11-15 14:12:41,652 [WARN] ApiManager:304 - Cannot register API 'Board Part:M95' from pack STMicroelectronics.X-CUBE-EEPRMA1.5.1.0: no header file found
2024-11-15 14:12:41,652 [WARN] ApiManager:304 - Cannot register API 'Board Part:M95P32' from pack STMicroelectronics.X-CUBE-EEPRMA1.5.1.0: no header file found
2024-11-15 14:12:41,652 [WARN] ApiManager:304 - Cannot register API 'Board Part:M24256E-F' from pack STMicroelectronics.X-CUBE-EEPRMA1.5.1.0: no header file found
2024-11-15 14:12:41,652 [WARN] ApiManager:304 - Cannot register API 'Board Part:M24M01E-F' from pack STMicroelectronics.X-CUBE-EEPRMA1.5.1.0: no header file found
2024-11-15 14:12:41,652 [WARN] ApiManager:304 - Cannot register API 'PGEEZ1:SPI' from pack STMicroelectronics.X-CUBE-EEPRMA1.5.1.0: no header file found
2024-11-15 14:12:41,652 [WARN] ApiManager:304 - Cannot register API 'PGEEZ1:QDSPI' from pack STMicroelectronics.X-CUBE-EEPRMA1.5.1.0: no header file found
2024-11-15 14:12:41,655 [WARN] ModelIntegratedComponent:60 - No mode defined for component null
2024-11-15 14:12:41,656 [WARN] ModelIntegratedComponent:60 - No mode defined for component null
2024-11-15 14:12:41,656 [WARN] ModelIntegratedComponent:60 - No mode defined for component null
2024-11-15 14:12:41,657 [WARN] ModelIntegratedComponent:60 - No mode defined for component null
2024-11-15 14:12:41,657 [WARN] ModelIntegratedComponent:60 - No mode defined for component null
2024-11-15 14:12:41,658 [WARN] ModelIntegratedComponent:60 - No mode defined for component null
2024-11-15 14:12:41,658 [WARN] ModelIntegratedComponent:60 - No mode defined for component null
2024-11-15 14:12:41,658 [WARN] ModelIntegratedComponent:60 - No mode defined for component null
2024-11-15 14:12:41,658 [WARN] ModelIntegratedComponent:60 - No mode defined for component null
2024-11-15 14:12:41,658 [WARN] ModelIntegratedComponent:60 - No mode defined for component null
2024-11-15 14:12:41,658 [WARN] ModelIntegratedComponent:60 - No mode defined for component null
2024-11-15 14:12:41,658 [WARN] ModelIntegratedComponent:60 - No mode defined for component null
2024-11-15 14:12:41,658 [WARN] ModelIntegratedComponent:60 - No mode defined for component null
2024-11-15 14:12:41,660 [WARN] ModelIntegratedComponent:60 - No mode defined for component null
2024-11-15 14:12:41,660 [WARN] ModelIntegratedComponent:60 - No mode defined for component null
2024-11-15 14:12:41,660 [WARN] ModelIntegratedComponent:60 - No mode defined for component null
2024-11-15 14:12:41,660 [WARN] ModelIntegratedComponent:60 - No mode defined for component null
2024-11-15 14:12:41,660 [WARN] ModelIntegratedComponent:60 - No mode defined for component null
2024-11-15 14:12:41,660 [WARN] ModelIntegratedComponent:60 - No mode defined for component null
2024-11-15 14:12:41,660 [WARN] ModelIntegratedComponent:60 - No mode defined for component null
2024-11-15 14:12:41,660 [WARN] ModelIntegratedComponent:60 - No mode defined for component null
2024-11-15 14:12:41,660 [WARN] ModelIntegratedComponent:60 - No mode defined for component null
2024-11-15 14:12:41,660 [WARN] ModelIntegratedComponent:60 - No mode defined for component null
2024-11-15 14:12:41,660 [WARN] ModelIntegratedComponent:60 - No mode defined for component null
2024-11-15 14:12:41,660 [WARN] ModelIntegratedComponent:60 - No mode defined for component null
2024-11-15 14:12:41,660 [WARN] ModelIntegratedComponent:60 - No mode defined for component null
2024-11-15 14:12:41,660 [WARN] ModelIntegratedComponent:60 - No mode defined for component null
2024-11-15 14:12:41,662 [WARN] ModelIntegratedComponent:60 - No mode defined for component null
2024-11-15 14:12:41,662 [WARN] ModelIntegratedComponent:60 - No mode defined for component null
2024-11-15 14:12:41,662 [WARN] ModelIntegratedComponent:60 - No mode defined for component null
2024-11-15 14:12:41,662 [WARN] ModelIntegratedComponent:60 - No mode defined for component null
2024-11-15 14:12:41,664 [WARN] ApiManager:304 - Cannot register API 'Board Extension:NFC07A1' from pack STMicroelectronics.X-CUBE-NFC7.1.0.1: no header file found
2024-11-15 14:12:41,683 [WARN] ApiManager:304 - Cannot register API 'Board Extension:S2868A1' from pack STMicroelectronics.X-CUBE-SFXS2LP1.4.0.0: no header file found
2024-11-15 14:12:41,683 [WARN] ApiManager:304 - Cannot register API 'Board Extension:S2868A2' from pack STMicroelectronics.X-CUBE-SFXS2LP1.4.0.0: no header file found
2024-11-15 14:12:41,684 [WARN] ApiManager:304 - Cannot register API 'Board Extension:S2915A1' from pack STMicroelectronics.X-CUBE-SFXS2LP1.4.0.0: no header file found
2024-11-15 14:12:41,684 [WARN] ApiManager:304 - Cannot register API 'Wireless:BlueNRG-2' from pack STMicroelectronics.X-CUBE-BLE2.3.3.0: no header file found
2024-11-15 14:12:47,808 [INFO] UtilMem:74 - End LoadConfig() Used Memory: 809424912 Bytes (873463808)
2024-11-15 14:12:47,813 [INFO] DbMcusXml:100 - Load MCU database from C:\Users\thuyh\STM32CubeIDE_1.7.0\STM32CubeIDE\plugins\com.st.stm32cube.common.mx_6.3.0.202107141111\\db\/mcu/families.xml
2024-11-15 14:12:51,307 [INFO] DbMcusJson:93 - JSON generation date=Tue Nov 16 23:17:54 ICT 2021 (1637079474)
2024-11-15 14:12:52,790 [INFO] DbMcus:175 - Found 1951 MCUs (1903 are supported by CubeMX, 1914 are visible in CubeMX)
2024-11-15 14:12:52,791 [INFO] ApiDb:251 - Load user favorites file C:\Users\thuyh/.stm32cubeide/favorites.mcus.txt: 0 item(s)
2024-11-15 14:12:52,792 [INFO] ApiDb:255 - User favorites MCUs=[]
2024-11-15 14:12:52,792 [INFO] DbMcus:187 - Set 0 / 0 favorites MCUs
2024-11-15 14:12:52,798 [WARN] ThirdParty:779 - waiting for thirdparty lock release [change project]
2024-11-15 14:12:52,799 [INFO] ThirdParty:781 - entering critical section [change project]
2024-11-15 14:12:52,799 [INFO] ThirdParty:967 - CMSIS Pack Vendor :STMicroelectronics X-CUBE-AZRTOS-H7 3.3.0
2024-11-15 14:12:52,799 [INFO] ThirdParty:967 - CMSIS Pack Vendor :STMicroelectronics X-CUBE-NFC9 1.0.0
2024-11-15 14:12:52,799 [INFO] ThirdParty:967 - CMSIS Pack Vendor :STMicroelectronics X-CUBE-GNSS1 6.0.0
2024-11-15 14:12:52,799 [INFO] ThirdParty:967 - CMSIS Pack Vendor :STMicroelectronics USB_HOST 2.0.0
2024-11-15 14:12:52,800 [INFO] ThirdParty:967 - CMSIS Pack Vendor :STMicroelectronics X-CUBE-AZRTOS-F4 1.1.0
2024-11-15 14:12:52,800 [INFO] ThirdParty:967 - CMSIS Pack Vendor :STMicroelectronics FP-ATR-ASTRA1 2.0.1
2024-11-15 14:12:52,800 [INFO] ThirdParty:967 - CMSIS Pack Vendor :STMicroelectronics X-CUBE-WB05N 1.1.0
2024-11-15 14:12:52,801 [INFO] ThirdParty:967 - CMSIS Pack Vendor :STMicroelectronics USB_DEVICE 3.0.0
2024-11-15 14:12:52,801 [INFO] ThirdParty:967 - CMSIS Pack Vendor :STMicroelectronics X-CUBE-ISPU 2.1.0
2024-11-15 14:12:52,801 [INFO] ThirdParty:967 - CMSIS Pack Vendor :STMicroelectronics X-CUBE-AZRTOS-WB 2.0.0
2024-11-15 14:12:52,801 [INFO] ThirdParty:967 - CMSIS Pack Vendor :STMicroelectronics X-CUBE-GNSS1 7.0.0
2024-11-15 14:12:52,801 [INFO] ThirdParty:967 - CMSIS Pack Vendor :STMicroelectronics X-CUBE-AZRTOS-F7 1.1.0
2024-11-15 14:12:52,801 [INFO] ThirdParty:967 - CMSIS Pack Vendor :STMicroelectronics X-CUBE-AZRTOS-L5 2.0.0
2024-11-15 14:12:52,801 [INFO] ThirdParty:967 - CMSIS Pack Vendor :STMicroelectronics USB_DEVICE 2.0.0
2024-11-15 14:12:52,801 [INFO] ThirdParty:967 - CMSIS Pack Vendor :STMicroelectronics X-CUBE-NFC6 3.1.0
2024-11-15 14:12:52,801 [INFO] ThirdParty:967 - CMSIS Pack Vendor :STMicroelectronics X-CUBE-MEMS1 11.0.0
2024-11-15 14:12:52,801 [INFO] ThirdParty:967 - CMSIS Pack Vendor :STMicroelectronics FreeRTOS 0.0.1
2024-11-15 14:12:52,802 [INFO] ThirdParty:967 - CMSIS Pack Vendor :STMicroelectronics X-CUBE-AZRTOS-G0 1.1.0
2024-11-15 14:12:52,802 [INFO] ThirdParty:967 - CMSIS Pack Vendor :STMicroelectronics X-CUBE-SAFEA1 1.2.2
2024-11-15 14:12:52,802 [INFO] ThirdParty:967 - CMSIS Pack Vendor :STMicroelectronics X-CUBE-NFC4 3.0.0
2024-11-15 14:12:52,802 [INFO] ThirdParty:967 - CMSIS Pack Vendor :STMicroelectronics X-CUBE-SUBG2 5.0.0
2024-11-15 14:12:52,802 [INFO] ThirdParty:967 - CMSIS Pack Vendor :STMicroelectronics lwIP 2.0.3
2024-11-15 14:12:52,802 [INFO] ThirdParty:967 - CMSIS Pack Vendor :STMicroelectronics USB_HOST 1.0.0
2024-11-15 14:12:52,802 [INFO] ThirdParty:967 - CMSIS Pack Vendor :STMicroelectronics X-CUBE-AI 9.0.0
2024-11-15 14:12:52,802 [INFO] ThirdParty:967 - CMSIS Pack Vendor :STMicroelectronics X-CUBE-AZRTOS-G4 2.0.0
2024-11-15 14:12:52,802 [INFO] ThirdParty:967 - CMSIS Pack Vendor :STMicroelectronics PDM2PCM 3.1.0
2024-11-15 14:12:52,802 [INFO] ThirdParty:967 - CMSIS Pack Vendor :STMicroelectronics PDM2PCM 3.3.0
2024-11-15 14:12:52,803 [INFO] ThirdParty:967 - CMSIS Pack Vendor :STMicroelectronics X-CUBE-BLE1 7.0.0
2024-11-15 14:12:52,803 [INFO] ThirdParty:967 - CMSIS Pack Vendor :STMicroelectronics FP-ATR-SIGFOX1 3.2.0
2024-11-15 14:12:52,803 [INFO] ThirdParty:967 - CMSIS Pack Vendor :STMicroelectronics X-CUBE-NFC10 1.0.0
2024-11-15 14:12:52,803 [INFO] ThirdParty:967 - CMSIS Pack Vendor :wolfSSL I-CUBE-wolfSSL 5.7.2
2024-11-15 14:12:52,803 [INFO] ThirdParty:967 - CMSIS Pack Vendor :STMicroelectronics X-CUBE-ISPU 2.0.0
2024-11-15 14:12:52,803 [INFO] ThirdParty:967 - CMSIS Pack Vendor :STMicroelectronics X-CUBE-EEPRMA1 5.1.0
2024-11-15 14:12:52,803 [INFO] ThirdParty:967 - CMSIS Pack Vendor :STMicroelectronics HAL Drivers 0.0.0
2024-11-15 14:12:52,803 [INFO] ThirdParty:967 - CMSIS Pack Vendor :STMicroelectronics MBEDTLS 2.16.2
2024-11-15 14:12:52,803 [INFO] ThirdParty:967 - CMSIS Pack Vendor :STMicroelectronics X-CUBE-NFC7 1.0.1
2024-11-15 14:12:52,803 [INFO] ThirdParty:967 - CMSIS Pack Vendor :STMicroelectronics MBEDTLS 2.14.1
2024-11-15 14:12:52,804 [INFO] ThirdParty:967 - CMSIS Pack Vendor :STMicroelectronics X-CUBE-TOUCHGFX 4.24.0
2024-11-15 14:12:52,804 [INFO] ThirdParty:967 - CMSIS Pack Vendor :STMicroelectronics X-CUBE-TOUCHGFX 4.24.1
2024-11-15 14:12:52,804 [INFO] ThirdParty:967 - CMSIS Pack Vendor :wolfSSL I-CUBE-wolfTPM 3.4.0
2024-11-15 14:12:52,804 [INFO] ThirdParty:967 - CMSIS Pack Vendor :portGmbH I-Cube-SoM-uGOAL 1.1.0
2024-11-15 14:12:52,804 [INFO] ThirdParty:967 - CMSIS Pack Vendor :STMicroelectronics X-CUBE-AZRTOS-WL 2.0.0
2024-11-15 14:12:52,804 [INFO] ThirdParty:967 - CMSIS Pack Vendor :SEGGER I-CUBE-embOS 1.3.1
2024-11-15 14:12:52,804 [INFO] ThirdParty:967 - CMSIS Pack Vendor :STMicroelectronics X-CUBE-ALGOBUILD 1.4.0
2024-11-15 14:12:52,804 [INFO] ThirdParty:967 - CMSIS Pack Vendor :STMicroelectronics USB_DEVICE 1.0.0
2024-11-15 14:12:52,804 [INFO] ThirdParty:967 - CMSIS Pack Vendor :STMicroelectronics X-CUBE-AZRTOS-H7RS 1.0.0
2024-11-15 14:12:52,804 [INFO] ThirdParty:967 - CMSIS Pack Vendor :wolfSSL I-CUBE-wolfMQTT 1.19.0
2024-11-15 14:12:52,805 [INFO] ThirdParty:967 - CMSIS Pack Vendor :STMicroelectronics X-CUBE-AZRTOS-L4 2.0.0
2024-11-15 14:12:52,805 [INFO] ThirdParty:967 - CMSIS Pack Vendor :STMicroelectronics ThreadX 0.0.2
2024-11-15 14:12:52,805 [INFO] ThirdParty:967 - CMSIS Pack Vendor :WES I-CUBE-Cesium 1.3.0
2024-11-15 14:12:52,805 [INFO] ThirdParty:967 - CMSIS Pack Vendor :STMicroelectronics FP-ATR-ASTRA1 2.0.0
2024-11-15 14:12:52,805 [INFO] ThirdParty:967 - CMSIS Pack Vendor :STMicroelectronics lwIP 2.1.2
2024-11-15 14:12:52,805 [INFO] ThirdParty:967 - CMSIS Pack Vendor :STMicroelectronics X-CUBE-SFXS2LP1 4.0.0
2024-11-15 14:12:52,805 [INFO] ThirdParty:967 - CMSIS Pack Vendor :STMicroelectronics X-CUBE-BLE2 3.3.0
2024-11-15 14:12:52,805 [INFO] ThirdParty:967 - CMSIS Pack Vendor :STMicroelectronics X-CUBE-AI 9.1.0
2024-11-15 14:12:52,805 [INFO] ThirdParty:967 - CMSIS Pack Vendor :STMicroelectronics PDM2PCM 3.2.0
2024-11-15 14:12:52,805 [INFO] ThirdParty:967 - CMSIS Pack Vendor :wolfSSL I-CUBE-wolfSSH 1.4.17
2024-11-15 14:12:52,806 [INFO] ThirdParty:787 - exiting critical section [change project]
2024-11-15 14:12:53,407 [INFO] PinOutPanel:1463 - setPackage(No Configuration,No Configuration)
2024-11-15 14:12:53,408 [INFO] PinOutPanel:1463 - setPackage(STM32F103C6Tx,LQFP48)
2024-11-15 14:12:54,145 [INFO] UtilMem:74 - Before build in PCC Used Memory: 964078144 Bytes (1020264448)
2024-11-15 14:12:55,188 [INFO] UtilMem:74 - After build in PCC Used Memory: 937697360 Bytes (1021313024)
2024-11-15 14:12:55,221 [INFO] IPUIPlugin:74 - create IPUIPlugin
2024-11-15 14:12:55,221 [INFO] IPUIPlugin:74 - create IPUIPlugin
2024-11-15 14:12:55,221 [INFO] IPUIPlugin:74 - create IPUIPlugin
2024-11-15 14:12:55,222 [INFO] IPUIPlugin:74 - create IPUIPlugin
2024-11-15 14:12:55,222 [INFO] IPUIPlugin:74 - create IPUIPlugin
2024-11-15 14:12:55,222 [INFO] IPUIPlugin:74 - create IPUIPlugin
2024-11-15 14:12:55,223 [INFO] IPUIPlugin:74 - create IPUIPlugin
2024-11-15 14:12:55,223 [INFO] IPUIPlugin:74 - create IPUIPlugin
2024-11-15 14:12:55,223 [INFO] IPUIPlugin:74 - create IPUIPlugin
2024-11-15 14:12:55,224 [INFO] IPUIPlugin:74 - create IPUIPlugin
2024-11-15 14:12:55,224 [INFO] IPUIPlugin:74 - create IPUIPlugin
2024-11-15 14:12:55,225 [INFO] IPUIPlugin:74 - create IPUIPlugin
2024-11-15 14:12:55,225 [INFO] IPUIPlugin:74 - create IPUIPlugin
2024-11-15 14:12:55,227 [INFO] IPUIPlugin:74 - create IPUIPlugin
2024-11-15 14:12:55,227 [INFO] IPUIPlugin:74 - create IPUIPlugin
2024-11-15 14:12:55,228 [INFO] IPUIPlugin:74 - create IPUIPlugin
2024-11-15 14:12:55,228 [INFO] IPUIPlugin:74 - create IPUIPlugin
2024-11-15 14:12:55,228 [INFO] IPUIPlugin:74 - create IPUIPlugin
2024-11-15 14:12:55,229 [INFO] IPUIPlugin:74 - create IPUIPlugin
2024-11-15 14:12:55,230 [INFO] IPUIPlugin:74 - create IPUIPlugin
2024-11-15 14:12:55,231 [INFO] IPUIPlugin:74 - create IPUIPlugin
2024-11-15 14:12:55,232 [INFO] IPUIPlugin:74 - create IPUIPlugin
2024-11-15 14:12:55,232 [INFO] IPUIPlugin:74 - create IPUIPlugin
2024-11-15 14:12:55,407 [INFO] OpenFileManager:333 - Restore cursor
2024-11-15 17:27:45,638 [INFO] Activator:177 - 


2024-11-15 17:27:45,642 [INFO] Activator:178 - !SESSION log4j initialized
2024-11-15 17:27:52,369 [INFO] McuFinderGlobals:39 - Set McuFinder mode to 2 (CubeIDE integrated)
2024-11-15 17:27:53,224 [INFO] ApplicationProperties:181 - Using Application install path: C:\Users\thuyh\STM32CubeIDE_1.7.0\STM32CubeIDE\plugins\com.st.stm32cube.common.mx_6.3.0.202107141111
2024-11-15 17:27:53,285 [INFO] DbMcusXml:74 - Set database path to: C:\Users\thuyh\STM32CubeIDE_1.7.0\STM32CubeIDE\plugins\com.st.stm32cube.common.mx_6.3.0.202107141111\\db\/mcu/
2024-11-15 17:27:53,298 [INFO] DbBoardsPdsc:56 - Set plugin database path to: C:\Users\thuyh\STM32CubeIDE_1.7.0\STM32CubeIDE\plugins\com.st.stm32cube.common.mx_6.3.0.202107141111\\db\/plugins/boardmanager/
2024-11-15 17:27:53,300 [INFO] DbMcus:258 - Set plugin images path to: C:\Users\thuyh\STM32CubeIDE_1.7.0\STM32CubeIDE\plugins\com.st.stm32cube.common.mx_6.3.0.202107141111\\db\/plugins/mcufinder/images/
2024-11-15 17:27:53,302 [INFO] DbBoards:264 - Set plugin images path to: C:\Users\thuyh\STM32CubeIDE_1.7.0\STM32CubeIDE\plugins\com.st.stm32cube.common.mx_6.3.0.202107141111\\db\/plugins/mcufinder/images/
2024-11-15 17:27:53,321 [INFO] DbExamples:333 - Set plugin images path to: C:\Users\thuyh\STM32CubeIDE_1.7.0\STM32CubeIDE\plugins\com.st.stm32cube.common.mx_6.3.0.202107141111\\db\/plugins/mcufinder/images/
2024-11-15 17:27:53,375 [INFO] DbMcusAds:119 - Set database path to: C:\Users\thuyh\.stmcufinder\plugins\mcufinder//mcu/
2024-11-15 17:27:53,378 [INFO] DbMcusDocs:110 - Set database path to: C:\Users\thuyh\.stmcufinder\plugins\mcufinder//mcu/
2024-11-15 17:27:53,385 [INFO] DbMcusJson:64 - Set database path to: C:\Users\thuyh\.stmcufinder\plugins\mcufinder//mcu/
2024-11-15 17:27:53,386 [INFO] DbBoardsDocs:110 - Set database path to: C:\Users\thuyh\.stmcufinder\plugins\mcufinder//mcu/
2024-11-15 17:27:53,388 [INFO] DbBoardsJson:57 - Set database path to: C:\Users\thuyh\.stmcufinder\plugins\mcufinder//mcu/
2024-11-15 17:28:04,532 [INFO] CrossReferenceDbSqlite:196 - Set database path to: C:\Users\thuyh\.stmcufinder\plugins\mcufinder//mcu/cs/
2024-11-15 17:28:04,564 [INFO] DbExamplesSqlite:767 - Set database path to: C:\Users\thuyh\.stmcufinder\plugins\mcufinder//mcu/
2024-11-15 17:28:04,821 [INFO] RulesReader:57 - Compatibility file has been processed (242 Rules)
2024-11-15 17:28:05,061 [INFO] DbMcusXml:74 - Set database path to: C:\Users\thuyh\STM32CubeIDE_1.7.0\STM32CubeIDE\plugins\com.st.stm32cube.common.mx_6.3.0.202107141111\\db\/mcu/
2024-11-15 17:28:05,069 [INFO] DbBoardsPdsc:56 - Set plugin database path to: C:\Users\thuyh\STM32CubeIDE_1.7.0\STM32CubeIDE\plugins\com.st.stm32cube.common.mx_6.3.0.202107141111\\db\/plugins/boardmanager/
2024-11-15 17:28:05,071 [INFO] DbMcus:258 - Set plugin images path to: C:\Users\thuyh\STM32CubeIDE_1.7.0\STM32CubeIDE\plugins\com.st.stm32cube.common.mx_6.3.0.202107141111\\db\/plugins/mcufinder/images/
2024-11-15 17:28:05,071 [INFO] DbBoards:264 - Set plugin images path to: C:\Users\thuyh\STM32CubeIDE_1.7.0\STM32CubeIDE\plugins\com.st.stm32cube.common.mx_6.3.0.202107141111\\db\/plugins/mcufinder/images/
2024-11-15 17:28:05,071 [INFO] DbExamples:333 - Set plugin images path to: C:\Users\thuyh\STM32CubeIDE_1.7.0\STM32CubeIDE\plugins\com.st.stm32cube.common.mx_6.3.0.202107141111\\db\/plugins/mcufinder/images/
2024-11-15 17:28:05,071 [WARN] DbFile:35 - Overriding database path with different value: C:\Users\thuyh\.stmcufinder\plugins\mcufinder/ => C:\Users\thuyh\.stmcufinder\plugins\mcufinder
2024-11-15 17:28:05,071 [INFO] DbMcusAds:119 - Set database path to: C:\Users\thuyh\.stmcufinder\plugins\mcufinder//mcu/
2024-11-15 17:28:05,071 [WARN] DbFile:35 - Overriding database path with different value: C:\Users\thuyh\.stmcufinder\plugins\mcufinder/ => C:\Users\thuyh\.stmcufinder\plugins\mcufinder
2024-11-15 17:28:05,071 [INFO] DbMcusDocs:110 - Set database path to: C:\Users\thuyh\.stmcufinder\plugins\mcufinder//mcu/
2024-11-15 17:28:05,071 [WARN] DbFile:35 - Overriding database path with different value: C:\Users\thuyh\.stmcufinder\plugins\mcufinder/ => C:\Users\thuyh\.stmcufinder\plugins\mcufinder
2024-11-15 17:28:05,071 [INFO] DbMcusJson:64 - Set database path to: C:\Users\thuyh\.stmcufinder\plugins\mcufinder//mcu/
2024-11-15 17:28:05,071 [WARN] DbFile:35 - Overriding database path with different value: C:\Users\thuyh\.stmcufinder\plugins\mcufinder/ => C:\Users\thuyh\.stmcufinder\plugins\mcufinder
2024-11-15 17:28:05,071 [INFO] DbBoardsDocs:110 - Set database path to: C:\Users\thuyh\.stmcufinder\plugins\mcufinder//mcu/
2024-11-15 17:28:05,071 [WARN] DbFile:35 - Overriding database path with different value: C:\Users\thuyh\.stmcufinder\plugins\mcufinder/ => C:\Users\thuyh\.stmcufinder\plugins\mcufinder
2024-11-15 17:28:05,071 [INFO] DbBoardsJson:57 - Set database path to: C:\Users\thuyh\.stmcufinder\plugins\mcufinder//mcu/
2024-11-15 17:28:05,071 [WARN] DbFile:35 - Overriding database path with different value: C:\Users\thuyh\.stmcufinder\plugins\mcufinder/ => C:\Users\thuyh\.stmcufinder\plugins\mcufinder
2024-11-15 17:28:05,071 [WARN] DbFile:35 - Overriding database path with different value: C:\Users\thuyh\.stmcufinder\plugins\mcufinder/ => C:\Users\thuyh\.stmcufinder\plugins\mcufinder
2024-11-15 17:28:05,071 [INFO] CrossReferenceDbSqlite:196 - Set database path to: C:\Users\thuyh\.stmcufinder\plugins\mcufinder//mcu/cs/
2024-11-15 17:28:05,071 [WARN] DbFile:35 - Overriding database path with different value: C:\Users\thuyh\.stmcufinder\plugins\mcufinder/ => C:\Users\thuyh\.stmcufinder\plugins\mcufinder
2024-11-15 17:28:05,071 [INFO] DbExamplesSqlite:767 - Set database path to: C:\Users\thuyh\.stmcufinder\plugins\mcufinder//mcu/
2024-11-15 17:28:05,231 [INFO] MainPanel:214 - HeapMemory: 268435456
2024-11-15 17:28:05,584 [INFO] DbMcusXml:74 - Set database path to: C:\Users\thuyh\STM32CubeIDE_1.7.0\STM32CubeIDE\plugins\com.st.stm32cube.common.mx_6.3.0.202107141111\\db\/mcu/
2024-11-15 17:28:05,584 [INFO] DbBoardsPdsc:56 - Set plugin database path to: C:\Users\thuyh\STM32CubeIDE_1.7.0\STM32CubeIDE\plugins\com.st.stm32cube.common.mx_6.3.0.202107141111\\db\/plugins/boardmanager/
2024-11-15 17:28:05,584 [INFO] DbMcus:258 - Set plugin images path to: C:\Users\thuyh\STM32CubeIDE_1.7.0\STM32CubeIDE\plugins\com.st.stm32cube.common.mx_6.3.0.202107141111\\db\/plugins/mcufinder/images/
2024-11-15 17:28:05,589 [INFO] DbBoards:264 - Set plugin images path to: C:\Users\thuyh\STM32CubeIDE_1.7.0\STM32CubeIDE\plugins\com.st.stm32cube.common.mx_6.3.0.202107141111\\db\/plugins/mcufinder/images/
2024-11-15 17:28:05,589 [INFO] DbExamples:333 - Set plugin images path to: C:\Users\thuyh\STM32CubeIDE_1.7.0\STM32CubeIDE\plugins\com.st.stm32cube.common.mx_6.3.0.202107141111\\db\/plugins/mcufinder/images/
2024-11-15 17:28:05,590 [WARN] DbFile:35 - Overriding database path with different value: C:\Users\thuyh\.stmcufinder\plugins\mcufinder/ => C:\Users\thuyh\.stmcufinder\plugins\mcufinder
2024-11-15 17:28:05,590 [INFO] DbMcusAds:119 - Set database path to: C:\Users\thuyh\.stmcufinder\plugins\mcufinder//mcu/
2024-11-15 17:28:05,590 [WARN] DbFile:35 - Overriding database path with different value: C:\Users\thuyh\.stmcufinder\plugins\mcufinder/ => C:\Users\thuyh\.stmcufinder\plugins\mcufinder
2024-11-15 17:28:05,591 [INFO] DbMcusDocs:110 - Set database path to: C:\Users\thuyh\.stmcufinder\plugins\mcufinder//mcu/
2024-11-15 17:28:05,591 [WARN] DbFile:35 - Overriding database path with different value: C:\Users\thuyh\.stmcufinder\plugins\mcufinder/ => C:\Users\thuyh\.stmcufinder\plugins\mcufinder
2024-11-15 17:28:05,591 [INFO] DbMcusJson:64 - Set database path to: C:\Users\thuyh\.stmcufinder\plugins\mcufinder//mcu/
2024-11-15 17:28:05,591 [WARN] DbFile:35 - Overriding database path with different value: C:\Users\thuyh\.stmcufinder\plugins\mcufinder/ => C:\Users\thuyh\.stmcufinder\plugins\mcufinder
2024-11-15 17:28:05,591 [INFO] DbBoardsDocs:110 - Set database path to: C:\Users\thuyh\.stmcufinder\plugins\mcufinder//mcu/
2024-11-15 17:28:05,591 [WARN] DbFile:35 - Overriding database path with different value: C:\Users\thuyh\.stmcufinder\plugins\mcufinder/ => C:\Users\thuyh\.stmcufinder\plugins\mcufinder
2024-11-15 17:28:05,591 [INFO] DbBoardsJson:57 - Set database path to: C:\Users\thuyh\.stmcufinder\plugins\mcufinder//mcu/
2024-11-15 17:28:05,591 [WARN] DbFile:35 - Overriding database path with different value: C:\Users\thuyh\.stmcufinder\plugins\mcufinder/ => C:\Users\thuyh\.stmcufinder\plugins\mcufinder
2024-11-15 17:28:05,591 [WARN] DbFile:35 - Overriding database path with different value: C:\Users\thuyh\.stmcufinder\plugins\mcufinder/ => C:\Users\thuyh\.stmcufinder\plugins\mcufinder
2024-11-15 17:28:05,591 [INFO] CrossReferenceDbSqlite:196 - Set database path to: C:\Users\thuyh\.stmcufinder\plugins\mcufinder//mcu/cs/
2024-11-15 17:28:05,591 [WARN] DbFile:35 - Overriding database path with different value: C:\Users\thuyh\.stmcufinder\plugins\mcufinder/ => C:\Users\thuyh\.stmcufinder\plugins\mcufinder
2024-11-15 17:28:05,591 [INFO] DbExamplesSqlite:767 - Set database path to: C:\Users\thuyh\.stmcufinder\plugins\mcufinder//mcu/
2024-11-15 17:28:05,640 [INFO] ApplicationProperties:181 - Using Application install path: C:\Users\thuyh\STM32CubeIDE_1.7.0\STM32CubeIDE\plugins\com.st.stm32cube.common.mx_6.3.0.202107141111
2024-11-15 17:28:05,643 [INFO] PluginManage:188 - Search for loadable plugins [exclusion list=, ]
2024-11-15 17:28:05,643 [INFO] PluginManage:302 - Check plugin analytics
2024-11-15 17:28:06,189 [INFO] AnalyticsPlugin:257 - Accepted Software Licenses: 
2024-11-15 17:28:06,191 [INFO] AnalyticsPlugin:259 - Accepted CMSIS Pack Licenses: 
2024-11-15 17:28:06,192 [INFO] AnalyticsPlugin:261 - Accepted Firmware Licenses: 
2024-11-15 17:28:06,192 [INFO] PluginManage:352 - Loaded plugin analytics (category:tool,tabindex:-1)
2024-11-15 17:28:06,192 [INFO] PluginManage:302 - Check plugin clock
2024-11-15 17:28:06,255 [INFO] PluginManage:352 - Loaded plugin clock (category:base,tabindex:2)
2024-11-15 17:28:06,255 [INFO] PluginManage:302 - Check plugin ddr
2024-11-15 17:28:06,259 [INFO] PluginManage:352 - Loaded plugin ddr (category:tool,tabindex:6)
2024-11-15 17:28:06,259 [INFO] PluginManage:302 - Check plugin filemanager
2024-11-15 17:28:06,592 [INFO] PluginManage:352 - Loaded plugin filemanager (category:base,tabindex:10)
2024-11-15 17:28:06,592 [INFO] PluginManage:302 - Check plugin ipmanager
2024-11-15 17:28:06,619 [INFO] PluginManage:352 - Loaded plugin ipmanager (category:base,tabindex:5)
2024-11-15 17:28:06,621 [INFO] PluginManage:302 - Check plugin pinoutandconfiguration
2024-11-15 17:28:06,709 [INFO] PluginManage:352 - Loaded plugin pinoutandconfiguration (category:base,tabindex:1)
2024-11-15 17:28:06,709 [INFO] PluginManage:302 - Check plugin pinoutconfig
2024-11-15 17:28:06,829 [INFO] PluginManage:352 - Loaded plugin pinoutconfig (category:base,tabindex:0)
2024-11-15 17:28:06,831 [INFO] PluginManage:302 - Check plugin power
2024-11-15 17:28:06,904 [INFO] PluginManage:352 - Loaded plugin power (category:power,tabindex:4)
2024-11-15 17:28:06,904 [INFO] PluginManage:302 - Check plugin projectmanager
2024-11-15 17:28:06,960 [INFO] PluginManage:352 - Loaded plugin projectmanager (category:projectmanager,tabindex:3)
2024-11-15 17:28:06,964 [INFO] PluginManage:302 - Check plugin thirdparty
2024-11-15 17:28:07,701 [WARN] IntegrityCheckThread:78 - waiting for thirdparty lock release [integrity check]
2024-11-15 17:28:07,701 [INFO] IntegrityCheckThread:80 - entering critical section [integrity check]
2024-11-15 17:28:07,701 [INFO] PluginManage:352 - Loaded plugin thirdparty (category:base,tabindex:-1)
2024-11-15 17:28:07,701 [INFO] ThirdPartyUpdaterWithRetryManager:66 - Updater plugin not ready yet. [1/15]
2024-11-15 17:28:07,701 [INFO] PluginManage:302 - Check plugin tools
2024-11-15 17:28:07,969 [INFO] PluginManage:352 - Loaded plugin tools (category:base,tabindex:7)
2024-11-15 17:28:07,970 [INFO] PluginManage:302 - Check plugin tutovideos
2024-11-15 17:28:08,660 [INFO] PluginManage:352 - Loaded plugin tutovideos (category:base,tabindex:-1)
2024-11-15 17:28:08,660 [INFO] PluginManage:302 - Check plugin updater
2024-11-15 17:28:08,681 [INFO] PluginManage:352 - Loaded plugin updater (category:base,tabindex:12)
2024-11-15 17:28:08,681 [INFO] PluginManage:275 - PluginManage : Loaded plugins [13]
2024-11-15 17:28:09,321 [INFO] PinOutPanel:1463 - setPackage(No Configuration,No Configuration)
2024-11-15 17:28:09,569 [INFO] IPUIPlugin:74 - create IPUIPlugin
2024-11-15 17:28:09,569 [INFO] PluginManager:213 - loadIPPluginJar : add adc
2024-11-15 17:28:09,723 [INFO] IPUIPlugin:74 - create IPUIPlugin
2024-11-15 17:28:09,723 [INFO] PluginManager:213 - loadIPPluginJar : add aes
2024-11-15 17:28:09,867 [INFO] IPUIPlugin:74 - create IPUIPlugin
2024-11-15 17:28:09,869 [INFO] PluginManager:213 - loadIPPluginJar : add can
2024-11-15 17:28:09,870 [INFO] IPUIPlugin:74 - create IPUIPlugin
2024-11-15 17:28:09,870 [INFO] PluginManager:213 - loadIPPluginJar : add comp
2024-11-15 17:28:09,981 [INFO] IPUIPlugin:74 - create IPUIPlugin
2024-11-15 17:28:09,981 [INFO] PluginManager:213 - loadIPPluginJar : add cryp
2024-11-15 17:28:10,079 [INFO] IPUIPlugin:74 - create IPUIPlugin
2024-11-15 17:28:10,079 [INFO] PluginManager:213 - loadIPPluginJar : add dfsdm
2024-11-15 17:28:10,111 [INFO] IPUIPlugin:74 - create IPUIPlugin
2024-11-15 17:28:10,111 [INFO] PluginManager:213 - loadIPPluginJar : add dma
2024-11-15 17:28:10,261 [INFO] IPUIPlugin:74 - create IPUIPlugin
2024-11-15 17:28:10,261 [INFO] PluginManager:213 - loadIPPluginJar : add dma3
2024-11-15 17:28:10,360 [INFO] IPUIPlugin:74 - create IPUIPlugin
2024-11-15 17:28:10,360 [INFO] PluginManager:213 - loadIPPluginJar : add fatfs
2024-11-15 17:28:34,061 [INFO] Activator:177 - 


2024-11-15 17:28:34,067 [INFO] Activator:178 - !SESSION log4j initialized
2024-11-15 17:28:39,820 [INFO] McuFinderGlobals:39 - Set McuFinder mode to 2 (CubeIDE integrated)
2024-11-15 17:28:40,260 [INFO] ApplicationProperties:181 - Using Application install path: C:\Users\thuyh\STM32CubeIDE_1.7.0\STM32CubeIDE\plugins\com.st.stm32cube.common.mx_6.3.0.202107141111
2024-11-15 17:28:40,281 [INFO] DbMcusXml:74 - Set database path to: C:\Users\thuyh\STM32CubeIDE_1.7.0\STM32CubeIDE\plugins\com.st.stm32cube.common.mx_6.3.0.202107141111\\db\/mcu/
2024-11-15 17:28:40,287 [INFO] DbBoardsPdsc:56 - Set plugin database path to: C:\Users\thuyh\STM32CubeIDE_1.7.0\STM32CubeIDE\plugins\com.st.stm32cube.common.mx_6.3.0.202107141111\\db\/plugins/boardmanager/
2024-11-15 17:28:40,287 [INFO] DbMcus:258 - Set plugin images path to: C:\Users\thuyh\STM32CubeIDE_1.7.0\STM32CubeIDE\plugins\com.st.stm32cube.common.mx_6.3.0.202107141111\\db\/plugins/mcufinder/images/
2024-11-15 17:28:40,288 [INFO] DbBoards:264 - Set plugin images path to: C:\Users\thuyh\STM32CubeIDE_1.7.0\STM32CubeIDE\plugins\com.st.stm32cube.common.mx_6.3.0.202107141111\\db\/plugins/mcufinder/images/
2024-11-15 17:28:40,293 [INFO] DbExamples:333 - Set plugin images path to: C:\Users\thuyh\STM32CubeIDE_1.7.0\STM32CubeIDE\plugins\com.st.stm32cube.common.mx_6.3.0.202107141111\\db\/plugins/mcufinder/images/
2024-11-15 17:28:40,301 [INFO] DbMcusAds:119 - Set database path to: C:\Users\thuyh\.stmcufinder\plugins\mcufinder//mcu/
2024-11-15 17:28:40,303 [INFO] DbMcusDocs:110 - Set database path to: C:\Users\thuyh\.stmcufinder\plugins\mcufinder//mcu/
2024-11-15 17:28:40,305 [INFO] DbMcusJson:64 - Set database path to: C:\Users\thuyh\.stmcufinder\plugins\mcufinder//mcu/
2024-11-15 17:28:40,306 [INFO] DbBoardsDocs:110 - Set database path to: C:\Users\thuyh\.stmcufinder\plugins\mcufinder//mcu/
2024-11-15 17:28:40,308 [INFO] DbBoardsJson:57 - Set database path to: C:\Users\thuyh\.stmcufinder\plugins\mcufinder//mcu/
2024-11-15 17:28:51,399 [INFO] CrossReferenceDbSqlite:196 - Set database path to: C:\Users\thuyh\.stmcufinder\plugins\mcufinder//mcu/cs/
2024-11-15 17:28:51,405 [INFO] DbExamplesSqlite:767 - Set database path to: C:\Users\thuyh\.stmcufinder\plugins\mcufinder//mcu/
2024-11-15 17:28:51,571 [INFO] RulesReader:57 - Compatibility file has been processed (242 Rules)
2024-11-15 17:28:51,849 [INFO] DbMcusXml:74 - Set database path to: C:\Users\thuyh\STM32CubeIDE_1.7.0\STM32CubeIDE\plugins\com.st.stm32cube.common.mx_6.3.0.202107141111\\db\/mcu/
2024-11-15 17:28:51,851 [INFO] DbBoardsPdsc:56 - Set plugin database path to: C:\Users\thuyh\STM32CubeIDE_1.7.0\STM32CubeIDE\plugins\com.st.stm32cube.common.mx_6.3.0.202107141111\\db\/plugins/boardmanager/
2024-11-15 17:28:51,852 [INFO] DbMcus:258 - Set plugin images path to: C:\Users\thuyh\STM32CubeIDE_1.7.0\STM32CubeIDE\plugins\com.st.stm32cube.common.mx_6.3.0.202107141111\\db\/plugins/mcufinder/images/
2024-11-15 17:28:51,852 [INFO] DbBoards:264 - Set plugin images path to: C:\Users\thuyh\STM32CubeIDE_1.7.0\STM32CubeIDE\plugins\com.st.stm32cube.common.mx_6.3.0.202107141111\\db\/plugins/mcufinder/images/
2024-11-15 17:28:51,854 [INFO] DbExamples:333 - Set plugin images path to: C:\Users\thuyh\STM32CubeIDE_1.7.0\STM32CubeIDE\plugins\com.st.stm32cube.common.mx_6.3.0.202107141111\\db\/plugins/mcufinder/images/
2024-11-15 17:28:51,854 [WARN] DbFile:35 - Overriding database path with different value: C:\Users\thuyh\.stmcufinder\plugins\mcufinder/ => C:\Users\thuyh\.stmcufinder\plugins\mcufinder
2024-11-15 17:28:51,854 [INFO] DbMcusAds:119 - Set database path to: C:\Users\thuyh\.stmcufinder\plugins\mcufinder//mcu/
2024-11-15 17:28:51,854 [WARN] DbFile:35 - Overriding database path with different value: C:\Users\thuyh\.stmcufinder\plugins\mcufinder/ => C:\Users\thuyh\.stmcufinder\plugins\mcufinder
2024-11-15 17:28:51,854 [INFO] DbMcusDocs:110 - Set database path to: C:\Users\thuyh\.stmcufinder\plugins\mcufinder//mcu/
2024-11-15 17:28:51,854 [WARN] DbFile:35 - Overriding database path with different value: C:\Users\thuyh\.stmcufinder\plugins\mcufinder/ => C:\Users\thuyh\.stmcufinder\plugins\mcufinder
2024-11-15 17:28:51,854 [INFO] DbMcusJson:64 - Set database path to: C:\Users\thuyh\.stmcufinder\plugins\mcufinder//mcu/
2024-11-15 17:28:51,854 [WARN] DbFile:35 - Overriding database path with different value: C:\Users\thuyh\.stmcufinder\plugins\mcufinder/ => C:\Users\thuyh\.stmcufinder\plugins\mcufinder
2024-11-15 17:28:51,854 [INFO] DbBoardsDocs:110 - Set database path to: C:\Users\thuyh\.stmcufinder\plugins\mcufinder//mcu/
2024-11-15 17:28:51,854 [WARN] DbFile:35 - Overriding database path with different value: C:\Users\thuyh\.stmcufinder\plugins\mcufinder/ => C:\Users\thuyh\.stmcufinder\plugins\mcufinder
2024-11-15 17:28:51,854 [INFO] DbBoardsJson:57 - Set database path to: C:\Users\thuyh\.stmcufinder\plugins\mcufinder//mcu/
2024-11-15 17:28:51,854 [WARN] DbFile:35 - Overriding database path with different value: C:\Users\thuyh\.stmcufinder\plugins\mcufinder/ => C:\Users\thuyh\.stmcufinder\plugins\mcufinder
2024-11-15 17:28:51,854 [WARN] DbFile:35 - Overriding database path with different value: C:\Users\thuyh\.stmcufinder\plugins\mcufinder/ => C:\Users\thuyh\.stmcufinder\plugins\mcufinder
2024-11-15 17:28:51,854 [INFO] CrossReferenceDbSqlite:196 - Set database path to: C:\Users\thuyh\.stmcufinder\plugins\mcufinder//mcu/cs/
2024-11-15 17:28:51,855 [WARN] DbFile:35 - Overriding database path with different value: C:\Users\thuyh\.stmcufinder\plugins\mcufinder/ => C:\Users\thuyh\.stmcufinder\plugins\mcufinder
2024-11-15 17:28:51,855 [INFO] DbExamplesSqlite:767 - Set database path to: C:\Users\thuyh\.stmcufinder\plugins\mcufinder//mcu/
2024-11-15 17:28:51,974 [INFO] MainPanel:214 - HeapMemory: 268435456
2024-11-15 17:28:52,134 [INFO] DbMcusXml:74 - Set database path to: C:\Users\thuyh\STM32CubeIDE_1.7.0\STM32CubeIDE\plugins\com.st.stm32cube.common.mx_6.3.0.202107141111\\db\/mcu/
2024-11-15 17:28:52,135 [INFO] DbBoardsPdsc:56 - Set plugin database path to: C:\Users\thuyh\STM32CubeIDE_1.7.0\STM32CubeIDE\plugins\com.st.stm32cube.common.mx_6.3.0.202107141111\\db\/plugins/boardmanager/
2024-11-15 17:28:52,135 [INFO] DbMcus:258 - Set plugin images path to: C:\Users\thuyh\STM32CubeIDE_1.7.0\STM32CubeIDE\plugins\com.st.stm32cube.common.mx_6.3.0.202107141111\\db\/plugins/mcufinder/images/
2024-11-15 17:28:52,135 [INFO] DbBoards:264 - Set plugin images path to: C:\Users\thuyh\STM32CubeIDE_1.7.0\STM32CubeIDE\plugins\com.st.stm32cube.common.mx_6.3.0.202107141111\\db\/plugins/mcufinder/images/
2024-11-15 17:28:52,135 [INFO] DbExamples:333 - Set plugin images path to: C:\Users\thuyh\STM32CubeIDE_1.7.0\STM32CubeIDE\plugins\com.st.stm32cube.common.mx_6.3.0.202107141111\\db\/plugins/mcufinder/images/
2024-11-15 17:28:52,136 [WARN] DbFile:35 - Overriding database path with different value: C:\Users\thuyh\.stmcufinder\plugins\mcufinder/ => C:\Users\thuyh\.stmcufinder\plugins\mcufinder
2024-11-15 17:28:52,136 [INFO] DbMcusAds:119 - Set database path to: C:\Users\thuyh\.stmcufinder\plugins\mcufinder//mcu/
2024-11-15 17:28:52,136 [WARN] DbFile:35 - Overriding database path with different value: C:\Users\thuyh\.stmcufinder\plugins\mcufinder/ => C:\Users\thuyh\.stmcufinder\plugins\mcufinder
2024-11-15 17:28:52,136 [INFO] DbMcusDocs:110 - Set database path to: C:\Users\thuyh\.stmcufinder\plugins\mcufinder//mcu/
2024-11-15 17:28:52,136 [WARN] DbFile:35 - Overriding database path with different value: C:\Users\thuyh\.stmcufinder\plugins\mcufinder/ => C:\Users\thuyh\.stmcufinder\plugins\mcufinder
2024-11-15 17:28:52,137 [INFO] DbMcusJson:64 - Set database path to: C:\Users\thuyh\.stmcufinder\plugins\mcufinder//mcu/
2024-11-15 17:28:52,137 [WARN] DbFile:35 - Overriding database path with different value: C:\Users\thuyh\.stmcufinder\plugins\mcufinder/ => C:\Users\thuyh\.stmcufinder\plugins\mcufinder
2024-11-15 17:28:52,137 [INFO] DbBoardsDocs:110 - Set database path to: C:\Users\thuyh\.stmcufinder\plugins\mcufinder//mcu/
2024-11-15 17:28:52,137 [WARN] DbFile:35 - Overriding database path with different value: C:\Users\thuyh\.stmcufinder\plugins\mcufinder/ => C:\Users\thuyh\.stmcufinder\plugins\mcufinder
2024-11-15 17:28:52,137 [INFO] DbBoardsJson:57 - Set database path to: C:\Users\thuyh\.stmcufinder\plugins\mcufinder//mcu/
2024-11-15 17:28:52,137 [WARN] DbFile:35 - Overriding database path with different value: C:\Users\thuyh\.stmcufinder\plugins\mcufinder/ => C:\Users\thuyh\.stmcufinder\plugins\mcufinder
2024-11-15 17:28:52,138 [WARN] DbFile:35 - Overriding database path with different value: C:\Users\thuyh\.stmcufinder\plugins\mcufinder/ => C:\Users\thuyh\.stmcufinder\plugins\mcufinder
2024-11-15 17:28:52,138 [INFO] CrossReferenceDbSqlite:196 - Set database path to: C:\Users\thuyh\.stmcufinder\plugins\mcufinder//mcu/cs/
2024-11-15 17:28:52,138 [WARN] DbFile:35 - Overriding database path with different value: C:\Users\thuyh\.stmcufinder\plugins\mcufinder/ => C:\Users\thuyh\.stmcufinder\plugins\mcufinder
2024-11-15 17:28:52,138 [INFO] DbExamplesSqlite:767 - Set database path to: C:\Users\thuyh\.stmcufinder\plugins\mcufinder//mcu/
2024-11-15 17:28:52,173 [INFO] ApplicationProperties:181 - Using Application install path: C:\Users\thuyh\STM32CubeIDE_1.7.0\STM32CubeIDE\plugins\com.st.stm32cube.common.mx_6.3.0.202107141111
2024-11-15 17:28:52,175 [INFO] PluginManage:188 - Search for loadable plugins [exclusion list=, ]
2024-11-15 17:28:52,177 [INFO] PluginManage:302 - Check plugin analytics
2024-11-15 17:28:52,622 [INFO] AnalyticsPlugin:257 - Accepted Software Licenses: 
2024-11-15 17:28:52,625 [INFO] AnalyticsPlugin:259 - Accepted CMSIS Pack Licenses: 
2024-11-15 17:28:52,635 [INFO] AnalyticsPlugin:261 - Accepted Firmware Licenses: 
2024-11-15 17:28:52,636 [INFO] PluginManage:352 - Loaded plugin analytics (category:tool,tabindex:-1)
2024-11-15 17:28:52,637 [INFO] PluginManage:302 - Check plugin clock
2024-11-15 17:28:52,670 [INFO] PluginManage:352 - Loaded plugin clock (category:base,tabindex:2)
2024-11-15 17:28:52,671 [INFO] PluginManage:302 - Check plugin ddr
2024-11-15 17:28:52,686 [INFO] PluginManage:352 - Loaded plugin ddr (category:tool,tabindex:6)
2024-11-15 17:28:52,686 [INFO] PluginManage:302 - Check plugin filemanager
2024-11-15 17:28:52,954 [INFO] PluginManage:352 - Loaded plugin filemanager (category:base,tabindex:10)
2024-11-15 17:28:52,955 [INFO] PluginManage:302 - Check plugin ipmanager
2024-11-15 17:28:52,969 [INFO] PluginManage:352 - Loaded plugin ipmanager (category:base,tabindex:5)
2024-11-15 17:28:52,970 [INFO] PluginManage:302 - Check plugin pinoutandconfiguration
2024-11-15 17:28:52,987 [INFO] PluginManage:352 - Loaded plugin pinoutandconfiguration (category:base,tabindex:1)
2024-11-15 17:28:52,987 [INFO] PluginManage:302 - Check plugin pinoutconfig
2024-11-15 17:28:53,056 [INFO] PluginManage:352 - Loaded plugin pinoutconfig (category:base,tabindex:0)
2024-11-15 17:28:53,056 [INFO] PluginManage:302 - Check plugin power
2024-11-15 17:28:53,087 [INFO] PluginManage:352 - Loaded plugin power (category:power,tabindex:4)
2024-11-15 17:28:53,087 [INFO] PluginManage:302 - Check plugin projectmanager
2024-11-15 17:28:53,127 [INFO] PluginManage:352 - Loaded plugin projectmanager (category:projectmanager,tabindex:3)
2024-11-15 17:28:53,127 [INFO] PluginManage:302 - Check plugin thirdparty
2024-11-15 17:28:53,387 [WARN] IntegrityCheckThread:78 - waiting for thirdparty lock release [integrity check]
2024-11-15 17:28:53,389 [INFO] IntegrityCheckThread:80 - entering critical section [integrity check]
2024-11-15 17:28:53,389 [INFO] PluginManage:352 - Loaded plugin thirdparty (category:base,tabindex:-1)
2024-11-15 17:28:53,389 [INFO] ThirdPartyUpdaterWithRetryManager:66 - Updater plugin not ready yet. [1/15]
2024-11-15 17:28:53,389 [INFO] PluginManage:302 - Check plugin tools
2024-11-15 17:28:53,396 [INFO] PluginManage:352 - Loaded plugin tools (category:base,tabindex:7)
2024-11-15 17:28:53,397 [INFO] PluginManage:302 - Check plugin tutovideos
2024-11-15 17:28:53,931 [INFO] PluginManage:352 - Loaded plugin tutovideos (category:base,tabindex:-1)
2024-11-15 17:28:53,931 [INFO] PluginManage:302 - Check plugin updater
2024-11-15 17:28:53,953 [INFO] PluginManage:352 - Loaded plugin updater (category:base,tabindex:12)
2024-11-15 17:28:53,953 [INFO] PluginManage:275 - PluginManage : Loaded plugins [13]
2024-11-15 17:28:54,534 [INFO] PinOutPanel:1463 - setPackage(No Configuration,No Configuration)
2024-11-15 17:28:54,700 [INFO] IPUIPlugin:74 - create IPUIPlugin
2024-11-15 17:28:54,701 [INFO] PluginManager:213 - loadIPPluginJar : add adc
2024-11-15 17:28:54,705 [INFO] IPUIPlugin:74 - create IPUIPlugin
2024-11-15 17:28:54,705 [INFO] PluginManager:213 - loadIPPluginJar : add aes
2024-11-15 17:28:54,711 [INFO] IPUIPlugin:74 - create IPUIPlugin
2024-11-15 17:28:54,712 [INFO] PluginManager:213 - loadIPPluginJar : add can
2024-11-15 17:28:54,715 [INFO] IPUIPlugin:74 - create IPUIPlugin
2024-11-15 17:28:54,716 [INFO] PluginManager:213 - loadIPPluginJar : add comp
2024-11-15 17:28:54,722 [INFO] IPUIPlugin:74 - create IPUIPlugin
2024-11-15 17:28:54,722 [INFO] PluginManager:213 - loadIPPluginJar : add cryp
2024-11-15 17:28:54,729 [INFO] IPUIPlugin:74 - create IPUIPlugin
2024-11-15 17:28:54,729 [INFO] PluginManager:213 - loadIPPluginJar : add dfsdm
2024-11-15 17:28:54,736 [INFO] IPUIPlugin:74 - create IPUIPlugin
2024-11-15 17:28:54,737 [INFO] PluginManager:213 - loadIPPluginJar : add dma
2024-11-15 17:28:54,743 [INFO] IPUIPlugin:74 - create IPUIPlugin
2024-11-15 17:28:54,743 [INFO] PluginManager:213 - loadIPPluginJar : add dma3
2024-11-15 17:28:54,746 [INFO] IPUIPlugin:74 - create IPUIPlugin
2024-11-15 17:28:54,746 [INFO] PluginManager:213 - loadIPPluginJar : add fatfs
2024-11-15 17:28:54,754 [INFO] IPUIPlugin:74 - create IPUIPlugin
2024-11-15 17:28:54,754 [INFO] PluginManager:213 - loadIPPluginJar : add fmc
2024-11-15 17:28:54,836 [INFO] IPUIPlugin:74 - create IPUIPlugin
2024-11-15 17:28:54,837 [INFO] PluginManager:213 - loadIPPluginJar : add freertos
2024-11-15 17:28:54,930 [INFO] IPUIPlugin:74 - create IPUIPlugin
2024-11-15 17:28:54,931 [INFO] PluginManager:213 - loadIPPluginJar : add genericplugin
2024-11-15 17:28:55,164 [INFO] IPUIPlugin:74 - create IPUIPlugin
2024-11-15 17:28:55,164 [INFO] PluginManager:213 - loadIPPluginJar : add gfxmmu
2024-11-15 17:28:55,479 [INFO] IPUIPlugin:74 - create IPUIPlugin
2024-11-15 17:28:55,479 [INFO] PluginManager:213 - loadIPPluginJar : add gic
2024-11-15 17:28:55,512 [INFO] IPUIPlugin:74 - create IPUIPlugin
2024-11-15 17:28:55,513 [INFO] PluginManager:213 - loadIPPluginJar : add gpio
2024-11-15 17:28:55,695 [INFO] IPUIPlugin:74 - create IPUIPlugin
2024-11-15 17:28:55,695 [INFO] PluginManager:213 - loadIPPluginJar : add gtzc
2024-11-15 17:28:55,791 [INFO] IPUIPlugin:74 - create IPUIPlugin
2024-11-15 17:28:55,791 [INFO] PluginManager:213 - loadIPPluginJar : add hash
2024-11-15 17:28:55,929 [INFO] IPUIPlugin:74 - create IPUIPlugin
2024-11-15 17:28:55,930 [INFO] PluginManager:213 - loadIPPluginJar : add i2c
2024-11-15 17:28:56,053 [INFO] IPUIPlugin:74 - create IPUIPlugin
2024-11-15 17:28:56,053 [INFO] PluginManager:213 - loadIPPluginJar : add i2s
2024-11-15 17:28:56,079 [INFO] IPUIPlugin:74 - create IPUIPlugin
2024-11-15 17:28:56,080 [INFO] PluginManager:213 - loadIPPluginJar : add ipddr
2024-11-15 17:28:56,283 [INFO] IPUIPlugin:74 - create IPUIPlugin
2024-11-15 17:28:56,283 [INFO] PluginManager:213 - loadIPPluginJar : add linkedlist
2024-11-15 17:28:56,394 [INFO] IPUIPlugin:74 - create IPUIPlugin
2024-11-15 17:28:56,395 [INFO] PluginManager:213 - loadIPPluginJar : add lorawan
2024-11-15 17:28:56,404 [INFO] ThirdPartyUpdaterWithRetryManager:66 - Updater plugin not ready yet. [2/15]
2024-11-15 17:28:56,516 [INFO] IPUIPlugin:74 - create IPUIPlugin
2024-11-15 17:28:56,517 [INFO] PluginManager:213 - loadIPPluginJar : add ltdc
2024-11-15 17:28:56,541 [INFO] IPUIPlugin:74 - create IPUIPlugin
2024-11-15 17:28:56,542 [INFO] PluginManager:213 - loadIPPluginJar : add mdma
2024-11-15 17:28:56,561 [INFO] IPUIPlugin:74 - create IPUIPlugin
2024-11-15 17:28:56,562 [INFO] PluginManager:213 - loadIPPluginJar : add nvic
2024-11-15 17:28:56,673 [INFO] IPUIPlugin:74 - create IPUIPlugin
2024-11-15 17:28:56,673 [INFO] PluginManager:213 - loadIPPluginJar : add opamp
2024-11-15 17:28:56,832 [INFO] IPUIPlugin:74 - create IPUIPlugin
2024-11-15 17:28:56,832 [INFO] PluginManager:213 - loadIPPluginJar : add openamp
2024-11-15 17:28:56,960 [INFO] IPUIPlugin:74 - create IPUIPlugin
2024-11-15 17:28:56,961 [INFO] PluginManager:213 - loadIPPluginJar : add pdm2pcm
2024-11-15 17:28:56,990 [INFO] IPUIPlugin:74 - create IPUIPlugin
2024-11-15 17:28:56,996 [INFO] PluginManager:213 - loadIPPluginJar : add plateformsettings
2024-11-15 17:28:57,065 [INFO] IPUIPlugin:74 - create IPUIPlugin
2024-11-15 17:28:57,065 [INFO] PluginManager:213 - loadIPPluginJar : add quadspi
2024-11-15 17:28:57,095 [INFO] IPUIPlugin:74 - create IPUIPlugin
2024-11-15 17:28:57,095 [INFO] PluginManager:213 - loadIPPluginJar : add resmgrutility
2024-11-15 17:28:57,235 [INFO] IPUIPlugin:74 - create IPUIPlugin
2024-11-15 17:28:57,235 [INFO] PluginManager:213 - loadIPPluginJar : add sai
2024-11-15 17:28:57,332 [INFO] IPUIPlugin:74 - create IPUIPlugin
2024-11-15 17:28:57,333 [INFO] PluginManager:213 - loadIPPluginJar : add spi
2024-11-15 17:28:57,497 [INFO] IPUIPlugin:74 - create IPUIPlugin
2024-11-15 17:28:57,498 [INFO] PluginManager:213 - loadIPPluginJar : add stm32_wpan
2024-11-15 17:28:57,569 [INFO] IPUIPlugin:74 - create IPUIPlugin
2024-11-15 17:28:57,570 [INFO] PluginManager:213 - loadIPPluginJar : add tim
2024-11-15 17:28:57,735 [INFO] IPUIPlugin:74 - create IPUIPlugin
2024-11-15 17:28:57,735 [INFO] PluginManager:213 - loadIPPluginJar : add touchsensing
2024-11-15 17:28:57,813 [INFO] IPUIPlugin:74 - create IPUIPlugin
2024-11-15 17:28:57,813 [INFO] PluginManager:213 - loadIPPluginJar : add tracer_emb
2024-11-15 17:28:57,914 [INFO] IPUIPlugin:74 - create IPUIPlugin
2024-11-15 17:28:57,915 [INFO] PluginManager:213 - loadIPPluginJar : add ts
2024-11-15 17:28:58,007 [INFO] IPUIPlugin:74 - create IPUIPlugin
2024-11-15 17:28:58,007 [INFO] PluginManager:213 - loadIPPluginJar : add tsc
2024-11-15 17:28:58,085 [INFO] IPUIPlugin:74 - create IPUIPlugin
2024-11-15 17:28:58,085 [INFO] PluginManager:213 - loadIPPluginJar : add ucpd
2024-11-15 17:28:58,201 [INFO] IPUIPlugin:74 - create IPUIPlugin
2024-11-15 17:28:58,201 [INFO] PluginManager:213 - loadIPPluginJar : add usart
2024-11-15 17:28:58,295 [INFO] IPUIPlugin:74 - create IPUIPlugin
2024-11-15 17:28:58,295 [INFO] PluginManager:213 - loadIPPluginJar : add usbx
2024-11-15 17:28:58,857 [FATAL] Updater:294 - Updater called before beeing initialized
2024-11-15 17:28:59,193 [FATAL] Updater:294 - Updater called before beeing initialized
2024-11-15 17:28:59,223 [INFO] DbMcusAds:47 - JSON generation date=Fri Sep 20 20:04:38 ICT 2024 (1726837478367)
2024-11-15 17:28:59,226 [FATAL] Updater:294 - Updater called before beeing initialized
2024-11-15 17:28:59,417 [INFO] ThirdPartyUpdaterWithRetryManager:66 - Updater plugin not ready yet. [3/15]
2024-11-15 17:28:59,464 [WARN] DetailPanel:314 - Failed to get advertising image, set to default
2024-11-15 17:28:59,763 [FATAL] Updater:294 - Updater called before beeing initialized
2024-11-15 17:28:59,771 [FATAL] Updater:294 - Updater called before beeing initialized
2024-11-15 17:28:59,772 [FATAL] Updater:294 - Updater called before beeing initialized
2024-11-15 17:28:59,772 [WARN] DetailPanel:314 - Failed to get advertising image, set to default
2024-11-15 17:28:59,775 [FATAL] Updater:294 - Updater called before beeing initialized
2024-11-15 17:28:59,923 [ERROR] Updater:1075 - MainUpdater not yet initialized. External WinMGr cannot be set.
2024-11-15 17:28:59,929 [INFO] Updater:1012 - Updater Version found : 6.3.0
2024-11-15 17:28:59,967 [INFO] ApplicationProperties:181 - Using Application install path: C:\Users\thuyh\STM32CubeIDE_1.7.0\STM32CubeIDE\plugins\com.st.stm32cube.common.mx_6.3.0.202107141111
2024-11-15 17:29:00,600 [INFO] MainUpdater:2671 - connection check result : 10
2024-11-15 17:29:00,602 [INFO] MainUpdater:265 - Updater Check For Update Now.
2024-11-15 17:29:00,603 [INFO] MicroXplorer:478 - Change Database Version : DB.6.0.30
2024-11-15 17:29:01,228 [INFO] CheckServerUpdateThread:112 - End of CheckServer Thread
2024-11-15 17:29:01,300 [INFO] MainUpdater:2671 - connection check result : 10
2024-11-15 17:29:01,316 [INFO] MainUpdater:2671 - connection check result : 10
2024-11-15 17:29:02,031 [INFO] MicroXplorer:448 - Change Database Path : 
2024-11-15 17:29:02,032 [INFO] MicroXplorer:478 - Change Database Version : DB.6.0.30
2024-11-15 17:29:02,033 [WARN] ThirdParty:813 - waiting for thirdparty lock release [close project]
2024-11-15 17:29:02,815 [ERROR] Engine:463 - C:\Users\thuyh\.stm32cubemx\thirdparties\pdsc\STMicroelectronics.FP-SNS-MOTENVWB1.1.4.0.pdsc: PDSC version is not supported
2024-11-15 17:29:02,879 [WARN] PackLoader:238 - Cannot read IP mode file for STMicroelectronics.FP-ATR-ASTRA1.2.0.1
2024-11-15 17:29:02,905 [ERROR] Engine:463 - C:\Users\thuyh\.stm32cubemx\thirdparties\pdsc\STMicroelectronics.X-CUBE-SMBUS.2.1.0.pdsc: PDSC version is not supported
2024-11-15 17:29:02,935 [WARN] PackLoader:238 - Cannot read IP mode file for STMicroelectronics.X-CUBE-WB05N.1.1.0
2024-11-15 17:29:03,041 [WARN] PackLoader:238 - Cannot read IP mode file for STMicroelectronics.X-CUBE-AZRTOS-F7.1.1.0
2024-11-15 17:29:03,221 [WARN] PackLoader:238 - Cannot read IP mode file for STMicroelectronics.X-CUBE-MEMS1.11.0.0
2024-11-15 17:29:03,609 [ERROR] Engine:463 - C:\Users\thuyh\.stm32cubemx\thirdparties\pdsc\STMicroelectronics.FP-SNS-FLIGHT1.5.0.2.pdsc: PDSC version is not supported
2024-11-15 17:29:03,633 [ERROR] Engine:463 - C:\Users\thuyh\.stm32cubemx\thirdparties\pdsc\STMicroelectronics.X-CUBE-DISPLAY.3.0.0.pdsc: PDSC version is not supported
2024-11-15 17:29:03,664 [WARN] PackLoader:238 - Cannot read IP mode file for STMicroelectronics.X-CUBE-BLE1.7.0.0
2024-11-15 17:29:03,694 [WARN] PackLoader:238 - Cannot read IP mode file for STMicroelectronics.X-CUBE-NFC10.1.0.0
2024-11-15 17:29:03,720 [ERROR] Engine:463 - C:\Users\thuyh\.stm32cubemx\thirdparties\pdsc\emotas.I-CUBE-CANOPEN.1.3.0.pdsc: PDSC version is not supported
2024-11-15 17:29:03,741 [ERROR] Engine:463 - C:\Users\thuyh\.stm32cubemx\thirdparties\pdsc\STMicroelectronics.X-CUBE-BLEMGR.3.1.0.pdsc: PDSC version is not supported
2024-11-15 17:29:03,760 [ERROR] Engine:463 - C:\Users\thuyh\.stm32cubemx\thirdparties\pdsc\STMicroelectronics.FP-SNS-SMARTAG2.1.2.0.pdsc: PDSC version is not supported
2024-11-15 17:29:03,804 [INFO] LogOutputStream:76 - [STDOUT_REDIRECT] 1 : Invalid condition id : UX_CORESTACK_Condition cause : null
2024-11-15 17:29:03,808 [INFO] LogOutputStream:76 - [STDOUT_REDIRECT] 1 : Invalid condition id : UX_CORESTACK_Condition cause : null
2024-11-15 17:29:03,811 [INFO] LogOutputStream:76 - [STDOUT_REDIRECT] 1 : Invalid condition id : UX_CORESTACK_Condition cause : null
2024-11-15 17:29:03,814 [INFO] LogOutputStream:76 - [STDOUT_REDIRECT] 1 : Invalid condition id : UX_CORESTACK_Condition cause : null
2024-11-15 17:29:03,818 [INFO] LogOutputStream:76 - [STDOUT_REDIRECT] 1 : Invalid condition id : UX_CORESTACK_Condition cause : null
2024-11-15 17:29:03,823 [WARN] PackLoader:238 - Cannot read IP mode file for STMicroelectronics.X-CUBE-AZRTOS-WL.2.0.0
2024-11-15 17:29:03,851 [ERROR] Engine:463 - C:\Users\thuyh\.stm32cubemx\thirdparties\pdsc\STMicroelectronics.FP-SNS-MOTENV1.5.0.0.pdsc: PDSC version is not supported
2024-11-15 17:29:03,875 [WARN] PackLoader:238 - Cannot read IP mode file for wolfSSL.I-CUBE-wolfMQTT.1.19.0
2024-11-15 17:29:03,930 [WARN] PackLoader:238 - Cannot read IP mode file for WES.I-CUBE-Cesium.1.3.0
2024-11-15 17:29:03,968 [WARN] PackLoader:238 - Cannot read IP mode file for STMicroelectronics.X-CUBE-BLE2.3.3.0
2024-11-15 17:29:04,007 [WARN] PackLoader:238 - Cannot read IP mode file for STMicroelectronics.X-CUBE-NFC9.1.0.0
2024-11-15 17:29:04,061 [ERROR] Engine:463 - C:\Users\thuyh\.stm32cubemx\thirdparties\pdsc\STMicroelectronics.X-CUBE-TCPP.4.1.0.pdsc: PDSC version is not supported
2024-11-15 17:29:04,139 [WARN] PackLoader:238 - Cannot read IP mode file for STMicroelectronics.X-CUBE-AZRTOS-G0.1.1.0
2024-11-15 17:29:04,180 [WARN] PackLoader:238 - Cannot read IP mode file for STMicroelectronics.X-CUBE-SAFEA1.1.2.2
2024-11-15 17:29:04,217 [WARN] PackLoader:238 - Cannot read IP mode file for STMicroelectronics.X-CUBE-NFC4.3.0.0
2024-11-15 17:29:04,255 [ERROR] Engine:463 - C:\Users\thuyh\.stm32cubemx\thirdparties\pdsc\EmbeddedOffice.I-CUBE-FS-RTOS.1.0.1.pdsc: PDSC version is not supported
2024-11-15 17:29:04,286 [ERROR] Engine:463 - C:\Users\thuyh\.stm32cubemx\thirdparties\pdsc\RealThread.X-CUBE-RT-Thread_Nano.4.1.1.pdsc: PDSC version is not supported
2024-11-15 17:29:04,309 [WARN] PackLoader:238 - Cannot read IP mode file for STMicroelectronics.FP-ATR-SIGFOX1.3.2.0
2024-11-15 17:29:04,331 [WARN] PackLoader:238 - Cannot read IP mode file for wolfSSL.I-CUBE-wolfSSL.5.7.2
2024-11-15 17:29:04,351 [ERROR] Engine:463 - C:\Users\thuyh\.stm32cubemx\thirdparties\pdsc\quantropi.X-CUBE-qispace-sdk-base.1.9.3.pdsc: PDSC version is not supported
2024-11-15 17:29:04,384 [WARN] PackLoader:238 - Cannot read IP mode file for STMicroelectronics.X-CUBE-EEPRMA1.5.1.0
2024-11-15 17:29:04,417 [ERROR] Engine:463 - C:\Users\thuyh\.stm32cubemx\thirdparties\pdsc\ITTIA_DB.I-CUBE-ITTIADB.8.9.0.pdsc: PDSC version is not supported
2024-11-15 17:29:04,526 [WARN] PackLoader:238 - Cannot read IP mode file for SEGGER.I-CUBE-embOS.1.3.1
2024-11-15 17:29:04,672 [WARN] PackLoader:238 - Cannot read IP mode file for STMicroelectronics.X-CUBE-ALGOBUILD.1.4.0
2024-11-15 17:29:04,701 [WARN] PackLoader:238 - Cannot read IP mode file for STMicroelectronics.X-CUBE-AI.9.1.0
2024-11-15 17:29:04,727 [WARN] PackLoader:238 - Cannot read IP mode file for STMicroelectronics.X-CUBE-GNSS1.6.0.0
2024-11-15 17:29:04,792 [WARN] PackLoader:238 - Cannot read IP mode file for STMicroelectronics.X-CUBE-AZRTOS-F4.1.1.0
2024-11-15 17:29:04,826 [WARN] PackLoader:238 - Cannot read IP mode file for STMicroelectronics.X-CUBE-ISPU.2.1.0
2024-11-15 17:29:04,849 [ERROR] Engine:463 - C:\Users\thuyh\.stm32cubemx\thirdparties\pdsc\STMicroelectronics.X-CUBE-FREERTOS.1.2.0.pdsc: PDSC version is not supported
2024-11-15 17:29:04,910 [WARN] PackLoader:238 - Cannot read IP mode file for STMicroelectronics.X-CUBE-AZRTOS-L5.2.0.0
2024-11-15 17:29:04,953 [WARN] PackLoader:238 - Cannot read IP mode file for STMicroelectronics.X-CUBE-NFC6.3.1.0
2024-11-15 17:29:04,994 [ERROR] Engine:463 - C:\Users\thuyh\.stm32cubemx\thirdparties\pdsc\STMicroelectronics.X-CUBE-DPower.1.2.0.pdsc: PDSC version is not supported
2024-11-15 17:29:05,016 [WARN] PackLoader:238 - Cannot read IP mode file for STMicroelectronics.X-CUBE-AI.9.0.0
2024-11-15 17:29:05,045 [WARN] PackLoader:238 - Cannot read IP mode file for STMicroelectronics.X-CUBE-NFC7.1.0.1
2024-11-15 17:29:05,122 [WARN] ConditionMgr:437 - getConditionDescription Invalid condition id : LAN8742 Phy interface Condition cause : null
2024-11-15 17:29:05,124 [WARN] PackLoader:238 - Cannot read IP mode file for STMicroelectronics.X-CUBE-AZRTOS-L4.2.0.0
2024-11-15 17:29:05,126 [WARN] ConditionMgr:1038 - genDependencies : Invalid condition id : LAN8742 Phy interface Condition cause : null
2024-11-15 17:29:05,126 [WARN] ConditionMgr:1038 - genDependencies : Invalid condition id : LAN8742 Phy interface Condition cause : null
2024-11-15 17:29:05,127 [WARN] ConditionMgr:1038 - genDependencies : Invalid condition id : LAN8742 Phy interface Condition cause : null
2024-11-15 17:29:05,163 [WARN] PackLoader:238 - Cannot read IP mode file for STMicroelectronics.X-CUBE-SFXS2LP1.4.0.0
2024-11-15 17:29:05,233 [WARN] PackLoader:238 - Cannot read IP mode file for STMicroelectronics.X-CUBE-AZRTOS-H7.3.3.0
2024-11-15 17:29:05,270 [ERROR] Engine:463 - C:\Users\thuyh\.stm32cubemx\thirdparties\pdsc\STMicroelectronics.X-CUBE-IPS.3.0.0.pdsc: PDSC version is not supported
2024-11-15 17:29:05,327 [WARN] ConditionMgr:437 - getConditionDescription Invalid condition id : UX DEVICE CLASS RTOS Condition cause : null
2024-11-15 17:29:05,328 [WARN] ConditionMgr:437 - getConditionDescription Invalid condition id : UX DEVICE CLASS RTOS Condition cause : null
2024-11-15 17:29:05,335 [WARN] PackLoader:238 - Cannot read IP mode file for STMicroelectronics.X-CUBE-AZRTOS-WB.2.0.0
2024-11-15 17:29:05,338 [WARN] ConditionMgr:1038 - genDependencies : Invalid condition id : UX DEVICE CLASS RTOS Condition cause : null
2024-11-15 17:29:05,338 [WARN] ConditionMgr:1038 - genDependencies : Invalid condition id : UX DEVICE CLASS RTOS Condition cause : null
2024-11-15 17:29:05,340 [WARN] ConditionMgr:1038 - genDependencies : Invalid condition id : UX DEVICE CLASS RTOS Condition cause : null
2024-11-15 17:29:05,342 [WARN] ConditionMgr:1038 - genDependencies : Invalid condition id : UX DEVICE CLASS RTOS Condition cause : null
2024-11-15 17:29:05,342 [WARN] ConditionMgr:1038 - genDependencies : Invalid condition id : UX DEVICE CLASS RTOS Condition cause : null
2024-11-15 17:29:05,370 [WARN] PackLoader:238 - Cannot read IP mode file for STMicroelectronics.X-CUBE-GNSS1.7.0.0
2024-11-15 17:29:05,399 [ERROR] Engine:463 - C:\Users\thuyh\.stm32cubemx\thirdparties\pdsc\STMicroelectronics.FP-SNS-STBOX1.2.0.0.pdsc: PDSC version is not supported
2024-11-15 17:29:05,436 [WARN] PackLoader:238 - Cannot read IP mode file for STMicroelectronics.X-CUBE-SUBG2.5.0.0
2024-11-15 17:29:05,455 [ERROR] Engine:463 - C:\Users\thuyh\.stm32cubemx\thirdparties\pdsc\Cesanta.I-CUBE-Mongoose.7.13.0.pdsc: PDSC version is not supported
2024-11-15 17:29:05,502 [WARN] PackLoader:238 - Cannot read IP mode file for STMicroelectronics.X-CUBE-AZRTOS-G4.2.0.0
2024-11-15 17:29:05,526 [WARN] PackLoader:238 - Cannot read IP mode file for STMicroelectronics.X-CUBE-ISPU.2.0.0
2024-11-15 17:29:05,545 [ERROR] Engine:463 - C:\Users\thuyh\.stm32cubemx\thirdparties\pdsc\STMicroelectronics.X-CUBE-ALS.1.0.2.pdsc: PDSC version is not supported
2024-11-15 17:29:05,569 [WARN] PackLoader:238 - Cannot read IP mode file for STMicroelectronics.X-CUBE-TOUCHGFX.4.24.0
2024-11-15 17:29:05,592 [WARN] PackLoader:238 - Cannot read IP mode file for STMicroelectronics.X-CUBE-TOUCHGFX.4.24.1
2024-11-15 17:29:05,614 [WARN] PackLoader:238 - Cannot read IP mode file for wolfSSL.I-CUBE-wolfTPM.3.4.0
2024-11-15 17:29:05,642 [WARN] PackLoader:238 - Cannot read IP mode file for portGmbH.I-Cube-SoM-uGOAL.1.1.0
2024-11-15 17:29:05,707 [WARN] PackLoader:238 - Cannot read IP mode file for STMicroelectronics.X-CUBE-AZRTOS-H7RS.1.0.0
2024-11-15 17:29:05,732 [WARN] PackLoader:238 - Cannot read IP mode file for STMicroelectronics.FP-ATR-ASTRA1.2.0.0
2024-11-15 17:29:05,756 [ERROR] Engine:463 - C:\Users\thuyh\.stm32cubemx\thirdparties\pdsc\STMicroelectronics.X-CUBE-TOF1.3.4.2.pdsc: PDSC version is not supported
2024-11-15 17:29:05,791 [ERROR] Engine:463 - C:\Users\thuyh\.stm32cubemx\thirdparties\pdsc\Infineon.AIROC-Wi-Fi-Bluetooth-STM32.1.6.1.pdsc: PDSC version is not supported
2024-11-15 17:29:05,811 [WARN] PackLoader:238 - Cannot read IP mode file for wolfSSL.I-CUBE-wolfSSH.1.4.17
2024-11-15 17:29:05,811 [INFO] ThirdParty:915 - Integrity check success = true
2024-11-15 17:29:05,812 [INFO] IntegrityCheckThread:94 - exiting critical section [integrity check]
2024-11-15 17:29:05,812 [INFO] IntegrityCheckThread:97 - End integrity checks thread
2024-11-15 17:29:05,812 [INFO] ThirdParty:815 - entering critical section [close project]
2024-11-15 17:29:05,814 [INFO] ThirdParty:825 - exiting critical section [close project]
2024-11-15 17:29:05,822 [INFO] PinOutPanel:1463 - setPackage(No Configuration,No Configuration)
2024-11-15 17:29:05,824 [INFO] UtilMem:74 - Begin LoadConfig() Used Memory: 143506216 Bytes (268435456)
2024-11-15 17:29:05,827 [INFO] MicroXplorer:448 - Change Database Path : 
2024-11-15 17:29:05,827 [INFO] MicroXplorer:478 - Change Database Version : DB.6.0.30
2024-11-15 17:29:05,827 [INFO] OpenFileManager:313 - Change cursor
2024-11-15 17:29:07,636 [INFO] Context:592 - Trying to add GPIOservice into a context  which must be forbidden
2024-11-15 17:29:08,183 [WARN] ApiManager:304 - Cannot register API 'Board Extension:NFC09A1' from pack STMicroelectronics.X-CUBE-NFC9.1.0.0: no header file found
2024-11-15 17:29:08,193 [WARN] ApiManager:304 - Cannot register API 'Board Extension:GNSS1A1' from pack STMicroelectronics.X-CUBE-GNSS1.6.0.0: no header file found
2024-11-15 17:29:08,193 [WARN] ApiManager:304 - Cannot register API 'Board Support:Custom' from pack STMicroelectronics.X-CUBE-GNSS1.6.0.0: no header file found
2024-11-15 17:29:08,193 [WARN] ApiManager:304 - Cannot register API 'Data Exchange:lib_gnss' from pack STMicroelectronics.X-CUBE-GNSS1.6.0.0: no header file found
2024-11-15 17:29:08,212 [WARN] ApiManager:304 - Cannot register API 'Wireless:STM32WB05N' from pack STMicroelectronics.X-CUBE-WB05N.1.1.0: no header file found
2024-11-15 17:29:08,224 [WARN] ApiManager:304 - Cannot register API 'Board Extension:GNSS1A1' from pack STMicroelectronics.X-CUBE-GNSS1.7.0.0: no header file found
2024-11-15 17:29:08,224 [WARN] ApiManager:304 - Cannot register API 'Board Support:Custom' from pack STMicroelectronics.X-CUBE-GNSS1.7.0.0: no header file found
2024-11-15 17:29:08,225 [WARN] ApiManager:304 - Cannot register API 'Data Exchange:lib_gnss' from pack STMicroelectronics.X-CUBE-GNSS1.7.0.0: no header file found
2024-11-15 17:29:08,249 [WARN] ApiManager:304 - Cannot register API 'Board Extension:NFC06A1' from pack STMicroelectronics.X-CUBE-NFC6.3.1.0: no header file found
2024-11-15 17:29:08,249 [WARN] ApiManager:304 - Cannot register API 'Board Extension:NFC08A1' from pack STMicroelectronics.X-CUBE-NFC6.3.1.0: no header file found
2024-11-15 17:29:08,701 [WARN] ApiManager:304 - Cannot register API 'Board Extension:IKS01A3' from pack STMicroelectronics.X-CUBE-MEMS1.11.0.0: no header file found
2024-11-15 17:29:08,702 [WARN] ApiManager:304 - Cannot register API 'Board Extension:IKS02A1' from pack STMicroelectronics.X-CUBE-MEMS1.11.0.0: no header file found
2024-11-15 17:29:08,702 [WARN] ApiManager:304 - Cannot register API 'Board Extension:IKS4A1' from pack STMicroelectronics.X-CUBE-MEMS1.11.0.0: no header file found
2024-11-15 17:29:08,721 [INFO] RtosManager:484 - Registered RTOS mode: class=CMSIS, group=RTOS, mode=CMSIS_V1, owner=FREERTOS
2024-11-15 17:29:08,721 [INFO] RtosManager:484 - Registered RTOS mode: class=CMSIS, group=RTOS2, mode=CMSIS_V2, owner=FREERTOS
2024-11-15 17:29:08,722 [INFO] RtosManager:484 - Registered RTOS mode: class=RTOS, group=Core, mode=CMSIS_V1, owner=FREERTOS
2024-11-15 17:29:08,722 [INFO] RtosManager:484 - Registered RTOS mode: class=RTOS, group=Core, mode=CMSIS_V2, owner=FREERTOS
2024-11-15 17:29:08,722 [WARN] ModelIntegratedComponent:181 - Missing modes for component STMicroelectronics:FreeRTOS:0.0.1:STMicroelectronics:RTOS:FreeRTOS:Core:::10.2.0:
2024-11-15 17:29:08,724 [WARN] ApiManager:304 - Cannot register API 'Board Extension:STSAFEA1' from pack STMicroelectronics.X-CUBE-SAFEA1.1.2.2: no header file found
2024-11-15 17:29:08,724 [WARN] ApiManager:304 - Cannot register API 'Board Part:STSAFEA110' from pack STMicroelectronics.X-CUBE-SAFEA1.1.2.2: no header file found
2024-11-15 17:29:08,724 [WARN] ApiManager:304 - Cannot register API 'Security:ST_Cryptolib' from pack STMicroelectronics.X-CUBE-SAFEA1.1.2.2: no header file found
2024-11-15 17:29:08,724 [WARN] ApiManager:304 - Cannot register API 'Security:MbedTLS' from pack STMicroelectronics.X-CUBE-SAFEA1.1.2.2: no header file found
2024-11-15 17:29:08,725 [WARN] ApiManager:304 - Cannot register API 'Board Extension:NFC04A1' from pack STMicroelectronics.X-CUBE-NFC4.3.0.0: no header file found
2024-11-15 17:29:08,732 [WARN] ApiManager:304 - Cannot register API 'Board Extension:S2868A1' from pack STMicroelectronics.X-CUBE-SUBG2.5.0.0: no header file found
2024-11-15 17:29:08,732 [WARN] ApiManager:304 - Cannot register API 'Board Extension:S2868A2' from pack STMicroelectronics.X-CUBE-SUBG2.5.0.0: no header file found
2024-11-15 17:29:08,732 [WARN] ApiManager:304 - Cannot register API 'Board Extension:S2915A1' from pack STMicroelectronics.X-CUBE-SUBG2.5.0.0: no header file found
2024-11-15 17:29:08,736 [WARN] ApiManager:304 - Cannot register API 'Wireless:BlueNRG-MS' from pack STMicroelectronics.X-CUBE-BLE1.7.0.0: no header file found
2024-11-15 17:29:08,737 [WARN] ApiManager:304 - Cannot register API 'Board Extension:NFC10A1' from pack STMicroelectronics.X-CUBE-NFC10.1.0.0: no header file found
2024-11-15 17:29:08,741 [WARN] ApiManager:304 - Cannot register API 'Board Extension:EEPRMA2' from pack STMicroelectronics.X-CUBE-EEPRMA1.5.1.0: no header file found
2024-11-15 17:29:08,741 [WARN] ApiManager:304 - Cannot register API 'Board Extension:PGEEZ1' from pack STMicroelectronics.X-CUBE-EEPRMA1.5.1.0: no header file found
2024-11-15 17:29:08,741 [WARN] ApiManager:304 - Cannot register API 'Board Extension:EEICA1' from pack STMicroelectronics.X-CUBE-EEPRMA1.5.1.0: no header file found
2024-11-15 17:29:08,741 [WARN] ApiManager:304 - Cannot register API 'Board Part:M24' from pack STMicroelectronics.X-CUBE-EEPRMA1.5.1.0: no header file found
2024-11-15 17:29:08,741 [WARN] ApiManager:304 - Cannot register API 'Board Part:M95' from pack STMicroelectronics.X-CUBE-EEPRMA1.5.1.0: no header file found
2024-11-15 17:29:08,743 [WARN] ApiManager:304 - Cannot register API 'Board Part:M95P32' from pack STMicroelectronics.X-CUBE-EEPRMA1.5.1.0: no header file found
2024-11-15 17:29:08,743 [WARN] ApiManager:304 - Cannot register API 'Board Part:M24256E-F' from pack STMicroelectronics.X-CUBE-EEPRMA1.5.1.0: no header file found
2024-11-15 17:29:08,743 [WARN] ApiManager:304 - Cannot register API 'Board Part:M24M01E-F' from pack STMicroelectronics.X-CUBE-EEPRMA1.5.1.0: no header file found
2024-11-15 17:29:08,743 [WARN] ApiManager:304 - Cannot register API 'PGEEZ1:SPI' from pack STMicroelectronics.X-CUBE-EEPRMA1.5.1.0: no header file found
2024-11-15 17:29:08,743 [WARN] ApiManager:304 - Cannot register API 'PGEEZ1:QDSPI' from pack STMicroelectronics.X-CUBE-EEPRMA1.5.1.0: no header file found
2024-11-15 17:29:08,745 [WARN] ModelIntegratedComponent:60 - No mode defined for component null
2024-11-15 17:29:08,746 [WARN] ModelIntegratedComponent:60 - No mode defined for component null
2024-11-15 17:29:08,746 [WARN] ModelIntegratedComponent:60 - No mode defined for component null
2024-11-15 17:29:08,746 [WARN] ModelIntegratedComponent:60 - No mode defined for component null
2024-11-15 17:29:08,746 [WARN] ModelIntegratedComponent:60 - No mode defined for component null
2024-11-15 17:29:08,747 [WARN] ModelIntegratedComponent:60 - No mode defined for component null
2024-11-15 17:29:08,747 [WARN] ModelIntegratedComponent:60 - No mode defined for component null
2024-11-15 17:29:08,747 [WARN] ModelIntegratedComponent:60 - No mode defined for component null
2024-11-15 17:29:08,747 [WARN] ModelIntegratedComponent:60 - No mode defined for component null
2024-11-15 17:29:08,747 [WARN] ModelIntegratedComponent:60 - No mode defined for component null
2024-11-15 17:29:08,747 [WARN] ModelIntegratedComponent:60 - No mode defined for component null
2024-11-15 17:29:08,747 [WARN] ModelIntegratedComponent:60 - No mode defined for component null
2024-11-15 17:29:08,747 [WARN] ModelIntegratedComponent:60 - No mode defined for component null
2024-11-15 17:29:08,747 [WARN] ModelIntegratedComponent:60 - No mode defined for component null
2024-11-15 17:29:08,747 [WARN] ModelIntegratedComponent:60 - No mode defined for component null
2024-11-15 17:29:08,747 [WARN] ModelIntegratedComponent:60 - No mode defined for component null
2024-11-15 17:29:08,748 [WARN] ModelIntegratedComponent:60 - No mode defined for component null
2024-11-15 17:29:08,748 [WARN] ModelIntegratedComponent:60 - No mode defined for component null
2024-11-15 17:29:08,748 [WARN] ModelIntegratedComponent:60 - No mode defined for component null
2024-11-15 17:29:08,749 [WARN] ModelIntegratedComponent:60 - No mode defined for component null
2024-11-15 17:29:08,749 [WARN] ModelIntegratedComponent:60 - No mode defined for component null
2024-11-15 17:29:08,749 [WARN] ModelIntegratedComponent:60 - No mode defined for component null
2024-11-15 17:29:08,749 [WARN] ModelIntegratedComponent:60 - No mode defined for component null
2024-11-15 17:29:08,749 [WARN] ModelIntegratedComponent:60 - No mode defined for component null
2024-11-15 17:29:08,749 [WARN] ModelIntegratedComponent:60 - No mode defined for component null
2024-11-15 17:29:08,749 [WARN] ModelIntegratedComponent:60 - No mode defined for component null
2024-11-15 17:29:08,750 [WARN] ModelIntegratedComponent:60 - No mode defined for component null
2024-11-15 17:29:08,750 [WARN] ModelIntegratedComponent:60 - No mode defined for component null
2024-11-15 17:29:08,750 [WARN] ModelIntegratedComponent:60 - No mode defined for component null
2024-11-15 17:29:08,750 [WARN] ModelIntegratedComponent:60 - No mode defined for component null
2024-11-15 17:29:08,750 [WARN] ModelIntegratedComponent:60 - No mode defined for component null
2024-11-15 17:29:08,752 [WARN] ApiManager:304 - Cannot register API 'Board Extension:NFC07A1' from pack STMicroelectronics.X-CUBE-NFC7.1.0.1: no header file found
2024-11-15 17:29:08,765 [WARN] ApiManager:304 - Cannot register API 'Board Extension:S2868A1' from pack STMicroelectronics.X-CUBE-SFXS2LP1.4.0.0: no header file found
2024-11-15 17:29:08,765 [WARN] ApiManager:304 - Cannot register API 'Board Extension:S2868A2' from pack STMicroelectronics.X-CUBE-SFXS2LP1.4.0.0: no header file found
2024-11-15 17:29:08,765 [WARN] ApiManager:304 - Cannot register API 'Board Extension:S2915A1' from pack STMicroelectronics.X-CUBE-SFXS2LP1.4.0.0: no header file found
2024-11-15 17:29:08,766 [WARN] ApiManager:304 - Cannot register API 'Wireless:BlueNRG-2' from pack STMicroelectronics.X-CUBE-BLE2.3.3.0: no header file found
2024-11-15 17:29:12,931 [INFO] UtilMem:74 - End LoadConfig() Used Memory: 232145280 Bytes (268435456)
2024-11-15 17:29:12,935 [INFO] DbMcusXml:100 - Load MCU database from C:\Users\thuyh\STM32CubeIDE_1.7.0\STM32CubeIDE\plugins\com.st.stm32cube.common.mx_6.3.0.202107141111\\db\/mcu/families.xml
2024-11-15 17:29:15,176 [INFO] DbMcusJson:93 - JSON generation date=Tue Nov 16 23:17:54 ICT 2021 (1637079474)
2024-11-15 17:29:16,685 [INFO] DbMcus:175 - Found 1951 MCUs (1903 are supported by CubeMX, 1914 are visible in CubeMX)
2024-11-15 17:29:16,690 [INFO] ApiDb:251 - Load user favorites file C:\Users\thuyh/.stm32cubeide/favorites.mcus.txt: 0 item(s)
2024-11-15 17:29:16,691 [INFO] ApiDb:255 - User favorites MCUs=[]
2024-11-15 17:29:16,691 [INFO] DbMcus:187 - Set 0 / 0 favorites MCUs
2024-11-15 17:29:16,709 [WARN] ThirdParty:779 - waiting for thirdparty lock release [change project]
2024-11-15 17:29:16,710 [INFO] ThirdParty:781 - entering critical section [change project]
2024-11-15 17:29:16,710 [INFO] ThirdParty:967 - CMSIS Pack Vendor :STMicroelectronics X-CUBE-AZRTOS-H7 3.3.0
2024-11-15 17:29:16,710 [INFO] ThirdParty:967 - CMSIS Pack Vendor :STMicroelectronics X-CUBE-NFC9 1.0.0
2024-11-15 17:29:16,710 [INFO] ThirdParty:967 - CMSIS Pack Vendor :STMicroelectronics X-CUBE-GNSS1 6.0.0
2024-11-15 17:29:16,710 [INFO] ThirdParty:967 - CMSIS Pack Vendor :STMicroelectronics USB_HOST 2.0.0
2024-11-15 17:29:16,711 [INFO] ThirdParty:967 - CMSIS Pack Vendor :STMicroelectronics X-CUBE-AZRTOS-F4 1.1.0
2024-11-15 17:29:16,711 [INFO] ThirdParty:967 - CMSIS Pack Vendor :STMicroelectronics FP-ATR-ASTRA1 2.0.1
2024-11-15 17:29:16,711 [INFO] ThirdParty:967 - CMSIS Pack Vendor :STMicroelectronics X-CUBE-WB05N 1.1.0
2024-11-15 17:29:16,711 [INFO] ThirdParty:967 - CMSIS Pack Vendor :STMicroelectronics USB_DEVICE 3.0.0
2024-11-15 17:29:16,711 [INFO] ThirdParty:967 - CMSIS Pack Vendor :STMicroelectronics X-CUBE-ISPU 2.1.0
2024-11-15 17:29:16,711 [INFO] ThirdParty:967 - CMSIS Pack Vendor :STMicroelectronics X-CUBE-AZRTOS-WB 2.0.0
2024-11-15 17:29:16,711 [INFO] ThirdParty:967 - CMSIS Pack Vendor :STMicroelectronics X-CUBE-GNSS1 7.0.0
2024-11-15 17:29:16,711 [INFO] ThirdParty:967 - CMSIS Pack Vendor :STMicroelectronics X-CUBE-AZRTOS-F7 1.1.0
2024-11-15 17:29:16,711 [INFO] ThirdParty:967 - CMSIS Pack Vendor :STMicroelectronics X-CUBE-AZRTOS-L5 2.0.0
2024-11-15 17:29:16,711 [INFO] ThirdParty:967 - CMSIS Pack Vendor :STMicroelectronics USB_DEVICE 2.0.0
2024-11-15 17:29:16,712 [INFO] ThirdParty:967 - CMSIS Pack Vendor :STMicroelectronics X-CUBE-NFC6 3.1.0
2024-11-15 17:29:16,712 [INFO] ThirdParty:967 - CMSIS Pack Vendor :STMicroelectronics X-CUBE-MEMS1 11.0.0
2024-11-15 17:29:16,712 [INFO] ThirdParty:967 - CMSIS Pack Vendor :STMicroelectronics FreeRTOS 0.0.1
2024-11-15 17:29:16,712 [INFO] ThirdParty:967 - CMSIS Pack Vendor :STMicroelectronics X-CUBE-AZRTOS-G0 1.1.0
2024-11-15 17:29:16,712 [INFO] ThirdParty:967 - CMSIS Pack Vendor :STMicroelectronics X-CUBE-SAFEA1 1.2.2
2024-11-15 17:29:16,713 [INFO] ThirdParty:967 - CMSIS Pack Vendor :STMicroelectronics X-CUBE-NFC4 3.0.0
2024-11-15 17:29:16,713 [INFO] ThirdParty:967 - CMSIS Pack Vendor :STMicroelectronics X-CUBE-SUBG2 5.0.0
2024-11-15 17:29:16,713 [INFO] ThirdParty:967 - CMSIS Pack Vendor :STMicroelectronics lwIP 2.0.3
2024-11-15 17:29:16,713 [INFO] ThirdParty:967 - CMSIS Pack Vendor :STMicroelectronics USB_HOST 1.0.0
2024-11-15 17:29:16,713 [INFO] ThirdParty:967 - CMSIS Pack Vendor :STMicroelectronics X-CUBE-AI 9.0.0
2024-11-15 17:29:16,713 [INFO] ThirdParty:967 - CMSIS Pack Vendor :STMicroelectronics X-CUBE-AZRTOS-G4 2.0.0
2024-11-15 17:29:16,714 [INFO] ThirdParty:967 - CMSIS Pack Vendor :STMicroelectronics PDM2PCM 3.1.0
2024-11-15 17:29:16,714 [INFO] ThirdParty:967 - CMSIS Pack Vendor :STMicroelectronics PDM2PCM 3.3.0
2024-11-15 17:29:16,714 [INFO] ThirdParty:967 - CMSIS Pack Vendor :STMicroelectronics X-CUBE-BLE1 7.0.0
2024-11-15 17:29:16,714 [INFO] ThirdParty:967 - CMSIS Pack Vendor :STMicroelectronics FP-ATR-SIGFOX1 3.2.0
2024-11-15 17:29:16,714 [INFO] ThirdParty:967 - CMSIS Pack Vendor :STMicroelectronics X-CUBE-NFC10 1.0.0
2024-11-15 17:29:16,714 [INFO] ThirdParty:967 - CMSIS Pack Vendor :wolfSSL I-CUBE-wolfSSL 5.7.2
2024-11-15 17:29:16,715 [INFO] ThirdParty:967 - CMSIS Pack Vendor :STMicroelectronics X-CUBE-ISPU 2.0.0
2024-11-15 17:29:16,715 [INFO] ThirdParty:967 - CMSIS Pack Vendor :STMicroelectronics X-CUBE-EEPRMA1 5.1.0
2024-11-15 17:29:16,715 [INFO] ThirdParty:967 - CMSIS Pack Vendor :STMicroelectronics HAL Drivers 0.0.0
2024-11-15 17:29:16,715 [INFO] ThirdParty:967 - CMSIS Pack Vendor :STMicroelectronics MBEDTLS 2.16.2
2024-11-15 17:29:16,715 [INFO] ThirdParty:967 - CMSIS Pack Vendor :STMicroelectronics X-CUBE-NFC7 1.0.1
2024-11-15 17:29:16,715 [INFO] ThirdParty:967 - CMSIS Pack Vendor :STMicroelectronics MBEDTLS 2.14.1
2024-11-15 17:29:16,715 [INFO] ThirdParty:967 - CMSIS Pack Vendor :STMicroelectronics X-CUBE-TOUCHGFX 4.24.0
2024-11-15 17:29:16,715 [INFO] ThirdParty:967 - CMSIS Pack Vendor :STMicroelectronics X-CUBE-TOUCHGFX 4.24.1
2024-11-15 17:29:16,715 [INFO] ThirdParty:967 - CMSIS Pack Vendor :wolfSSL I-CUBE-wolfTPM 3.4.0
2024-11-15 17:29:16,715 [INFO] ThirdParty:967 - CMSIS Pack Vendor :portGmbH I-Cube-SoM-uGOAL 1.1.0
2024-11-15 17:29:16,716 [INFO] ThirdParty:967 - CMSIS Pack Vendor :STMicroelectronics X-CUBE-AZRTOS-WL 2.0.0
2024-11-15 17:29:16,716 [INFO] ThirdParty:967 - CMSIS Pack Vendor :SEGGER I-CUBE-embOS 1.3.1
2024-11-15 17:29:16,716 [INFO] ThirdParty:967 - CMSIS Pack Vendor :STMicroelectronics X-CUBE-ALGOBUILD 1.4.0
2024-11-15 17:29:16,716 [INFO] ThirdParty:967 - CMSIS Pack Vendor :STMicroelectronics USB_DEVICE 1.0.0
2024-11-15 17:29:16,716 [INFO] ThirdParty:967 - CMSIS Pack Vendor :STMicroelectronics X-CUBE-AZRTOS-H7RS 1.0.0
2024-11-15 17:29:16,716 [INFO] ThirdParty:967 - CMSIS Pack Vendor :wolfSSL I-CUBE-wolfMQTT 1.19.0
2024-11-15 17:29:16,717 [INFO] ThirdParty:967 - CMSIS Pack Vendor :STMicroelectronics X-CUBE-AZRTOS-L4 2.0.0
2024-11-15 17:29:16,717 [INFO] ThirdParty:967 - CMSIS Pack Vendor :STMicroelectronics ThreadX 0.0.2
2024-11-15 17:29:16,717 [INFO] ThirdParty:967 - CMSIS Pack Vendor :WES I-CUBE-Cesium 1.3.0
2024-11-15 17:29:16,717 [INFO] ThirdParty:967 - CMSIS Pack Vendor :STMicroelectronics FP-ATR-ASTRA1 2.0.0
2024-11-15 17:29:16,717 [INFO] ThirdParty:967 - CMSIS Pack Vendor :STMicroelectronics lwIP 2.1.2
2024-11-15 17:29:16,717 [INFO] ThirdParty:967 - CMSIS Pack Vendor :STMicroelectronics X-CUBE-SFXS2LP1 4.0.0
2024-11-15 17:29:16,717 [INFO] ThirdParty:967 - CMSIS Pack Vendor :STMicroelectronics X-CUBE-BLE2 3.3.0
2024-11-15 17:29:16,717 [INFO] ThirdParty:967 - CMSIS Pack Vendor :STMicroelectronics X-CUBE-AI 9.1.0
2024-11-15 17:29:16,717 [INFO] ThirdParty:967 - CMSIS Pack Vendor :STMicroelectronics PDM2PCM 3.2.0
2024-11-15 17:29:16,718 [INFO] ThirdParty:967 - CMSIS Pack Vendor :wolfSSL I-CUBE-wolfSSH 1.4.17
2024-11-15 17:29:16,718 [INFO] ThirdParty:787 - exiting critical section [change project]
2024-11-15 17:29:17,714 [INFO] PinOutPanel:1463 - setPackage(No Configuration,No Configuration)
2024-11-15 17:29:17,717 [INFO] PinOutPanel:1463 - setPackage(STM32F103C6Tx,LQFP48)
2024-11-15 17:29:18,610 [INFO] UtilMem:74 - Before build in PCC Used Memory: 239086240 Bytes (414187520)
2024-11-15 17:29:20,034 [INFO] UtilMem:74 - After build in PCC Used Memory: 240878952 Bytes (414187520)
2024-11-15 17:29:20,103 [INFO] IPUIPlugin:74 - create IPUIPlugin
2024-11-15 17:29:20,103 [INFO] IPUIPlugin:74 - create IPUIPlugin
2024-11-15 17:29:20,104 [INFO] IPUIPlugin:74 - create IPUIPlugin
2024-11-15 17:29:20,104 [INFO] IPUIPlugin:74 - create IPUIPlugin
2024-11-15 17:29:20,104 [INFO] IPUIPlugin:74 - create IPUIPlugin
2024-11-15 17:29:20,105 [INFO] IPUIPlugin:74 - create IPUIPlugin
2024-11-15 17:29:20,105 [INFO] IPUIPlugin:74 - create IPUIPlugin
2024-11-15 17:29:20,105 [INFO] IPUIPlugin:74 - create IPUIPlugin
2024-11-15 17:29:20,116 [INFO] IPUIPlugin:74 - create IPUIPlugin
2024-11-15 17:29:20,116 [INFO] IPUIPlugin:74 - create IPUIPlugin
2024-11-15 17:29:20,117 [INFO] IPUIPlugin:74 - create IPUIPlugin
2024-11-15 17:29:20,117 [INFO] IPUIPlugin:74 - create IPUIPlugin
2024-11-15 17:29:20,117 [INFO] IPUIPlugin:74 - create IPUIPlugin
2024-11-15 17:29:20,118 [INFO] IPUIPlugin:74 - create IPUIPlugin
2024-11-15 17:29:20,119 [INFO] IPUIPlugin:74 - create IPUIPlugin
2024-11-15 17:29:20,119 [INFO] IPUIPlugin:74 - create IPUIPlugin
2024-11-15 17:29:20,120 [INFO] IPUIPlugin:74 - create IPUIPlugin
2024-11-15 17:29:20,121 [INFO] IPUIPlugin:74 - create IPUIPlugin
2024-11-15 17:29:20,121 [INFO] IPUIPlugin:74 - create IPUIPlugin
2024-11-15 17:29:20,122 [INFO] IPUIPlugin:74 - create IPUIPlugin
2024-11-15 17:29:20,123 [INFO] IPUIPlugin:74 - create IPUIPlugin
2024-11-15 17:29:20,124 [INFO] IPUIPlugin:74 - create IPUIPlugin
2024-11-15 17:29:20,125 [INFO] IPUIPlugin:74 - create IPUIPlugin
2024-11-15 17:29:20,376 [INFO] OpenFileManager:333 - Restore cursor
2024-11-16 15:36:40,842 [INFO] Activator:177 - 


2024-11-16 15:36:40,849 [INFO] Activator:178 - !SESSION log4j initialized
2024-11-19 12:09:52,209 [INFO] Activator:177 - 


2024-11-19 12:09:52,209 [INFO] Activator:178 - !SESSION log4j initialized
2024-11-19 12:25:47,650 [INFO] McuFinderGlobals:39 - Set McuFinder mode to 2 (CubeIDE integrated)
2024-11-19 12:25:47,868 [INFO] ApplicationProperties:181 - Using Application install path: C:\Users\thuyh\STM32CubeIDE_1.7.0\STM32CubeIDE\plugins\com.st.stm32cube.common.mx_6.3.0.202107141111
2024-11-19 12:25:47,884 [INFO] DbMcusXml:74 - Set database path to: C:\Users\thuyh\STM32CubeIDE_1.7.0\STM32CubeIDE\plugins\com.st.stm32cube.common.mx_6.3.0.202107141111\\db\/mcu/
2024-11-19 12:25:47,899 [INFO] DbBoardsPdsc:56 - Set plugin database path to: C:\Users\thuyh\STM32CubeIDE_1.7.0\STM32CubeIDE\plugins\com.st.stm32cube.common.mx_6.3.0.202107141111\\db\/plugins/boardmanager/
2024-11-19 12:25:47,899 [INFO] DbMcus:258 - Set plugin images path to: C:\Users\thuyh\STM32CubeIDE_1.7.0\STM32CubeIDE\plugins\com.st.stm32cube.common.mx_6.3.0.202107141111\\db\/plugins/mcufinder/images/
2024-11-19 12:25:47,899 [INFO] DbBoards:264 - Set plugin images path to: C:\Users\thuyh\STM32CubeIDE_1.7.0\STM32CubeIDE\plugins\com.st.stm32cube.common.mx_6.3.0.202107141111\\db\/plugins/mcufinder/images/
2024-11-19 12:25:47,899 [INFO] DbExamples:333 - Set plugin images path to: C:\Users\thuyh\STM32CubeIDE_1.7.0\STM32CubeIDE\plugins\com.st.stm32cube.common.mx_6.3.0.202107141111\\db\/plugins/mcufinder/images/
2024-11-19 12:25:47,915 [INFO] DbMcusAds:119 - Set database path to: C:\Users\thuyh\.stmcufinder\plugins\mcufinder//mcu/
2024-11-19 12:25:47,915 [INFO] DbMcusDocs:110 - Set database path to: C:\Users\thuyh\.stmcufinder\plugins\mcufinder//mcu/
2024-11-19 12:25:47,915 [INFO] DbMcusJson:64 - Set database path to: C:\Users\thuyh\.stmcufinder\plugins\mcufinder//mcu/
2024-11-19 12:25:47,915 [INFO] DbBoardsDocs:110 - Set database path to: C:\Users\thuyh\.stmcufinder\plugins\mcufinder//mcu/
2024-11-19 12:25:47,915 [INFO] DbBoardsJson:57 - Set database path to: C:\Users\thuyh\.stmcufinder\plugins\mcufinder//mcu/
2024-11-19 12:25:47,962 [INFO] CrossReferenceDbSqlite:196 - Set database path to: C:\Users\thuyh\.stmcufinder\plugins\mcufinder//mcu/cs/
2024-11-19 12:25:47,978 [INFO] DbExamplesSqlite:767 - Set database path to: C:\Users\thuyh\.stmcufinder\plugins\mcufinder//mcu/
2024-11-19 12:25:48,149 [INFO] RulesReader:57 - Compatibility file has been processed (242 Rules)
2024-11-19 12:25:48,290 [INFO] DbMcusXml:74 - Set database path to: C:\Users\thuyh\STM32CubeIDE_1.7.0\STM32CubeIDE\plugins\com.st.stm32cube.common.mx_6.3.0.202107141111\\db\/mcu/
2024-11-19 12:25:48,290 [INFO] DbBoardsPdsc:56 - Set plugin database path to: C:\Users\thuyh\STM32CubeIDE_1.7.0\STM32CubeIDE\plugins\com.st.stm32cube.common.mx_6.3.0.202107141111\\db\/plugins/boardmanager/
2024-11-19 12:25:48,290 [INFO] DbMcus:258 - Set plugin images path to: C:\Users\thuyh\STM32CubeIDE_1.7.0\STM32CubeIDE\plugins\com.st.stm32cube.common.mx_6.3.0.202107141111\\db\/plugins/mcufinder/images/
2024-11-19 12:25:48,290 [INFO] DbBoards:264 - Set plugin images path to: C:\Users\thuyh\STM32CubeIDE_1.7.0\STM32CubeIDE\plugins\com.st.stm32cube.common.mx_6.3.0.202107141111\\db\/plugins/mcufinder/images/
2024-11-19 12:25:48,290 [INFO] DbExamples:333 - Set plugin images path to: C:\Users\thuyh\STM32CubeIDE_1.7.0\STM32CubeIDE\plugins\com.st.stm32cube.common.mx_6.3.0.202107141111\\db\/plugins/mcufinder/images/
2024-11-19 12:25:48,290 [WARN] DbFile:35 - Overriding database path with different value: C:\Users\thuyh\.stmcufinder\plugins\mcufinder/ => C:\Users\thuyh\.stmcufinder\plugins\mcufinder
2024-11-19 12:25:48,290 [INFO] DbMcusAds:119 - Set database path to: C:\Users\thuyh\.stmcufinder\plugins\mcufinder//mcu/
2024-11-19 12:25:48,290 [WARN] DbFile:35 - Overriding database path with different value: C:\Users\thuyh\.stmcufinder\plugins\mcufinder/ => C:\Users\thuyh\.stmcufinder\plugins\mcufinder
2024-11-19 12:25:48,290 [INFO] DbMcusDocs:110 - Set database path to: C:\Users\thuyh\.stmcufinder\plugins\mcufinder//mcu/
2024-11-19 12:25:48,290 [WARN] DbFile:35 - Overriding database path with different value: C:\Users\thuyh\.stmcufinder\plugins\mcufinder/ => C:\Users\thuyh\.stmcufinder\plugins\mcufinder
2024-11-19 12:25:48,290 [INFO] DbMcusJson:64 - Set database path to: C:\Users\thuyh\.stmcufinder\plugins\mcufinder//mcu/
2024-11-19 12:25:48,290 [WARN] DbFile:35 - Overriding database path with different value: C:\Users\thuyh\.stmcufinder\plugins\mcufinder/ => C:\Users\thuyh\.stmcufinder\plugins\mcufinder
2024-11-19 12:25:48,290 [INFO] DbBoardsDocs:110 - Set database path to: C:\Users\thuyh\.stmcufinder\plugins\mcufinder//mcu/
2024-11-19 12:25:48,290 [WARN] DbFile:35 - Overriding database path with different value: C:\Users\thuyh\.stmcufinder\plugins\mcufinder/ => C:\Users\thuyh\.stmcufinder\plugins\mcufinder
2024-11-19 12:25:48,290 [INFO] DbBoardsJson:57 - Set database path to: C:\Users\thuyh\.stmcufinder\plugins\mcufinder//mcu/
2024-11-19 12:25:48,290 [WARN] DbFile:35 - Overriding database path with different value: C:\Users\thuyh\.stmcufinder\plugins\mcufinder/ => C:\Users\thuyh\.stmcufinder\plugins\mcufinder
2024-11-19 12:25:48,290 [WARN] DbFile:35 - Overriding database path with different value: C:\Users\thuyh\.stmcufinder\plugins\mcufinder/ => C:\Users\thuyh\.stmcufinder\plugins\mcufinder
2024-11-19 12:25:48,290 [INFO] CrossReferenceDbSqlite:196 - Set database path to: C:\Users\thuyh\.stmcufinder\plugins\mcufinder//mcu/cs/
2024-11-19 12:25:48,290 [WARN] DbFile:35 - Overriding database path with different value: C:\Users\thuyh\.stmcufinder\plugins\mcufinder/ => C:\Users\thuyh\.stmcufinder\plugins\mcufinder
2024-11-19 12:25:48,290 [INFO] DbExamplesSqlite:767 - Set database path to: C:\Users\thuyh\.stmcufinder\plugins\mcufinder//mcu/
2024-11-19 12:25:48,431 [INFO] MainPanel:214 - HeapMemory: 870318080
2024-11-19 12:25:48,540 [INFO] DbMcusXml:74 - Set database path to: C:\Users\thuyh\STM32CubeIDE_1.7.0\STM32CubeIDE\plugins\com.st.stm32cube.common.mx_6.3.0.202107141111\\db\/mcu/
2024-11-19 12:25:48,540 [INFO] DbBoardsPdsc:56 - Set plugin database path to: C:\Users\thuyh\STM32CubeIDE_1.7.0\STM32CubeIDE\plugins\com.st.stm32cube.common.mx_6.3.0.202107141111\\db\/plugins/boardmanager/
2024-11-19 12:25:48,540 [INFO] DbMcus:258 - Set plugin images path to: C:\Users\thuyh\STM32CubeIDE_1.7.0\STM32CubeIDE\plugins\com.st.stm32cube.common.mx_6.3.0.202107141111\\db\/plugins/mcufinder/images/
2024-11-19 12:25:48,540 [INFO] DbBoards:264 - Set plugin images path to: C:\Users\thuyh\STM32CubeIDE_1.7.0\STM32CubeIDE\plugins\com.st.stm32cube.common.mx_6.3.0.202107141111\\db\/plugins/mcufinder/images/
2024-11-19 12:25:48,540 [INFO] DbExamples:333 - Set plugin images path to: C:\Users\thuyh\STM32CubeIDE_1.7.0\STM32CubeIDE\plugins\com.st.stm32cube.common.mx_6.3.0.202107141111\\db\/plugins/mcufinder/images/
2024-11-19 12:25:48,540 [WARN] DbFile:35 - Overriding database path with different value: C:\Users\thuyh\.stmcufinder\plugins\mcufinder/ => C:\Users\thuyh\.stmcufinder\plugins\mcufinder
2024-11-19 12:25:48,540 [INFO] DbMcusAds:119 - Set database path to: C:\Users\thuyh\.stmcufinder\plugins\mcufinder//mcu/
2024-11-19 12:25:48,540 [WARN] DbFile:35 - Overriding database path with different value: C:\Users\thuyh\.stmcufinder\plugins\mcufinder/ => C:\Users\thuyh\.stmcufinder\plugins\mcufinder
2024-11-19 12:25:48,540 [INFO] DbMcusDocs:110 - Set database path to: C:\Users\thuyh\.stmcufinder\plugins\mcufinder//mcu/
2024-11-19 12:25:48,540 [WARN] DbFile:35 - Overriding database path with different value: C:\Users\thuyh\.stmcufinder\plugins\mcufinder/ => C:\Users\thuyh\.stmcufinder\plugins\mcufinder
2024-11-19 12:25:48,540 [INFO] DbMcusJson:64 - Set database path to: C:\Users\thuyh\.stmcufinder\plugins\mcufinder//mcu/
2024-11-19 12:25:48,540 [WARN] DbFile:35 - Overriding database path with different value: C:\Users\thuyh\.stmcufinder\plugins\mcufinder/ => C:\Users\thuyh\.stmcufinder\plugins\mcufinder
2024-11-19 12:25:48,540 [INFO] DbBoardsDocs:110 - Set database path to: C:\Users\thuyh\.stmcufinder\plugins\mcufinder//mcu/
2024-11-19 12:25:48,540 [WARN] DbFile:35 - Overriding database path with different value: C:\Users\thuyh\.stmcufinder\plugins\mcufinder/ => C:\Users\thuyh\.stmcufinder\plugins\mcufinder
2024-11-19 12:25:48,540 [INFO] DbBoardsJson:57 - Set database path to: C:\Users\thuyh\.stmcufinder\plugins\mcufinder//mcu/
2024-11-19 12:25:48,540 [WARN] DbFile:35 - Overriding database path with different value: C:\Users\thuyh\.stmcufinder\plugins\mcufinder/ => C:\Users\thuyh\.stmcufinder\plugins\mcufinder
2024-11-19 12:25:48,556 [WARN] DbFile:35 - Overriding database path with different value: C:\Users\thuyh\.stmcufinder\plugins\mcufinder/ => C:\Users\thuyh\.stmcufinder\plugins\mcufinder
2024-11-19 12:25:48,556 [INFO] CrossReferenceDbSqlite:196 - Set database path to: C:\Users\thuyh\.stmcufinder\plugins\mcufinder//mcu/cs/
2024-11-19 12:25:48,556 [WARN] DbFile:35 - Overriding database path with different value: C:\Users\thuyh\.stmcufinder\plugins\mcufinder/ => C:\Users\thuyh\.stmcufinder\plugins\mcufinder
2024-11-19 12:25:48,556 [INFO] DbExamplesSqlite:767 - Set database path to: C:\Users\thuyh\.stmcufinder\plugins\mcufinder//mcu/
2024-11-19 12:25:48,571 [INFO] ApplicationProperties:181 - Using Application install path: C:\Users\thuyh\STM32CubeIDE_1.7.0\STM32CubeIDE\plugins\com.st.stm32cube.common.mx_6.3.0.202107141111
2024-11-19 12:25:48,571 [INFO] PluginManage:188 - Search for loadable plugins [exclusion list=, ]
2024-11-19 12:25:48,571 [INFO] PluginManage:302 - Check plugin analytics
2024-11-19 12:25:48,852 [INFO] AnalyticsPlugin:257 - Accepted Software Licenses: 
2024-11-19 12:25:48,852 [INFO] AnalyticsPlugin:259 - Accepted CMSIS Pack Licenses: 
2024-11-19 12:25:48,852 [INFO] AnalyticsPlugin:261 - Accepted Firmware Licenses: 
2024-11-19 12:25:48,852 [INFO] PluginManage:352 - Loaded plugin analytics (category:tool,tabindex:-1)
2024-11-19 12:25:48,852 [INFO] PluginManage:302 - Check plugin clock
2024-11-19 12:25:48,868 [INFO] PluginManage:352 - Loaded plugin clock (category:base,tabindex:2)
2024-11-19 12:25:48,868 [INFO] PluginManage:302 - Check plugin ddr
2024-11-19 12:25:48,884 [INFO] PluginManage:352 - Loaded plugin ddr (category:tool,tabindex:6)
2024-11-19 12:25:48,884 [INFO] PluginManage:302 - Check plugin filemanager
2024-11-19 12:25:49,149 [INFO] PluginManage:352 - Loaded plugin filemanager (category:base,tabindex:10)
2024-11-19 12:25:49,149 [INFO] PluginManage:302 - Check plugin ipmanager
2024-11-19 12:25:49,165 [INFO] PluginManage:352 - Loaded plugin ipmanager (category:base,tabindex:5)
2024-11-19 12:25:49,165 [INFO] PluginManage:302 - Check plugin pinoutandconfiguration
2024-11-19 12:25:49,180 [INFO] PluginManage:352 - Loaded plugin pinoutandconfiguration (category:base,tabindex:1)
2024-11-19 12:25:49,180 [INFO] PluginManage:302 - Check plugin pinoutconfig
2024-11-19 12:25:49,212 [INFO] PluginManage:352 - Loaded plugin pinoutconfig (category:base,tabindex:0)
2024-11-19 12:25:49,227 [INFO] PluginManage:302 - Check plugin power
2024-11-19 12:25:49,227 [INFO] PluginManage:352 - Loaded plugin power (category:power,tabindex:4)
2024-11-19 12:25:49,243 [INFO] PluginManage:302 - Check plugin projectmanager
2024-11-19 12:25:49,259 [INFO] PluginManage:352 - Loaded plugin projectmanager (category:projectmanager,tabindex:3)
2024-11-19 12:25:49,259 [INFO] PluginManage:302 - Check plugin thirdparty
2024-11-19 12:25:49,462 [WARN] IntegrityCheckThread:78 - waiting for thirdparty lock release [integrity check]
2024-11-19 12:25:49,462 [INFO] PluginManage:352 - Loaded plugin thirdparty (category:base,tabindex:-1)
2024-11-19 12:25:49,462 [INFO] IntegrityCheckThread:80 - entering critical section [integrity check]
2024-11-19 12:25:49,462 [INFO] PluginManage:302 - Check plugin tools
2024-11-19 12:25:49,462 [INFO] ThirdPartyUpdaterWithRetryManager:66 - Updater plugin not ready yet. [1/15]
2024-11-19 12:25:49,477 [INFO] PluginManage:352 - Loaded plugin tools (category:base,tabindex:7)
2024-11-19 12:25:49,477 [INFO] PluginManage:302 - Check plugin tutovideos
2024-11-19 12:25:50,040 [INFO] PluginManage:352 - Loaded plugin tutovideos (category:base,tabindex:-1)
2024-11-19 12:25:50,040 [INFO] PluginManage:302 - Check plugin updater
2024-11-19 12:25:50,055 [INFO] PluginManage:352 - Loaded plugin updater (category:base,tabindex:12)
2024-11-19 12:25:50,071 [INFO] PluginManage:275 - PluginManage : Loaded plugins [13]
2024-11-19 12:25:50,508 [INFO] PinOutPanel:1463 - setPackage(No Configuration,No Configuration)
2024-11-19 12:25:50,711 [INFO] IPUIPlugin:74 - create IPUIPlugin
2024-11-19 12:25:50,711 [INFO] PluginManager:213 - loadIPPluginJar : add adc
2024-11-19 12:25:50,727 [INFO] IPUIPlugin:74 - create IPUIPlugin
2024-11-19 12:25:50,727 [INFO] PluginManager:213 - loadIPPluginJar : add aes
2024-11-19 12:25:50,727 [INFO] IPUIPlugin:74 - create IPUIPlugin
2024-11-19 12:25:50,727 [INFO] PluginManager:213 - loadIPPluginJar : add can
2024-11-19 12:25:50,727 [INFO] IPUIPlugin:74 - create IPUIPlugin
2024-11-19 12:25:50,727 [INFO] PluginManager:213 - loadIPPluginJar : add comp
2024-11-19 12:25:50,743 [INFO] IPUIPlugin:74 - create IPUIPlugin
2024-11-19 12:25:50,743 [INFO] PluginManager:213 - loadIPPluginJar : add cryp
2024-11-19 12:25:50,743 [INFO] IPUIPlugin:74 - create IPUIPlugin
2024-11-19 12:25:50,743 [INFO] PluginManager:213 - loadIPPluginJar : add dfsdm
2024-11-19 12:25:50,758 [INFO] IPUIPlugin:74 - create IPUIPlugin
2024-11-19 12:25:50,758 [INFO] PluginManager:213 - loadIPPluginJar : add dma
2024-11-19 12:25:50,774 [INFO] IPUIPlugin:74 - create IPUIPlugin
2024-11-19 12:25:50,774 [INFO] PluginManager:213 - loadIPPluginJar : add dma3
2024-11-19 12:25:50,774 [INFO] IPUIPlugin:74 - create IPUIPlugin
2024-11-19 12:25:50,774 [INFO] PluginManager:213 - loadIPPluginJar : add fatfs
2024-11-19 12:25:50,789 [INFO] IPUIPlugin:74 - create IPUIPlugin
2024-11-19 12:25:50,789 [INFO] PluginManager:213 - loadIPPluginJar : add fmc
2024-11-19 12:25:50,805 [INFO] IPUIPlugin:74 - create IPUIPlugin
2024-11-19 12:25:50,805 [INFO] PluginManager:213 - loadIPPluginJar : add freertos
2024-11-19 12:25:50,805 [INFO] IPUIPlugin:74 - create IPUIPlugin
2024-11-19 12:25:50,805 [INFO] PluginManager:213 - loadIPPluginJar : add genericplugin
2024-11-19 12:25:50,805 [INFO] IPUIPlugin:74 - create IPUIPlugin
2024-11-19 12:25:50,821 [INFO] PluginManager:213 - loadIPPluginJar : add gfxmmu
2024-11-19 12:25:50,821 [INFO] IPUIPlugin:74 - create IPUIPlugin
2024-11-19 12:25:50,821 [INFO] PluginManager:213 - loadIPPluginJar : add gic
2024-11-19 12:25:50,836 [INFO] IPUIPlugin:74 - create IPUIPlugin
2024-11-19 12:25:50,836 [INFO] PluginManager:213 - loadIPPluginJar : add gpio
2024-11-19 12:25:50,852 [INFO] IPUIPlugin:74 - create IPUIPlugin
2024-11-19 12:25:50,852 [INFO] PluginManager:213 - loadIPPluginJar : add gtzc
2024-11-19 12:25:50,852 [INFO] IPUIPlugin:74 - create IPUIPlugin
2024-11-19 12:25:50,852 [INFO] PluginManager:213 - loadIPPluginJar : add hash
2024-11-19 12:25:50,868 [INFO] IPUIPlugin:74 - create IPUIPlugin
2024-11-19 12:25:50,868 [INFO] PluginManager:213 - loadIPPluginJar : add i2c
2024-11-19 12:25:50,868 [INFO] IPUIPlugin:74 - create IPUIPlugin
2024-11-19 12:25:50,868 [INFO] PluginManager:213 - loadIPPluginJar : add i2s
2024-11-19 12:25:50,883 [INFO] IPUIPlugin:74 - create IPUIPlugin
2024-11-19 12:25:50,883 [INFO] PluginManager:213 - loadIPPluginJar : add ipddr
2024-11-19 12:25:50,899 [INFO] IPUIPlugin:74 - create IPUIPlugin
2024-11-19 12:25:50,899 [INFO] PluginManager:213 - loadIPPluginJar : add linkedlist
2024-11-19 12:25:50,899 [INFO] IPUIPlugin:74 - create IPUIPlugin
2024-11-19 12:25:50,899 [INFO] PluginManager:213 - loadIPPluginJar : add lorawan
2024-11-19 12:25:50,914 [INFO] IPUIPlugin:74 - create IPUIPlugin
2024-11-19 12:25:50,914 [INFO] PluginManager:213 - loadIPPluginJar : add ltdc
2024-11-19 12:25:50,914 [INFO] IPUIPlugin:74 - create IPUIPlugin
2024-11-19 12:25:50,914 [INFO] PluginManager:213 - loadIPPluginJar : add mdma
2024-11-19 12:25:50,930 [INFO] IPUIPlugin:74 - create IPUIPlugin
2024-11-19 12:25:50,930 [INFO] PluginManager:213 - loadIPPluginJar : add nvic
2024-11-19 12:25:50,946 [INFO] IPUIPlugin:74 - create IPUIPlugin
2024-11-19 12:25:50,946 [INFO] PluginManager:213 - loadIPPluginJar : add opamp
2024-11-19 12:25:50,946 [INFO] IPUIPlugin:74 - create IPUIPlugin
2024-11-19 12:25:50,946 [INFO] PluginManager:213 - loadIPPluginJar : add openamp
2024-11-19 12:25:50,961 [INFO] IPUIPlugin:74 - create IPUIPlugin
2024-11-19 12:25:50,961 [INFO] PluginManager:213 - loadIPPluginJar : add pdm2pcm
2024-11-19 12:25:50,977 [INFO] IPUIPlugin:74 - create IPUIPlugin
2024-11-19 12:25:50,977 [INFO] PluginManager:213 - loadIPPluginJar : add plateformsettings
2024-11-19 12:25:50,992 [INFO] IPUIPlugin:74 - create IPUIPlugin
2024-11-19 12:25:50,992 [INFO] PluginManager:213 - loadIPPluginJar : add quadspi
2024-11-19 12:25:50,992 [INFO] IPUIPlugin:74 - create IPUIPlugin
2024-11-19 12:25:50,992 [INFO] PluginManager:213 - loadIPPluginJar : add resmgrutility
2024-11-19 12:25:51,008 [INFO] IPUIPlugin:74 - create IPUIPlugin
2024-11-19 12:25:51,008 [INFO] PluginManager:213 - loadIPPluginJar : add sai
2024-11-19 12:25:51,008 [INFO] IPUIPlugin:74 - create IPUIPlugin
2024-11-19 12:25:51,008 [INFO] PluginManager:213 - loadIPPluginJar : add spi
2024-11-19 12:25:51,024 [INFO] IPUIPlugin:74 - create IPUIPlugin
2024-11-19 12:25:51,024 [INFO] PluginManager:213 - loadIPPluginJar : add stm32_wpan
2024-11-19 12:25:51,024 [INFO] IPUIPlugin:74 - create IPUIPlugin
2024-11-19 12:25:51,024 [INFO] PluginManager:213 - loadIPPluginJar : add tim
2024-11-19 12:25:51,039 [INFO] IPUIPlugin:74 - create IPUIPlugin
2024-11-19 12:25:51,039 [INFO] PluginManager:213 - loadIPPluginJar : add touchsensing
2024-11-19 12:25:51,039 [INFO] IPUIPlugin:74 - create IPUIPlugin
2024-11-19 12:25:51,039 [INFO] PluginManager:213 - loadIPPluginJar : add tracer_emb
2024-11-19 12:25:51,055 [INFO] IPUIPlugin:74 - create IPUIPlugin
2024-11-19 12:25:51,055 [INFO] PluginManager:213 - loadIPPluginJar : add ts
2024-11-19 12:25:51,055 [INFO] IPUIPlugin:74 - create IPUIPlugin
2024-11-19 12:25:51,055 [INFO] PluginManager:213 - loadIPPluginJar : add tsc
2024-11-19 12:25:51,055 [INFO] IPUIPlugin:74 - create IPUIPlugin
2024-11-19 12:25:51,055 [INFO] PluginManager:213 - loadIPPluginJar : add ucpd
2024-11-19 12:25:51,071 [INFO] IPUIPlugin:74 - create IPUIPlugin
2024-11-19 12:25:51,071 [INFO] PluginManager:213 - loadIPPluginJar : add usart
2024-11-19 12:25:51,071 [INFO] IPUIPlugin:74 - create IPUIPlugin
2024-11-19 12:25:51,071 [INFO] PluginManager:213 - loadIPPluginJar : add usbx
2024-11-19 12:25:51,597 [FATAL] Updater:294 - Updater called before beeing initialized
2024-11-19 12:25:51,800 [FATAL] Updater:294 - Updater called before beeing initialized
2024-11-19 12:25:51,815 [INFO] DbMcusAds:47 - JSON generation date=Fri Sep 20 20:04:38 ICT 2024 (1726837478367)
2024-11-19 12:25:51,815 [FATAL] Updater:294 - Updater called before beeing initialized
2024-11-19 12:25:51,893 [WARN] DetailPanel:314 - Failed to get advertising image, set to default
2024-11-19 12:25:52,097 [FATAL] Updater:294 - Updater called before beeing initialized
2024-11-19 12:25:52,097 [FATAL] Updater:294 - Updater called before beeing initialized
2024-11-19 12:25:52,097 [FATAL] Updater:294 - Updater called before beeing initialized
2024-11-19 12:25:52,097 [WARN] DetailPanel:314 - Failed to get advertising image, set to default
2024-11-19 12:25:52,097 [FATAL] Updater:294 - Updater called before beeing initialized
2024-11-19 12:25:52,237 [ERROR] Updater:1075 - MainUpdater not yet initialized. External WinMGr cannot be set.
2024-11-19 12:25:52,237 [INFO] Updater:1012 - Updater Version found : 6.3.0
2024-11-19 12:25:52,269 [INFO] ApplicationProperties:181 - Using Application install path: C:\Users\thuyh\STM32CubeIDE_1.7.0\STM32CubeIDE\plugins\com.st.stm32cube.common.mx_6.3.0.202107141111
2024-11-19 12:25:52,487 [INFO] ThirdPartyUpdaterWithRetryManager:66 - Updater plugin not ready yet. [2/15]
2024-11-19 12:25:52,675 [INFO] MainUpdater:2671 - connection check result : 10
2024-11-19 12:25:52,675 [INFO] MainUpdater:265 - Updater Check For Update Now.
2024-11-19 12:25:52,675 [INFO] MicroXplorer:478 - Change Database Version : DB.6.0.30
2024-11-19 12:25:53,003 [INFO] CheckServerUpdateThread:112 - End of CheckServer Thread
2024-11-19 12:25:53,019 [INFO] MainUpdater:2671 - connection check result : 10
2024-11-19 12:25:53,019 [INFO] MainUpdater:2671 - connection check result : 10
2024-11-19 12:25:53,300 [INFO] MicroXplorer:448 - Change Database Path : 
2024-11-19 12:25:53,300 [INFO] MicroXplorer:478 - Change Database Version : DB.6.0.30
2024-11-19 12:25:53,300 [WARN] ThirdParty:813 - waiting for thirdparty lock release [close project]
2024-11-19 12:25:55,784 [ERROR] Engine:463 - C:\Users\thuyh\.stm32cubemx\thirdparties\pdsc\STMicroelectronics.FP-SNS-MOTENVWB1.1.4.0.pdsc: PDSC version is not supported
2024-11-19 12:25:55,816 [WARN] PackLoader:238 - Cannot read IP mode file for STMicroelectronics.FP-ATR-ASTRA1.2.0.1
2024-11-19 12:25:55,831 [ERROR] Engine:463 - C:\Users\thuyh\.stm32cubemx\thirdparties\pdsc\STMicroelectronics.X-CUBE-SMBUS.2.1.0.pdsc: PDSC version is not supported
2024-11-19 12:25:55,831 [WARN] PackLoader:238 - Cannot read IP mode file for STMicroelectronics.X-CUBE-WB05N.1.1.0
2024-11-19 12:25:55,878 [WARN] PackLoader:238 - Cannot read IP mode file for STMicroelectronics.X-CUBE-AZRTOS-F7.1.1.0
2024-11-19 12:25:55,987 [WARN] PackLoader:238 - Cannot read IP mode file for STMicroelectronics.X-CUBE-MEMS1.11.0.0
2024-11-19 12:25:56,362 [ERROR] Engine:463 - C:\Users\thuyh\.stm32cubemx\thirdparties\pdsc\STMicroelectronics.FP-SNS-FLIGHT1.5.0.2.pdsc: PDSC version is not supported
2024-11-19 12:25:56,362 [ERROR] Engine:463 - C:\Users\thuyh\.stm32cubemx\thirdparties\pdsc\STMicroelectronics.X-CUBE-DISPLAY.3.0.0.pdsc: PDSC version is not supported
2024-11-19 12:25:56,362 [WARN] PackLoader:238 - Cannot read IP mode file for STMicroelectronics.X-CUBE-BLE1.7.0.0
2024-11-19 12:25:56,378 [WARN] PackLoader:238 - Cannot read IP mode file for STMicroelectronics.X-CUBE-NFC10.1.0.0
2024-11-19 12:25:56,394 [ERROR] Engine:463 - C:\Users\thuyh\.stm32cubemx\thirdparties\pdsc\emotas.I-CUBE-CANOPEN.1.3.0.pdsc: PDSC version is not supported
2024-11-19 12:25:56,394 [ERROR] Engine:463 - C:\Users\thuyh\.stm32cubemx\thirdparties\pdsc\STMicroelectronics.X-CUBE-BLEMGR.3.1.0.pdsc: PDSC version is not supported
2024-11-19 12:25:56,394 [ERROR] Engine:463 - C:\Users\thuyh\.stm32cubemx\thirdparties\pdsc\STMicroelectronics.FP-SNS-SMARTAG2.1.2.0.pdsc: PDSC version is not supported
2024-11-19 12:25:56,425 [INFO] LogOutputStream:76 - [STDOUT_REDIRECT] 1 : Invalid condition id : UX_CORESTACK_Condition cause : null
2024-11-19 12:25:56,425 [INFO] LogOutputStream:76 - [STDOUT_REDIRECT] 1 : Invalid condition id : UX_CORESTACK_Condition cause : null
2024-11-19 12:25:56,425 [INFO] LogOutputStream:76 - [STDOUT_REDIRECT] 1 : Invalid condition id : UX_CORESTACK_Condition cause : null
2024-11-19 12:25:56,440 [INFO] LogOutputStream:76 - [STDOUT_REDIRECT] 1 : Invalid condition id : UX_CORESTACK_Condition cause : null
2024-11-19 12:25:56,440 [INFO] LogOutputStream:76 - [STDOUT_REDIRECT] 1 : Invalid condition id : UX_CORESTACK_Condition cause : null
2024-11-19 12:25:56,440 [WARN] PackLoader:238 - Cannot read IP mode file for STMicroelectronics.X-CUBE-AZRTOS-WL.2.0.0
2024-11-19 12:25:56,456 [ERROR] Engine:463 - C:\Users\thuyh\.stm32cubemx\thirdparties\pdsc\STMicroelectronics.FP-SNS-MOTENV1.5.0.0.pdsc: PDSC version is not supported
2024-11-19 12:25:56,456 [WARN] PackLoader:238 - Cannot read IP mode file for wolfSSL.I-CUBE-wolfMQTT.1.19.0
2024-11-19 12:25:56,472 [WARN] PackLoader:238 - Cannot read IP mode file for WES.I-CUBE-Cesium.1.3.0
2024-11-19 12:25:56,487 [WARN] PackLoader:238 - Cannot read IP mode file for STMicroelectronics.X-CUBE-BLE2.3.3.0
2024-11-19 12:25:56,503 [WARN] PackLoader:238 - Cannot read IP mode file for STMicroelectronics.X-CUBE-NFC9.1.0.0
2024-11-19 12:25:56,503 [ERROR] Engine:463 - C:\Users\thuyh\.stm32cubemx\thirdparties\pdsc\STMicroelectronics.X-CUBE-TCPP.4.1.0.pdsc: PDSC version is not supported
2024-11-19 12:25:56,550 [WARN] PackLoader:238 - Cannot read IP mode file for STMicroelectronics.X-CUBE-AZRTOS-G0.1.1.0
2024-11-19 12:25:56,565 [WARN] PackLoader:238 - Cannot read IP mode file for STMicroelectronics.X-CUBE-SAFEA1.1.2.2
2024-11-19 12:25:56,581 [WARN] PackLoader:238 - Cannot read IP mode file for STMicroelectronics.X-CUBE-NFC4.3.0.0
2024-11-19 12:25:56,597 [ERROR] Engine:463 - C:\Users\thuyh\.stm32cubemx\thirdparties\pdsc\EmbeddedOffice.I-CUBE-FS-RTOS.1.0.1.pdsc: PDSC version is not supported
2024-11-19 12:25:56,597 [ERROR] Engine:463 - C:\Users\thuyh\.stm32cubemx\thirdparties\pdsc\RealThread.X-CUBE-RT-Thread_Nano.4.1.1.pdsc: PDSC version is not supported
2024-11-19 12:25:56,597 [WARN] PackLoader:238 - Cannot read IP mode file for STMicroelectronics.FP-ATR-SIGFOX1.3.2.0
2024-11-19 12:25:56,612 [WARN] PackLoader:238 - Cannot read IP mode file for wolfSSL.I-CUBE-wolfSSL.5.7.2
2024-11-19 12:25:56,612 [ERROR] Engine:463 - C:\Users\thuyh\.stm32cubemx\thirdparties\pdsc\quantropi.X-CUBE-qispace-sdk-base.1.9.3.pdsc: PDSC version is not supported
2024-11-19 12:25:56,628 [WARN] PackLoader:238 - Cannot read IP mode file for STMicroelectronics.X-CUBE-EEPRMA1.5.1.0
2024-11-19 12:25:56,644 [ERROR] Engine:463 - C:\Users\thuyh\.stm32cubemx\thirdparties\pdsc\ITTIA_DB.I-CUBE-ITTIADB.8.9.0.pdsc: PDSC version is not supported
2024-11-19 12:25:56,722 [WARN] PackLoader:238 - Cannot read IP mode file for SEGGER.I-CUBE-embOS.1.3.1
2024-11-19 12:25:56,847 [WARN] PackLoader:238 - Cannot read IP mode file for STMicroelectronics.X-CUBE-ALGOBUILD.1.4.0
2024-11-19 12:25:56,863 [WARN] PackLoader:238 - Cannot read IP mode file for STMicroelectronics.X-CUBE-AI.9.1.0
2024-11-19 12:25:56,863 [WARN] PackLoader:238 - Cannot read IP mode file for STMicroelectronics.X-CUBE-GNSS1.6.0.0
2024-11-19 12:25:56,909 [WARN] PackLoader:238 - Cannot read IP mode file for STMicroelectronics.X-CUBE-AZRTOS-F4.1.1.0
2024-11-19 12:25:56,925 [WARN] PackLoader:238 - Cannot read IP mode file for STMicroelectronics.X-CUBE-ISPU.2.1.0
2024-11-19 12:25:56,925 [ERROR] Engine:463 - C:\Users\thuyh\.stm32cubemx\thirdparties\pdsc\STMicroelectronics.X-CUBE-FREERTOS.1.2.0.pdsc: PDSC version is not supported
2024-11-19 12:25:56,972 [WARN] PackLoader:238 - Cannot read IP mode file for STMicroelectronics.X-CUBE-AZRTOS-L5.2.0.0
2024-11-19 12:25:56,988 [WARN] PackLoader:238 - Cannot read IP mode file for STMicroelectronics.X-CUBE-NFC6.3.1.0
2024-11-19 12:25:57,003 [ERROR] Engine:463 - C:\Users\thuyh\.stm32cubemx\thirdparties\pdsc\STMicroelectronics.X-CUBE-DPower.1.2.0.pdsc: PDSC version is not supported
2024-11-19 12:25:57,019 [WARN] PackLoader:238 - Cannot read IP mode file for STMicroelectronics.X-CUBE-AI.9.0.0
2024-11-19 12:25:57,019 [WARN] PackLoader:238 - Cannot read IP mode file for STMicroelectronics.X-CUBE-NFC7.1.0.1
2024-11-19 12:25:57,081 [WARN] ConditionMgr:437 - getConditionDescription Invalid condition id : LAN8742 Phy interface Condition cause : null
2024-11-19 12:25:57,097 [WARN] PackLoader:238 - Cannot read IP mode file for STMicroelectronics.X-CUBE-AZRTOS-L4.2.0.0
2024-11-19 12:25:57,097 [WARN] ConditionMgr:1038 - genDependencies : Invalid condition id : LAN8742 Phy interface Condition cause : null
2024-11-19 12:25:57,097 [WARN] ConditionMgr:1038 - genDependencies : Invalid condition id : LAN8742 Phy interface Condition cause : null
2024-11-19 12:25:57,097 [WARN] ConditionMgr:1038 - genDependencies : Invalid condition id : LAN8742 Phy interface Condition cause : null
2024-11-19 12:25:57,113 [WARN] PackLoader:238 - Cannot read IP mode file for STMicroelectronics.X-CUBE-SFXS2LP1.4.0.0
2024-11-19 12:25:57,159 [WARN] PackLoader:238 - Cannot read IP mode file for STMicroelectronics.X-CUBE-AZRTOS-H7.3.3.0
2024-11-19 12:25:57,175 [ERROR] Engine:463 - C:\Users\thuyh\.stm32cubemx\thirdparties\pdsc\STMicroelectronics.X-CUBE-IPS.3.0.0.pdsc: PDSC version is not supported
2024-11-19 12:25:57,206 [WARN] ConditionMgr:437 - getConditionDescription Invalid condition id : UX DEVICE CLASS RTOS Condition cause : null
2024-11-19 12:25:57,206 [WARN] ConditionMgr:437 - getConditionDescription Invalid condition id : UX DEVICE CLASS RTOS Condition cause : null
2024-11-19 12:25:57,206 [WARN] PackLoader:238 - Cannot read IP mode file for STMicroelectronics.X-CUBE-AZRTOS-WB.2.0.0
2024-11-19 12:25:57,206 [WARN] ConditionMgr:1038 - genDependencies : Invalid condition id : UX DEVICE CLASS RTOS Condition cause : null
2024-11-19 12:25:57,206 [WARN] ConditionMgr:1038 - genDependencies : Invalid condition id : UX DEVICE CLASS RTOS Condition cause : null
2024-11-19 12:25:57,206 [WARN] ConditionMgr:1038 - genDependencies : Invalid condition id : UX DEVICE CLASS RTOS Condition cause : null
2024-11-19 12:25:57,206 [WARN] ConditionMgr:1038 - genDependencies : Invalid condition id : UX DEVICE CLASS RTOS Condition cause : null
2024-11-19 12:25:57,206 [WARN] ConditionMgr:1038 - genDependencies : Invalid condition id : UX DEVICE CLASS RTOS Condition cause : null
2024-11-19 12:25:57,222 [WARN] PackLoader:238 - Cannot read IP mode file for STMicroelectronics.X-CUBE-GNSS1.7.0.0
2024-11-19 12:25:57,222 [ERROR] Engine:463 - C:\Users\thuyh\.stm32cubemx\thirdparties\pdsc\STMicroelectronics.FP-SNS-STBOX1.2.0.0.pdsc: PDSC version is not supported
2024-11-19 12:25:57,253 [WARN] PackLoader:238 - Cannot read IP mode file for STMicroelectronics.X-CUBE-SUBG2.5.0.0
2024-11-19 12:25:57,269 [ERROR] Engine:463 - C:\Users\thuyh\.stm32cubemx\thirdparties\pdsc\Cesanta.I-CUBE-Mongoose.7.13.0.pdsc: PDSC version is not supported
2024-11-19 12:25:57,316 [WARN] PackLoader:238 - Cannot read IP mode file for STMicroelectronics.X-CUBE-AZRTOS-G4.2.0.0
2024-11-19 12:25:57,331 [WARN] PackLoader:238 - Cannot read IP mode file for STMicroelectronics.X-CUBE-ISPU.2.0.0
2024-11-19 12:25:57,331 [ERROR] Engine:463 - C:\Users\thuyh\.stm32cubemx\thirdparties\pdsc\STMicroelectronics.X-CUBE-ALS.1.0.2.pdsc: PDSC version is not supported
2024-11-19 12:25:57,347 [WARN] PackLoader:238 - Cannot read IP mode file for STMicroelectronics.X-CUBE-TOUCHGFX.4.24.0
2024-11-19 12:25:57,347 [WARN] PackLoader:238 - Cannot read IP mode file for STMicroelectronics.X-CUBE-TOUCHGFX.4.24.1
2024-11-19 12:25:57,347 [WARN] PackLoader:238 - Cannot read IP mode file for wolfSSL.I-CUBE-wolfTPM.3.4.0
2024-11-19 12:25:57,363 [WARN] PackLoader:238 - Cannot read IP mode file for portGmbH.I-Cube-SoM-uGOAL.1.1.0
2024-11-19 12:25:57,394 [WARN] PackLoader:238 - Cannot read IP mode file for STMicroelectronics.X-CUBE-AZRTOS-H7RS.1.0.0
2024-11-19 12:25:57,410 [WARN] PackLoader:238 - Cannot read IP mode file for STMicroelectronics.FP-ATR-ASTRA1.2.0.0
2024-11-19 12:25:57,410 [ERROR] Engine:463 - C:\Users\thuyh\.stm32cubemx\thirdparties\pdsc\STMicroelectronics.X-CUBE-TOF1.3.4.2.pdsc: PDSC version is not supported
2024-11-19 12:25:57,425 [ERROR] Engine:463 - C:\Users\thuyh\.stm32cubemx\thirdparties\pdsc\Infineon.AIROC-Wi-Fi-Bluetooth-STM32.1.6.1.pdsc: PDSC version is not supported
2024-11-19 12:25:57,425 [WARN] PackLoader:238 - Cannot read IP mode file for wolfSSL.I-CUBE-wolfSSH.1.4.17
2024-11-19 12:25:57,425 [INFO] ThirdParty:915 - Integrity check success = true
2024-11-19 12:25:57,425 [INFO] IntegrityCheckThread:94 - exiting critical section [integrity check]
2024-11-19 12:25:57,425 [INFO] IntegrityCheckThread:97 - End integrity checks thread
2024-11-19 12:25:57,425 [INFO] ThirdParty:815 - entering critical section [close project]
2024-11-19 12:25:57,425 [INFO] ThirdParty:825 - exiting critical section [close project]
2024-11-19 12:25:57,441 [INFO] PinOutPanel:1463 - setPackage(No Configuration,No Configuration)
2024-11-19 12:25:57,441 [INFO] UtilMem:74 - Begin LoadConfig() Used Memory: 836486984 Bytes (870318080)
2024-11-19 12:25:57,441 [INFO] MicroXplorer:448 - Change Database Path : 
2024-11-19 12:25:57,441 [INFO] MicroXplorer:478 - Change Database Version : DB.6.0.30
2024-11-19 12:25:57,441 [INFO] OpenFileManager:313 - Change cursor
2024-11-19 12:25:58,816 [INFO] Context:592 - Trying to add GPIOservice into a context  which must be forbidden
2024-11-19 12:25:59,378 [WARN] ApiManager:304 - Cannot register API 'Board Extension:NFC09A1' from pack STMicroelectronics.X-CUBE-NFC9.1.0.0: no header file found
2024-11-19 12:25:59,394 [WARN] ApiManager:304 - Cannot register API 'Board Extension:GNSS1A1' from pack STMicroelectronics.X-CUBE-GNSS1.6.0.0: no header file found
2024-11-19 12:25:59,394 [WARN] ApiManager:304 - Cannot register API 'Board Support:Custom' from pack STMicroelectronics.X-CUBE-GNSS1.6.0.0: no header file found
2024-11-19 12:25:59,394 [WARN] ApiManager:304 - Cannot register API 'Data Exchange:lib_gnss' from pack STMicroelectronics.X-CUBE-GNSS1.6.0.0: no header file found
2024-11-19 12:25:59,394 [WARN] ApiManager:304 - Cannot register API 'Wireless:STM32WB05N' from pack STMicroelectronics.X-CUBE-WB05N.1.1.0: no header file found
2024-11-19 12:25:59,410 [WARN] ApiManager:304 - Cannot register API 'Board Extension:GNSS1A1' from pack STMicroelectronics.X-CUBE-GNSS1.7.0.0: no header file found
2024-11-19 12:25:59,410 [WARN] ApiManager:304 - Cannot register API 'Board Support:Custom' from pack STMicroelectronics.X-CUBE-GNSS1.7.0.0: no header file found
2024-11-19 12:25:59,410 [WARN] ApiManager:304 - Cannot register API 'Data Exchange:lib_gnss' from pack STMicroelectronics.X-CUBE-GNSS1.7.0.0: no header file found
2024-11-19 12:25:59,425 [WARN] ApiManager:304 - Cannot register API 'Board Extension:NFC06A1' from pack STMicroelectronics.X-CUBE-NFC6.3.1.0: no header file found
2024-11-19 12:25:59,425 [WARN] ApiManager:304 - Cannot register API 'Board Extension:NFC08A1' from pack STMicroelectronics.X-CUBE-NFC6.3.1.0: no header file found
2024-11-19 12:25:59,941 [WARN] ApiManager:304 - Cannot register API 'Board Extension:IKS01A3' from pack STMicroelectronics.X-CUBE-MEMS1.11.0.0: no header file found
2024-11-19 12:25:59,941 [WARN] ApiManager:304 - Cannot register API 'Board Extension:IKS02A1' from pack STMicroelectronics.X-CUBE-MEMS1.11.0.0: no header file found
2024-11-19 12:25:59,941 [WARN] ApiManager:304 - Cannot register API 'Board Extension:IKS4A1' from pack STMicroelectronics.X-CUBE-MEMS1.11.0.0: no header file found
2024-11-19 12:25:59,956 [INFO] RtosManager:484 - Registered RTOS mode: class=CMSIS, group=RTOS, mode=CMSIS_V1, owner=FREERTOS
2024-11-19 12:25:59,956 [INFO] RtosManager:484 - Registered RTOS mode: class=CMSIS, group=RTOS2, mode=CMSIS_V2, owner=FREERTOS
2024-11-19 12:25:59,956 [INFO] RtosManager:484 - Registered RTOS mode: class=RTOS, group=Core, mode=CMSIS_V1, owner=FREERTOS
2024-11-19 12:25:59,956 [INFO] RtosManager:484 - Registered RTOS mode: class=RTOS, group=Core, mode=CMSIS_V2, owner=FREERTOS
2024-11-19 12:25:59,956 [WARN] ModelIntegratedComponent:181 - Missing modes for component STMicroelectronics:FreeRTOS:0.0.1:STMicroelectronics:RTOS:FreeRTOS:Core:::10.2.0:
2024-11-19 12:25:59,972 [WARN] ApiManager:304 - Cannot register API 'Board Extension:STSAFEA1' from pack STMicroelectronics.X-CUBE-SAFEA1.1.2.2: no header file found
2024-11-19 12:25:59,972 [WARN] ApiManager:304 - Cannot register API 'Board Part:STSAFEA110' from pack STMicroelectronics.X-CUBE-SAFEA1.1.2.2: no header file found
2024-11-19 12:25:59,972 [WARN] ApiManager:304 - Cannot register API 'Security:ST_Cryptolib' from pack STMicroelectronics.X-CUBE-SAFEA1.1.2.2: no header file found
2024-11-19 12:25:59,972 [WARN] ApiManager:304 - Cannot register API 'Security:MbedTLS' from pack STMicroelectronics.X-CUBE-SAFEA1.1.2.2: no header file found
2024-11-19 12:25:59,972 [WARN] ApiManager:304 - Cannot register API 'Board Extension:NFC04A1' from pack STMicroelectronics.X-CUBE-NFC4.3.0.0: no header file found
2024-11-19 12:25:59,972 [WARN] ApiManager:304 - Cannot register API 'Board Extension:S2868A1' from pack STMicroelectronics.X-CUBE-SUBG2.5.0.0: no header file found
2024-11-19 12:25:59,972 [WARN] ApiManager:304 - Cannot register API 'Board Extension:S2868A2' from pack STMicroelectronics.X-CUBE-SUBG2.5.0.0: no header file found
2024-11-19 12:25:59,972 [WARN] ApiManager:304 - Cannot register API 'Board Extension:S2915A1' from pack STMicroelectronics.X-CUBE-SUBG2.5.0.0: no header file found
2024-11-19 12:25:59,972 [WARN] ApiManager:304 - Cannot register API 'Wireless:BlueNRG-MS' from pack STMicroelectronics.X-CUBE-BLE1.7.0.0: no header file found
2024-11-19 12:25:59,972 [WARN] ApiManager:304 - Cannot register API 'Board Extension:NFC10A1' from pack STMicroelectronics.X-CUBE-NFC10.1.0.0: no header file found
2024-11-19 12:25:59,988 [WARN] ApiManager:304 - Cannot register API 'Board Extension:EEPRMA2' from pack STMicroelectronics.X-CUBE-EEPRMA1.5.1.0: no header file found
2024-11-19 12:25:59,988 [WARN] ApiManager:304 - Cannot register API 'Board Extension:PGEEZ1' from pack STMicroelectronics.X-CUBE-EEPRMA1.5.1.0: no header file found
2024-11-19 12:25:59,988 [WARN] ApiManager:304 - Cannot register API 'Board Extension:EEICA1' from pack STMicroelectronics.X-CUBE-EEPRMA1.5.1.0: no header file found
2024-11-19 12:25:59,988 [WARN] ApiManager:304 - Cannot register API 'Board Part:M24' from pack STMicroelectronics.X-CUBE-EEPRMA1.5.1.0: no header file found
2024-11-19 12:25:59,988 [WARN] ApiManager:304 - Cannot register API 'Board Part:M95' from pack STMicroelectronics.X-CUBE-EEPRMA1.5.1.0: no header file found
2024-11-19 12:25:59,988 [WARN] ApiManager:304 - Cannot register API 'Board Part:M95P32' from pack STMicroelectronics.X-CUBE-EEPRMA1.5.1.0: no header file found
2024-11-19 12:25:59,988 [WARN] ApiManager:304 - Cannot register API 'Board Part:M24256E-F' from pack STMicroelectronics.X-CUBE-EEPRMA1.5.1.0: no header file found
2024-11-19 12:25:59,988 [WARN] ApiManager:304 - Cannot register API 'Board Part:M24M01E-F' from pack STMicroelectronics.X-CUBE-EEPRMA1.5.1.0: no header file found
2024-11-19 12:25:59,988 [WARN] ApiManager:304 - Cannot register API 'PGEEZ1:SPI' from pack STMicroelectronics.X-CUBE-EEPRMA1.5.1.0: no header file found
2024-11-19 12:25:59,988 [WARN] ApiManager:304 - Cannot register API 'PGEEZ1:QDSPI' from pack STMicroelectronics.X-CUBE-EEPRMA1.5.1.0: no header file found
2024-11-19 12:25:59,988 [WARN] ModelIntegratedComponent:60 - No mode defined for component null
2024-11-19 12:25:59,988 [WARN] ModelIntegratedComponent:60 - No mode defined for component null
2024-11-19 12:25:59,988 [WARN] ModelIntegratedComponent:60 - No mode defined for component null
2024-11-19 12:25:59,988 [WARN] ModelIntegratedComponent:60 - No mode defined for component null
2024-11-19 12:25:59,988 [WARN] ModelIntegratedComponent:60 - No mode defined for component null
2024-11-19 12:25:59,988 [WARN] ModelIntegratedComponent:60 - No mode defined for component null
2024-11-19 12:25:59,988 [WARN] ModelIntegratedComponent:60 - No mode defined for component null
2024-11-19 12:25:59,988 [WARN] ModelIntegratedComponent:60 - No mode defined for component null
2024-11-19 12:25:59,988 [WARN] ModelIntegratedComponent:60 - No mode defined for component null
2024-11-19 12:25:59,988 [WARN] ModelIntegratedComponent:60 - No mode defined for component null
2024-11-19 12:25:59,988 [WARN] ModelIntegratedComponent:60 - No mode defined for component null
2024-11-19 12:25:59,988 [WARN] ModelIntegratedComponent:60 - No mode defined for component null
2024-11-19 12:25:59,988 [WARN] ModelIntegratedComponent:60 - No mode defined for component null
2024-11-19 12:25:59,988 [WARN] ModelIntegratedComponent:60 - No mode defined for component null
2024-11-19 12:25:59,988 [WARN] ModelIntegratedComponent:60 - No mode defined for component null
2024-11-19 12:25:59,988 [WARN] ModelIntegratedComponent:60 - No mode defined for component null
2024-11-19 12:25:59,988 [WARN] ModelIntegratedComponent:60 - No mode defined for component null
2024-11-19 12:25:59,988 [WARN] ModelIntegratedComponent:60 - No mode defined for component null
2024-11-19 12:25:59,988 [WARN] ModelIntegratedComponent:60 - No mode defined for component null
2024-11-19 12:25:59,988 [WARN] ModelIntegratedComponent:60 - No mode defined for component null
2024-11-19 12:25:59,988 [WARN] ModelIntegratedComponent:60 - No mode defined for component null
2024-11-19 12:25:59,988 [WARN] ModelIntegratedComponent:60 - No mode defined for component null
2024-11-19 12:25:59,988 [WARN] ModelIntegratedComponent:60 - No mode defined for component null
2024-11-19 12:25:59,988 [WARN] ModelIntegratedComponent:60 - No mode defined for component null
2024-11-19 12:25:59,988 [WARN] ModelIntegratedComponent:60 - No mode defined for component null
2024-11-19 12:25:59,988 [WARN] ModelIntegratedComponent:60 - No mode defined for component null
2024-11-19 12:25:59,988 [WARN] ModelIntegratedComponent:60 - No mode defined for component null
2024-11-19 12:25:59,988 [WARN] ModelIntegratedComponent:60 - No mode defined for component null
2024-11-19 12:25:59,988 [WARN] ModelIntegratedComponent:60 - No mode defined for component null
2024-11-19 12:25:59,988 [WARN] ModelIntegratedComponent:60 - No mode defined for component null
2024-11-19 12:25:59,988 [WARN] ModelIntegratedComponent:60 - No mode defined for component null
2024-11-19 12:25:59,988 [WARN] ApiManager:304 - Cannot register API 'Board Extension:NFC07A1' from pack STMicroelectronics.X-CUBE-NFC7.1.0.1: no header file found
2024-11-19 12:26:00,003 [WARN] ApiManager:304 - Cannot register API 'Board Extension:S2868A1' from pack STMicroelectronics.X-CUBE-SFXS2LP1.4.0.0: no header file found
2024-11-19 12:26:00,003 [WARN] ApiManager:304 - Cannot register API 'Board Extension:S2868A2' from pack STMicroelectronics.X-CUBE-SFXS2LP1.4.0.0: no header file found
2024-11-19 12:26:00,003 [WARN] ApiManager:304 - Cannot register API 'Board Extension:S2915A1' from pack STMicroelectronics.X-CUBE-SFXS2LP1.4.0.0: no header file found
2024-11-19 12:26:00,003 [WARN] ApiManager:304 - Cannot register API 'Wireless:BlueNRG-2' from pack STMicroelectronics.X-CUBE-BLE2.3.3.0: no header file found
2024-11-19 12:26:05,674 [INFO] UtilMem:74 - End LoadConfig() Used Memory: 811799064 Bytes (870318080)
2024-11-19 12:26:05,674 [INFO] DbMcusXml:100 - Load MCU database from C:\Users\thuyh\STM32CubeIDE_1.7.0\STM32CubeIDE\plugins\com.st.stm32cube.common.mx_6.3.0.202107141111\\db\/mcu/families.xml
2024-11-19 12:26:07,642 [INFO] DbMcusJson:93 - JSON generation date=Tue Nov 16 23:17:54 ICT 2021 (1637079474)
2024-11-19 12:26:09,267 [INFO] DbMcus:175 - Found 1951 MCUs (1903 are supported by CubeMX, 1914 are visible in CubeMX)
2024-11-19 12:26:09,267 [INFO] ApiDb:251 - Load user favorites file C:\Users\thuyh/.stm32cubeide/favorites.mcus.txt: 0 item(s)
2024-11-19 12:26:09,267 [INFO] ApiDb:255 - User favorites MCUs=[]
2024-11-19 12:26:09,267 [INFO] DbMcus:187 - Set 0 / 0 favorites MCUs
2024-11-19 12:26:09,267 [WARN] ThirdParty:779 - waiting for thirdparty lock release [change project]
2024-11-19 12:26:09,267 [INFO] ThirdParty:781 - entering critical section [change project]
2024-11-19 12:26:09,267 [INFO] ThirdParty:967 - CMSIS Pack Vendor :STMicroelectronics X-CUBE-AZRTOS-H7 3.3.0
2024-11-19 12:26:09,267 [INFO] ThirdParty:967 - CMSIS Pack Vendor :STMicroelectronics X-CUBE-NFC9 1.0.0
2024-11-19 12:26:09,267 [INFO] ThirdParty:967 - CMSIS Pack Vendor :STMicroelectronics X-CUBE-GNSS1 6.0.0
2024-11-19 12:26:09,267 [INFO] ThirdParty:967 - CMSIS Pack Vendor :STMicroelectronics USB_HOST 2.0.0
2024-11-19 12:26:09,267 [INFO] ThirdParty:967 - CMSIS Pack Vendor :STMicroelectronics X-CUBE-AZRTOS-F4 1.1.0
2024-11-19 12:26:09,267 [INFO] ThirdParty:967 - CMSIS Pack Vendor :STMicroelectronics FP-ATR-ASTRA1 2.0.1
2024-11-19 12:26:09,267 [INFO] ThirdParty:967 - CMSIS Pack Vendor :STMicroelectronics X-CUBE-WB05N 1.1.0
2024-11-19 12:26:09,267 [INFO] ThirdParty:967 - CMSIS Pack Vendor :STMicroelectronics USB_DEVICE 3.0.0
2024-11-19 12:26:09,267 [INFO] ThirdParty:967 - CMSIS Pack Vendor :STMicroelectronics X-CUBE-ISPU 2.1.0
2024-11-19 12:26:09,267 [INFO] ThirdParty:967 - CMSIS Pack Vendor :STMicroelectronics X-CUBE-AZRTOS-WB 2.0.0
2024-11-19 12:26:09,267 [INFO] ThirdParty:967 - CMSIS Pack Vendor :STMicroelectronics X-CUBE-GNSS1 7.0.0
2024-11-19 12:26:09,267 [INFO] ThirdParty:967 - CMSIS Pack Vendor :STMicroelectronics X-CUBE-AZRTOS-F7 1.1.0
2024-11-19 12:26:09,267 [INFO] ThirdParty:967 - CMSIS Pack Vendor :STMicroelectronics X-CUBE-AZRTOS-L5 2.0.0
2024-11-19 12:26:09,267 [INFO] ThirdParty:967 - CMSIS Pack Vendor :STMicroelectronics USB_DEVICE 2.0.0
2024-11-19 12:26:09,267 [INFO] ThirdParty:967 - CMSIS Pack Vendor :STMicroelectronics X-CUBE-NFC6 3.1.0
2024-11-19 12:26:09,267 [INFO] ThirdParty:967 - CMSIS Pack Vendor :STMicroelectronics X-CUBE-MEMS1 11.0.0
2024-11-19 12:26:09,267 [INFO] ThirdParty:967 - CMSIS Pack Vendor :STMicroelectronics FreeRTOS 0.0.1
2024-11-19 12:26:09,267 [INFO] ThirdParty:967 - CMSIS Pack Vendor :STMicroelectronics X-CUBE-AZRTOS-G0 1.1.0
2024-11-19 12:26:09,267 [INFO] ThirdParty:967 - CMSIS Pack Vendor :STMicroelectronics X-CUBE-SAFEA1 1.2.2
2024-11-19 12:26:09,267 [INFO] ThirdParty:967 - CMSIS Pack Vendor :STMicroelectronics X-CUBE-NFC4 3.0.0
2024-11-19 12:26:09,267 [INFO] ThirdParty:967 - CMSIS Pack Vendor :STMicroelectronics X-CUBE-SUBG2 5.0.0
2024-11-19 12:26:09,267 [INFO] ThirdParty:967 - CMSIS Pack Vendor :STMicroelectronics lwIP 2.0.3
2024-11-19 12:26:09,267 [INFO] ThirdParty:967 - CMSIS Pack Vendor :STMicroelectronics USB_HOST 1.0.0
2024-11-19 12:26:09,267 [INFO] ThirdParty:967 - CMSIS Pack Vendor :STMicroelectronics X-CUBE-AI 9.0.0
2024-11-19 12:26:09,267 [INFO] ThirdParty:967 - CMSIS Pack Vendor :STMicroelectronics X-CUBE-AZRTOS-G4 2.0.0
2024-11-19 12:26:09,267 [INFO] ThirdParty:967 - CMSIS Pack Vendor :STMicroelectronics PDM2PCM 3.1.0
2024-11-19 12:26:09,267 [INFO] ThirdParty:967 - CMSIS Pack Vendor :STMicroelectronics PDM2PCM 3.3.0
2024-11-19 12:26:09,267 [INFO] ThirdParty:967 - CMSIS Pack Vendor :STMicroelectronics X-CUBE-BLE1 7.0.0
2024-11-19 12:26:09,267 [INFO] ThirdParty:967 - CMSIS Pack Vendor :STMicroelectronics FP-ATR-SIGFOX1 3.2.0
2024-11-19 12:26:09,267 [INFO] ThirdParty:967 - CMSIS Pack Vendor :STMicroelectronics X-CUBE-NFC10 1.0.0
2024-11-19 12:26:09,267 [INFO] ThirdParty:967 - CMSIS Pack Vendor :wolfSSL I-CUBE-wolfSSL 5.7.2
2024-11-19 12:26:09,267 [INFO] ThirdParty:967 - CMSIS Pack Vendor :STMicroelectronics X-CUBE-ISPU 2.0.0
2024-11-19 12:26:09,267 [INFO] ThirdParty:967 - CMSIS Pack Vendor :STMicroelectronics X-CUBE-EEPRMA1 5.1.0
2024-11-19 12:26:09,267 [INFO] ThirdParty:967 - CMSIS Pack Vendor :STMicroelectronics HAL Drivers 0.0.0
2024-11-19 12:26:09,283 [INFO] ThirdParty:967 - CMSIS Pack Vendor :STMicroelectronics MBEDTLS 2.16.2
2024-11-19 12:26:09,283 [INFO] ThirdParty:967 - CMSIS Pack Vendor :STMicroelectronics X-CUBE-NFC7 1.0.1
2024-11-19 12:26:09,283 [INFO] ThirdParty:967 - CMSIS Pack Vendor :STMicroelectronics MBEDTLS 2.14.1
2024-11-19 12:26:09,283 [INFO] ThirdParty:967 - CMSIS Pack Vendor :STMicroelectronics X-CUBE-TOUCHGFX 4.24.0
2024-11-19 12:26:09,283 [INFO] ThirdParty:967 - CMSIS Pack Vendor :STMicroelectronics X-CUBE-TOUCHGFX 4.24.1
2024-11-19 12:26:09,283 [INFO] ThirdParty:967 - CMSIS Pack Vendor :wolfSSL I-CUBE-wolfTPM 3.4.0
2024-11-19 12:26:09,283 [INFO] ThirdParty:967 - CMSIS Pack Vendor :portGmbH I-Cube-SoM-uGOAL 1.1.0
2024-11-19 12:26:09,283 [INFO] ThirdParty:967 - CMSIS Pack Vendor :STMicroelectronics X-CUBE-AZRTOS-WL 2.0.0
2024-11-19 12:26:09,283 [INFO] ThirdParty:967 - CMSIS Pack Vendor :SEGGER I-CUBE-embOS 1.3.1
2024-11-19 12:26:09,283 [INFO] ThirdParty:967 - CMSIS Pack Vendor :STMicroelectronics X-CUBE-ALGOBUILD 1.4.0
2024-11-19 12:26:09,283 [INFO] ThirdParty:967 - CMSIS Pack Vendor :STMicroelectronics USB_DEVICE 1.0.0
2024-11-19 12:26:09,283 [INFO] ThirdParty:967 - CMSIS Pack Vendor :STMicroelectronics X-CUBE-AZRTOS-H7RS 1.0.0
2024-11-19 12:26:09,283 [INFO] ThirdParty:967 - CMSIS Pack Vendor :wolfSSL I-CUBE-wolfMQTT 1.19.0
2024-11-19 12:26:09,283 [INFO] ThirdParty:967 - CMSIS Pack Vendor :STMicroelectronics X-CUBE-AZRTOS-L4 2.0.0
2024-11-19 12:26:09,283 [INFO] ThirdParty:967 - CMSIS Pack Vendor :STMicroelectronics ThreadX 0.0.2
2024-11-19 12:26:09,283 [INFO] ThirdParty:967 - CMSIS Pack Vendor :WES I-CUBE-Cesium 1.3.0
2024-11-19 12:26:09,283 [INFO] ThirdParty:967 - CMSIS Pack Vendor :STMicroelectronics FP-ATR-ASTRA1 2.0.0
2024-11-19 12:26:09,283 [INFO] ThirdParty:967 - CMSIS Pack Vendor :STMicroelectronics lwIP 2.1.2
2024-11-19 12:26:09,283 [INFO] ThirdParty:967 - CMSIS Pack Vendor :STMicroelectronics X-CUBE-SFXS2LP1 4.0.0
2024-11-19 12:26:09,283 [INFO] ThirdParty:967 - CMSIS Pack Vendor :STMicroelectronics X-CUBE-BLE2 3.3.0
2024-11-19 12:26:09,283 [INFO] ThirdParty:967 - CMSIS Pack Vendor :STMicroelectronics X-CUBE-AI 9.1.0
2024-11-19 12:26:09,283 [INFO] ThirdParty:967 - CMSIS Pack Vendor :STMicroelectronics PDM2PCM 3.2.0
2024-11-19 12:26:09,283 [INFO] ThirdParty:967 - CMSIS Pack Vendor :wolfSSL I-CUBE-wolfSSH 1.4.17
2024-11-19 12:26:09,283 [INFO] ThirdParty:787 - exiting critical section [change project]
2024-11-19 12:26:09,876 [INFO] PinOutPanel:1463 - setPackage(No Configuration,No Configuration)
2024-11-19 12:26:09,876 [INFO] PinOutPanel:1463 - setPackage(STM32F103C6Tx,LQFP48)
2024-11-19 12:26:10,626 [INFO] UtilMem:74 - Before build in PCC Used Memory: 990806568 Bytes (1040187392)
2024-11-19 12:26:11,798 [INFO] UtilMem:74 - After build in PCC Used Memory: 974576800 Bytes (1040187392)
2024-11-19 12:26:11,845 [INFO] IPUIPlugin:74 - create IPUIPlugin
2024-11-19 12:26:11,860 [INFO] IPUIPlugin:74 - create IPUIPlugin
2024-11-19 12:26:11,860 [INFO] IPUIPlugin:74 - create IPUIPlugin
2024-11-19 12:26:11,860 [INFO] IPUIPlugin:74 - create IPUIPlugin
2024-11-19 12:26:11,860 [INFO] IPUIPlugin:74 - create IPUIPlugin
2024-11-19 12:26:11,860 [INFO] IPUIPlugin:74 - create IPUIPlugin
2024-11-19 12:26:11,860 [INFO] IPUIPlugin:74 - create IPUIPlugin
2024-11-19 12:26:11,860 [INFO] IPUIPlugin:74 - create IPUIPlugin
2024-11-19 12:26:11,860 [INFO] IPUIPlugin:74 - create IPUIPlugin
2024-11-19 12:26:11,860 [INFO] IPUIPlugin:74 - create IPUIPlugin
2024-11-19 12:26:11,860 [INFO] IPUIPlugin:74 - create IPUIPlugin
2024-11-19 12:26:11,860 [INFO] IPUIPlugin:74 - create IPUIPlugin
2024-11-19 12:26:11,860 [INFO] IPUIPlugin:74 - create IPUIPlugin
2024-11-19 12:26:11,860 [INFO] IPUIPlugin:74 - create IPUIPlugin
2024-11-19 12:26:11,860 [INFO] IPUIPlugin:74 - create IPUIPlugin
2024-11-19 12:26:11,860 [INFO] IPUIPlugin:74 - create IPUIPlugin
2024-11-19 12:26:11,860 [INFO] IPUIPlugin:74 - create IPUIPlugin
2024-11-19 12:26:11,860 [INFO] IPUIPlugin:74 - create IPUIPlugin
2024-11-19 12:26:11,860 [INFO] IPUIPlugin:74 - create IPUIPlugin
2024-11-19 12:26:11,860 [INFO] IPUIPlugin:74 - create IPUIPlugin
2024-11-19 12:26:11,860 [INFO] IPUIPlugin:74 - create IPUIPlugin
2024-11-19 12:26:11,860 [INFO] IPUIPlugin:74 - create IPUIPlugin
2024-11-19 12:26:11,876 [INFO] IPUIPlugin:74 - create IPUIPlugin
2024-11-19 12:26:12,126 [INFO] OpenFileManager:333 - Restore cursor
